longitude,latitude,number_of_vehicles,number_of_casualties,day_of_week,road_type,speed_limit,junction_detail,junction_control,light_conditions,weather_conditions,road_surface_conditions,urban_or_rural_area,month,time_period,casualties_per_vehicle,has_second_road,second_road_unknown,first_road_class_ordinal,second_road_class_ordinal
-0.12724,51.50649,1,1,7,9,30,,9.0,1.0,2,2.0,1,2,Afternoon,1.0,1,0,4,1
-0.17929,51.46605,1,1,4,6,20,13.0,4.0,4.0,8,2.0,1,2,Evening,1.0,1,0,4,1
-0.07441,52.56161,2,1,5,6,30,16.0,4.0,1.0,1,1.0,2,6,Afternoon,0.5,1,0,4,1
-0.5104,50.81763,2,3,6,6,30,18.0,4.0,4.0,1,1.0,1,5,Evening,1.5,1,0,3,1
-1.3653,52.60562,2,1,7,6,50,18.0,4.0,1.0,1,2.0,2,2,Afternoon,0.5,1,0,4,1
0.29941,51.4775,1,1,6,6,30,0.0,,1.0,1,1.0,1,8,Morning,1.0,1,0,4,1
-1.06068,52.66716,2,2,6,6,60,0.0,,1.0,1,1.0,2,6,Evening,1.0,0,1,1,0
0.28734,51.77467,1,1,2,6,60,0.0,,1.0,1,1.0,2,5,Afternoon,1.0,1,0,3,1
-1.14916,50.8024,1,1,7,6,30,13.0,4.0,4.0,1,1.0,1,2,Night,1.0,1,0,1,1
-0.37361,53.72845,2,1,2,7,60,,4.0,1.0,1,1.0,1,5,Evening,0.5,1,0,4,4
-2.65536,53.51957,2,1,7,6,30,16.0,4.0,1.0,1,1.0,1,5,Morning,0.5,1,0,1,1
-0.4449,52.78986,1,1,4,6,60,0.0,,1.0,1,1.0,2,3,Afternoon,1.0,0,0,4,0
-0.0561,51.55907,2,1,3,9,20,,2.0,7.0,9,9.0,1,11,Afternoon,0.5,1,0,4,1
-2.23524,51.86568,2,3,2,6,30,13.0,4.0,1.0,1,1.0,1,7,Afternoon,1.5,1,0,1,1
-2.11827,51.46075,2,1,6,6,30,13.0,2.0,1.0,1,1.0,1,12,Morning,0.5,1,0,2,2
-1.45372,53.7288,3,2,7,3,70,0.0,,1.0,1,1.0,2,9,Morning,0.6666666666666666,1,0,6,6
-0.12726,52.33662,2,1,4,6,40,0.0,,6.0,1,1.0,2,2,Evening,0.5,1,0,4,1
0.1538,51.5444,2,1,6,9,30,16.0,4.0,1.0,1,1.0,1,5,Morning,0.5,1,0,1,1
-0.17598,51.64964,1,1,2,6,30,0.0,,4.0,1,1.0,1,12,Afternoon,1.0,0,0,4,0
-2.20343,52.99289,3,1,1,6,30,0.0,,4.0,8,2.0,1,12,Afternoon,0.3333333333333333,1,0,1,1
-2.44657,53.75706,1,1,2,3,40,0.0,,1.0,1,2.0,1,3,Morning,1.0,1,0,4,1
0.51989,52.23075,2,1,2,6,30,0.0,,1.0,1,1.0,2,10,Afternoon,0.5,1,0,1,1
-1.16109,50.72986,2,1,1,2,30,16.0,4.0,4.0,1,1.0,1,4,Night,0.5,1,0,4,4
-1.15137,52.95478,1,1,7,2,20,0.0,,1.0,1,1.0,1,7,Evening,1.0,1,0,1,4
-2.81638,55.95449,2,1,4,1,60,,4.0,1.0,1,1.0,2,7,Evening,0.5,1,0,4,4
0.2914,50.79903,2,1,3,1,70,,4.0,1.0,1,2.0,2,5,Morning,0.5,1,0,4,4
-1.00832,51.44239,2,1,1,6,30,13.0,4.0,4.0,1,1.0,1,1,Afternoon,0.5,1,0,1,1
-3.66561,50.4327,2,1,7,6,40,0.0,,6.0,1,2.0,2,10,Evening,0.5,0,1,4,0
0.00154,51.51088,2,1,3,1,20,0.0,,5.0,1,1.0,1,12,Evening,0.5,0,0,4,0
-0.6708,54.47901,1,4,4,6,60,0.0,,6.0,1,2.0,2,11,Evening,4.0,0,0,1,0
-2.59433,51.44093,2,1,4,6,20,0.0,,1.0,1,1.0,1,10,Afternoon,0.5,0,0,1,0
-0.16829,51.55375,2,1,3,6,20,13.0,4.0,1.0,9,9.0,1,8,Afternoon,0.5,1,0,3,1
-0.41798,51.873,1,1,6,6,30,0.0,,1.0,1,2.0,1,3,Afternoon,1.0,1,0,1,1
-0.20735,51.58887,2,1,7,3,50,0.0,,1.0,1,2.0,1,4,Morning,0.5,0,0,4,0
-0.54107,51.42855,3,1,3,3,70,0.0,,4.0,1,1.0,1,10,Morning,0.3333333333333333,0,1,6,0
-3.3969,51.75004,2,1,7,1,30,0.0,4.0,1.0,1,1.0,2,1,Afternoon,0.5,1,0,4,4
-1.44534,50.92183,2,1,4,6,30,18.0,4.0,1.0,2,2.0,1,1,Morning,0.5,1,0,1,1
-2.96512,57.67599,1,4,7,6,30,0.0,,4.0,1,1.0,1,9,Night,4.0,1,0,1,1
-3.03876,53.863,1,2,7,6,30,0.0,,1.0,1,1.0,1,5,Morning,2.0,1,0,4,1
-1.94193,50.74673,2,1,4,6,30,0.0,,1.0,1,1.0,1,7,Afternoon,0.5,0,0,3,0
-1.18084,50.83871,3,2,2,6,30,0.0,,4.0,1,1.0,1,1,Evening,0.6666666666666666,0,0,4,0
-1.33633,52.344,2,1,3,6,50,13.0,4.0,1.0,2,2.0,2,10,Afternoon,0.5,1,0,4,4
-3.00246,53.64072,2,1,3,1,30,0.0,4.0,4.0,2,2.0,1,1,Afternoon,0.5,1,0,1,1
-0.40118,51.51625,2,1,2,1,40,0.0,2.0,1.0,1,1.0,1,4,Afternoon,0.5,1,0,4,4
-0.14758,51.45069,2,1,6,9,20,,9.0,1.0,1,1.0,1,5,Evening,0.5,1,0,4,1
0.96841,52.53831,1,1,1,6,40,0.0,,6.0,1,1.0,2,1,Night,1.0,0,1,3,0
-3.54606,55.86311,1,1,2,6,40,0.0,,4.0,2,2.0,1,8,Evening,1.0,1,0,4,1
-2.99667,51.59472,2,1,7,1,30,0.0,2.0,4.0,1,1.0,1,10,Evening,0.5,1,0,4,3
-1.99784,52.47163,2,1,3,3,40,16.0,2.0,4.0,1,1.0,1,1,Evening,0.5,1,0,4,1
-0.86355,52.26633,1,1,4,6,30,13.0,4.0,1.0,1,1.0,1,3,Afternoon,1.0,1,0,4,1
-0.9301,53.99107,1,1,1,6,60,13.0,4.0,1.0,1,1.0,2,3,Afternoon,1.0,1,0,4,1
-0.9428,51.43575,1,1,4,6,30,0.0,,4.0,1,1.0,1,5,Evening,1.0,0,0,1,0
-0.03264,51.61204,2,5,1,1,30,0.0,,4.0,1,1.0,2,9,Evening,2.5,0,0,4,0
-2.09595,52.6203,1,1,4,6,30,0.0,,1.0,1,1.0,1,3,Afternoon,1.0,1,0,1,1
-2.22632,53.46722,2,1,1,6,30,0.0,,1.0,1,1.0,1,7,Afternoon,0.5,1,0,1,1
-1.20068,53.53718,2,1,2,3,70,0.0,,1.0,1,1.0,2,6,Morning,0.5,0,1,4,0
-1.49515,50.98709,2,1,5,6,30,0.0,4.0,1.0,1,2.0,1,2,Morning,0.5,1,0,4,3
-0.13033,53.5645,2,2,5,6,30,0.0,,1.0,2,2.0,2,4,Afternoon,1.0,0,1,4,0
-2.67518,53.69023,2,1,7,6,40,0.0,,1.0,1,1.0,1,5,Afternoon,0.5,0,1,4,0
0.07958,51.54401,2,1,1,6,30,19.0,4.0,4.0,5,2.0,1,1,Afternoon,0.5,1,0,1,1
-0.12415,51.48542,1,1,5,6,20,0.0,,1.0,9,1.0,1,7,Afternoon,1.0,0,0,4,0
-2.94225,53.38794,2,1,3,1,20,0.0,4.0,1.0,1,1.0,1,12,Morning,0.5,1,0,1,1
1.29203,52.63522,2,1,2,1,30,,4.0,1.0,1,1.0,1,4,Morning,0.5,1,0,4,1
-2.87633,53.78134,1,1,2,6,20,0.0,,4.0,4,2.0,1,1,Evening,1.0,1,0,1,1
-0.44539,51.54606,2,1,4,6,30,18.0,4.0,1.0,1,1.0,1,6,Afternoon,0.5,1,0,1,1
-2.787,53.46377,2,1,7,6,60,0.0,,1.0,1,1.0,2,8,Afternoon,0.5,0,0,1,0
-1.69711,53.67918,2,2,6,6,30,19.0,4.0,1.0,3,4.0,1,11,Morning,1.0,1,0,1,1
-1.18953,53.00315,3,1,7,6,20,0.0,,1.0,1,1.0,1,4,Afternoon,0.3333333333333333,1,0,1,1
-1.80048,53.87392,2,1,2,6,60,13.0,4.0,1.0,1,1.0,2,6,Morning,0.5,1,0,1,1
-0.75319,51.2956,2,1,6,6,30,18.0,4.0,1.0,1,1.0,1,4,Afternoon,0.5,1,0,4,1
0.9583,51.11687,2,1,3,6,60,16.0,4.0,6.0,1,1.0,2,11,Afternoon,0.5,1,0,1,4
1.27944,52.65266,1,1,3,6,30,13.0,2.0,1.0,1,1.0,1,4,Morning,1.0,1,0,4,1
-1.06239,50.80056,1,1,4,6,30,16.0,4.0,1.0,1,1.0,1,10,Morning,1.0,1,0,4,1
-0.36469,51.64461,2,1,6,6,30,13.0,4.0,1.0,1,1.0,1,6,Afternoon,0.5,1,0,4,1
-0.24495,52.59603,2,1,7,6,30,13.0,4.0,4.0,2,2.0,1,2,Evening,0.5,1,0,1,1
-0.05867,51.42283,3,2,4,6,30,13.0,4.0,1.0,1,1.0,1,2,Morning,0.6666666666666666,1,0,2,1
-0.46029,51.65904,2,2,4,6,60,0.0,,6.0,1,2.0,2,1,Evening,1.0,0,1,1,0
-0.78005,53.09418,2,1,4,1,60,,4.0,1.0,2,2.0,2,9,Afternoon,0.5,1,0,4,1
-3.32773,50.90611,2,1,3,6,30,19.0,4.0,1.0,1,1.0,2,9,Afternoon,0.5,1,0,3,1
-1.50903,53.40786,1,1,6,6,30,0.0,,4.0,8,2.0,1,12,Evening,1.0,1,0,1,1
-2.92398,53.28637,2,1,3,1,30,0.0,4.0,1.0,1,1.0,1,3,Morning,0.5,1,0,3,3
-0.16845,51.40089,1,1,4,6,30,13.0,4.0,1.0,9,9.0,1,2,Morning,1.0,1,0,4,4
-1.8852,52.61045,2,1,1,6,30,13.0,4.0,1.0,2,2.0,2,5,Morning,0.5,1,0,4,1
0.09418,52.1833,1,1,1,6,20,0.0,,4.0,1,1.0,2,12,Evening,1.0,0,1,1,0
-1.38024,52.50456,3,1,5,3,70,0.0,,1.0,1,1.0,2,8,Afternoon,0.3333333333333333,0,1,6,0
-1.15942,52.96183,2,1,2,6,30,0.0,,1.0,1,1.0,1,12,Morning,0.5,1,0,1,1
-0.0635,51.7936,2,1,4,3,40,19.0,4.0,1.0,1,1.0,1,8,Morning,0.5,1,0,4,1
-0.01766,51.44824,2,1,4,6,20,13.0,4.0,1.0,1,1.0,1,1,Afternoon,0.5,1,0,4,1
-0.94406,52.19277,1,1,4,3,70,0.0,,5.0,1,1.0,2,10,Evening,1.0,0,1,4,0
-3.51361,50.72297,2,1,5,6,30,13.0,4.0,4.0,1,1.0,1,2,Afternoon,0.5,1,0,3,1
-3.19275,52.73235,2,2,6,6,60,0.0,,1.0,1,1.0,2,9,Morning,1.0,1,0,4,1
-4.21025,50.88107,2,3,3,6,60,0.0,,1.0,2,4.0,2,1,Morning,1.5,1,0,1,1
0.3491,50.82439,1,1,2,6,60,0.0,,1.0,1,1.0,2,9,Afternoon,1.0,0,1,4,0
-0.10437,51.51418,2,1,2,6,20,16.0,2.0,4.0,1,1.0,1,11,Evening,0.5,1,0,4,1
0.07824,51.55352,2,1,2,9,20,,9.0,4.0,9,9.0,1,8,Evening,0.5,1,0,1,1
-3.48735,55.89094,3,1,2,6,40,0.0,,4.0,1,1.0,1,12,Afternoon,0.3333333333333333,1,0,3,1
0.11174,52.23762,2,1,4,6,40,0.0,,1.0,1,1.0,1,4,Morning,0.5,1,0,3,1
-0.11275,51.47228,2,1,3,6,20,13.0,4.0,4.0,1,2.0,1,12,Morning,0.5,1,0,4,1
-3.91391,51.67762,2,1,3,7,50,0.0,4.0,4.0,1,1.0,2,2,Evening,0.5,1,0,6,4
-0.87476,52.24243,1,1,3,6,30,16.0,4.0,1.0,1,1.0,1,7,Afternoon,1.0,1,0,4,1
-2.55519,53.33901,5,1,6,3,70,0.0,,1.0,1,1.0,2,4,Afternoon,0.2,0,0,6,0
-0.34634,51.43091,2,1,7,9,20,13.0,4.0,1.0,9,9.0,1,5,Afternoon,0.5,1,0,1,1
-0.31128,52.18476,2,1,2,3,40,0.0,,1.0,1,1.0,2,12,Morning,0.5,0,1,4,0
-1.71951,53.77793,1,1,6,6,30,16.0,2.0,4.0,8,2.0,1,1,Morning,1.0,1,0,1,1
-0.40282,51.43042,1,1,7,9,30,0.0,4.0,1.0,9,9.0,1,4,Morning,1.0,1,0,2,4
-2.35194,51.06551,1,1,6,6,60,0.0,,6.0,2,2.0,2,6,Evening,1.0,0,0,3,0
-2.23955,53.79302,1,1,3,6,30,13.0,2.0,4.0,1,2.0,1,1,Evening,1.0,1,0,1,4
-1.97372,51.75313,2,3,6,6,50,13.0,4.0,6.0,1,1.0,2,3,Evening,1.5,1,0,4,1
-1.30431,50.72028,1,2,5,6,40,13.0,4.0,4.0,4,2.0,2,12,Night,2.0,1,0,4,1
-1.39382,53.25652,2,1,6,6,30,13.0,4.0,4.0,2,2.0,1,4,Evening,0.5,1,0,2,4
-0.04542,51.69073,2,1,3,3,50,19.0,4.0,4.0,1,1.0,2,10,Evening,0.5,1,0,4,1
-0.09337,51.50124,2,1,7,6,20,16.0,2.0,1.0,1,1.0,1,8,Afternoon,0.5,1,0,4,4
-1.30413,53.36385,2,1,1,6,30,13.0,4.0,1.0,1,1.0,1,4,Afternoon,0.5,1,0,1,1
-1.2216,52.96201,4,1,6,6,30,0.0,,1.0,1,1.0,1,3,Afternoon,0.25,1,0,1,1
-4.23144,52.91985,3,3,1,6,20,0.0,,1.0,1,1.0,2,7,Afternoon,1.0,0,0,1,0
-0.0279,51.40993,1,2,5,6,30,13.0,4.0,4.0,2,2.0,1,3,Evening,2.0,1,0,1,1
-0.18292,51.60863,1,1,3,2,30,13.0,4.0,4.0,8,2.0,1,11,Evening,1.0,1,0,4,2
-2.41104,53.59701,2,1,1,3,30,16.0,,1.0,1,2.0,1,5,Morning,0.5,1,0,4,4
-1.55731,52.94352,1,1,2,6,50,0.0,,6.0,2,2.0,2,12,Afternoon,1.0,0,1,4,0
-0.04566,51.61133,2,1,4,3,50,,9.0,1.0,1,1.0,1,1,Morning,0.5,1,0,4,1
-1.3812,54.90389,1,1,7,6,30,0.0,,4.0,1,1.0,1,6,Evening,1.0,1,0,2,1
-1.32231,51.26334,1,1,1,6,60,0.0,,1.0,1,1.0,2,7,Morning,1.0,0,0,1,0
-4.51561,55.61075,1,1,5,6,30,0.0,,1.0,2,2.0,1,6,Afternoon,1.0,1,0,3,3
-1.78674,52.47272,2,1,4,6,30,0.0,,1.0,1,1.0,1,10,Afternoon,0.5,0,1,1,0
-1.80941,51.13959,2,1,5,6,30,0.0,,6.0,1,1.0,2,7,Evening,0.5,0,0,1,0
1.34095,52.64773,2,1,2,6,20,13.0,4.0,1.0,1,1.0,1,4,Afternoon,0.5,1,0,1,1
-0.22784,53.74843,3,3,7,6,40,0.0,,1.0,1,1.0,2,8,Morning,1.0,1,0,1,1
-0.36635,51.64487,2,1,6,6,30,13.0,4.0,1.0,1,1.0,1,2,Evening,0.5,1,0,4,1
-0.76265,51.63892,2,1,4,6,30,0.0,,1.0,1,1.0,1,9,Afternoon,0.5,0,0,1,0
-1.40652,53.22014,1,1,5,6,30,13.0,2.0,1.0,1,1.0,1,7,Morning,1.0,1,0,3,1
-0.23912,51.49984,2,1,1,1,20,0.0,4.0,4.0,2,2.0,1,11,Afternoon,0.5,1,0,4,3
-1.54524,53.95753,2,1,3,6,30,13.0,4.0,4.0,9,1.0,2,11,Morning,0.5,1,0,1,1
-1.92916,52.49815,2,1,3,1,30,,4.0,4.0,1,2.0,1,12,Afternoon,0.5,1,0,1,1
-2.09762,51.45098,2,1,2,6,30,0.0,,1.0,1,1.0,1,9,Morning,0.5,0,0,1,0
-0.12942,51.43122,1,1,3,6,20,0.0,,1.0,1,1.0,1,5,Morning,1.0,0,0,4,0
-4.05627,50.38524,2,2,4,6,30,0.0,,4.0,1,2.0,1,1,Evening,1.0,1,0,1,1
0.2497,51.55739,1,1,7,6,30,16.0,4.0,1.0,1,1.0,1,6,Morning,1.0,1,0,2,1
-0.89072,52.2415,2,1,3,6,30,13.0,4.0,1.0,1,1.0,1,4,Afternoon,0.5,1,0,2,1
-0.05356,51.44022,2,1,5,6,20,13.0,4.0,1.0,1,1.0,1,7,Evening,0.5,1,0,4,4
-0.4387,51.75971,1,1,4,6,30,13.0,4.0,1.0,1,1.0,1,7,Afternoon,1.0,1,0,4,4
-0.0422,51.51316,2,1,3,6,20,,4.0,1.0,1,1.0,1,6,Evening,0.5,1,0,4,1
-1.55252,52.43478,2,1,7,1,40,,4.0,1.0,1,1.0,2,2,Afternoon,0.5,1,0,3,1
-2.71517,53.5187,2,1,1,6,30,0.0,,1.0,1,1.0,1,2,Morning,0.5,1,0,1,1
0.07999,51.55175,2,1,4,6,30,16.0,4.0,1.0,9,9.0,1,3,Afternoon,0.5,1,0,1,1
-1.5649,52.2563,2,1,6,1,50,,4.0,1.0,1,1.0,2,4,Morning,0.5,1,0,4,4
-0.61098,50.79321,1,1,4,6,30,19.0,4.0,1.0,1,1.0,1,12,Afternoon,1.0,1,0,1,1
1.1105,51.36606,2,1,5,1,20,,4.0,1.0,1,1.0,1,1,Afternoon,0.5,1,0,1,3
0.18987,51.52905,2,1,6,2,30,16.0,2.0,1.0,1,1.0,1,10,Morning,0.5,1,0,2,4
-0.20268,51.4801,1,1,5,6,20,13.0,4.0,4.0,1,1.0,1,6,Evening,1.0,1,0,4,4
-0.5104,51.88961,2,1,4,6,30,0.0,,1.0,1,1.0,1,10,Morning,0.5,1,0,4,1
-0.28804,51.53548,2,1,2,3,30,0.0,2.0,1.0,1,1.0,1,5,Morning,0.5,1,0,4,1
-2.50842,53.63826,1,1,4,6,60,19.0,4.0,6.0,1,4.0,2,11,Evening,1.0,1,0,1,1
-1.39846,53.76613,2,5,3,6,60,0.0,,1.0,2,2.0,2,1,Afternoon,2.5,0,1,1,0
-1.24902,53.28132,2,2,3,6,60,0.0,,1.0,2,2.0,2,3,Afternoon,1.0,0,0,1,0
-2.12031,52.51186,2,1,4,1,30,0.0,,4.0,1,1.0,2,3,Evening,0.5,0,1,3,0
0.43323,52.77968,2,1,6,2,30,13.0,4.0,1.0,1,1.0,2,7,Morning,0.5,1,0,1,1
0.05317,51.36613,3,2,5,6,30,19.0,2.0,1.0,9,1.0,1,10,Morning,0.6666666666666666,1,0,4,4
-0.19426,51.5386,1,1,3,6,20,13.0,2.0,4.0,3,2.0,1,3,Evening,1.0,1,0,4,1
-2.32927,51.7662,3,1,1,6,50,19.0,4.0,6.0,1,1.0,2,12,Evening,0.3333333333333333,1,0,4,1
0.27904,51.43414,3,1,5,1,30,,2.0,6.0,2,2.0,2,3,Evening,0.3333333333333333,1,0,4,4
-0.034,50.79894,2,1,3,6,30,0.0,,1.0,9,1.0,1,3,Afternoon,0.5,0,1,4,0
-1.75788,51.55073,3,2,3,3,40,13.0,4.0,1.0,1,2.0,1,9,Morning,0.6666666666666666,1,0,4,1
-4.20133,51.01347,1,1,5,6,30,18.0,4.0,1.0,1,1.0,1,3,Afternoon,1.0,1,0,1,1
-0.11062,51.55135,2,1,3,6,20,19.0,2.0,4.0,1,1.0,1,6,Evening,0.5,1,0,4,1
0.34079,51.48286,1,1,2,6,30,13.0,4.0,1.0,1,1.0,1,9,Afternoon,1.0,1,0,1,1
-2.79425,54.05448,1,1,4,6,30,0.0,,1.0,9,1.0,1,5,Afternoon,1.0,1,0,4,4
0.71352,52.03112,2,2,6,6,60,0.0,,1.0,1,1.0,2,6,Morning,1.0,0,1,4,0
1.54197,52.20935,3,3,2,6,60,0.0,,1.0,1,1.0,2,9,Afternoon,1.0,0,1,3,0
-0.0137,51.57576,2,1,5,9,30,13.0,4.0,7.0,9,9.0,1,5,Afternoon,0.5,1,0,4,1
-2.19751,53.50014,1,2,4,3,30,13.0,2.0,1.0,1,1.0,1,8,Morning,2.0,1,0,4,1
-1.5987,53.30704,2,2,3,6,60,13.0,4.0,6.0,1,2.0,2,1,Evening,1.0,1,0,4,3
-4.5236,55.83198,2,1,1,6,30,0.0,,4.0,1,1.0,1,12,Evening,0.5,1,0,3,1
1.2127,51.26177,1,1,4,6,60,0.0,,6.0,1,2.0,2,4,Evening,1.0,1,0,3,1
-2.65529,53.4154,2,2,4,6,30,0.0,,4.0,1,2.0,2,12,Night,1.0,0,1,1,0
-0.13033,51.64784,1,1,7,7,30,13.0,4.0,1.0,1,1.0,1,6,Afternoon,1.0,1,0,2,1
-0.3182,52.53471,2,1,2,1,40,,2.0,1.0,1,1.0,2,2,Afternoon,0.5,1,0,1,4
-0.54434,53.23838,2,1,6,6,30,0.0,,1.0,1,1.0,1,7,Afternoon,0.5,0,0,2,0
-4.14712,50.37757,2,1,6,1,30,,4.0,1.0,1,2.0,1,11,Afternoon,0.5,1,0,4,4
-3.19003,51.44781,1,1,6,3,30,16.0,2.0,4.0,1,1.0,1,8,Evening,1.0,1,0,4,4
-4.13299,50.37235,1,1,2,6,30,13.0,4.0,1.0,1,1.0,1,6,Afternoon,1.0,1,0,1,1
0.10524,51.76622,2,2,4,1,40,,4.0,4.0,1,1.0,2,11,Evening,1.0,1,0,4,1
-2.59898,52.31651,2,1,2,6,40,19.0,4.0,1.0,1,1.0,2,7,Morning,0.5,1,0,3,1
-0.08626,51.60504,1,1,2,3,30,13.0,2.0,1.0,1,1.0,1,11,Afternoon,1.0,1,0,4,1
-4.1345,50.38364,2,1,6,3,30,0.0,,1.0,1,1.0,1,6,Afternoon,0.5,1,0,3,1
-3.05587,50.98088,2,1,6,6,60,0.0,,1.0,1,1.0,2,8,Evening,0.5,0,0,1,0
-0.00487,51.48224,1,1,6,6,20,0.0,,1.0,1,1.0,1,11,Morning,1.0,0,0,4,0
-2.0033,52.5023,2,1,5,3,30,13.0,4.0,4.0,1,2.0,1,11,Evening,0.5,1,0,4,1
-0.45311,51.9035,1,1,2,6,20,16.0,2.0,1.0,1,1.0,1,8,Afternoon,1.0,1,0,1,1
-0.05665,51.51971,2,1,3,6,20,16.0,2.0,1.0,2,2.0,1,3,Afternoon,0.5,1,0,4,4
-2.09725,51.66662,3,1,3,6,60,0.0,,1.0,1,1.0,2,8,Evening,0.3333333333333333,1,0,4,1
-0.11056,51.50434,2,1,2,6,20,13.0,4.0,1.0,1,1.0,1,11,Morning,0.5,1,0,2,1
-2.63568,51.66199,4,1,7,6,60,13.0,4.0,1.0,1,1.0,2,8,Morning,0.25,1,0,4,1
-3.07734,53.38008,2,1,6,6,30,0.0,,1.0,1,1.0,1,10,Afternoon,0.5,0,0,1,0
-0.61093,53.78869,2,1,2,6,50,0.0,,1.0,1,1.0,2,1,Morning,0.5,1,0,4,1
-0.33969,51.56806,2,1,2,6,20,13.0,4.0,1.0,1,1.0,1,1,Afternoon,0.5,1,0,4,3
-3.02257,53.339,1,1,1,9,50,0.0,,1.0,1,2.0,2,3,Morning,1.0,0,0,4,0
-4.38778,52.04983,1,1,6,6,30,0.0,,4.0,1,1.0,2,1,Afternoon,1.0,0,1,4,0
0.89825,51.41503,1,1,3,6,30,13.0,4.0,6.0,1,1.0,2,10,Evening,1.0,1,0,1,1
-2.21923,53.16663,2,1,2,6,30,0.0,,1.0,1,1.0,1,7,Afternoon,0.5,0,0,4,0
0.16973,52.22632,1,1,4,6,30,13.0,4.0,1.0,1,,1,5,Afternoon,1.0,1,0,1,1
-4.14999,50.39554,1,1,4,6,30,0.0,,1.0,2,2.0,1,4,Afternoon,1.0,1,0,2,2
0.06066,51.54885,2,1,3,3,20,19.0,4.0,1.0,1,1.0,1,10,Afternoon,0.5,1,0,1,1
-0.15995,51.411,1,1,5,6,20,,9.0,1.0,1,1.0,1,8,Evening,1.0,1,0,1,4
-1.1239,53.51196,2,1,4,6,40,18.0,4.0,4.0,2,2.0,1,10,Evening,0.5,1,0,1,1
-2.35961,53.30187,1,1,1,6,30,13.0,4.0,4.0,1,1.0,1,9,Night,1.0,1,0,1,1
-0.10397,52.22902,2,1,2,1,50,0.0,,1.0,1,1.0,2,9,Morning,0.5,1,0,4,4
-1.94938,52.4763,2,1,6,6,30,13.0,2.0,1.0,1,1.0,1,6,Afternoon,0.5,1,0,3,1
-3.82133,50.80104,2,1,3,6,30,0.0,,1.0,1,1.0,2,1,Afternoon,0.5,1,0,4,1
0.26852,51.42901,2,1,3,3,70,0.0,,4.0,2,2.0,2,3,Evening,0.5,0,1,4,0
-1.56262,53.76427,1,1,7,6,30,16.0,2.0,4.0,1,1.0,1,1,Evening,1.0,1,0,1,4
0.01309,51.55599,2,1,4,9,30,13.0,4.0,1.0,9,9.0,1,5,Morning,0.5,1,0,2,1
-0.15909,51.53641,1,1,2,3,20,13.0,4.0,1.0,1,1.0,1,6,Morning,1.0,1,0,4,1
-0.36145,53.74329,3,1,3,6,30,13.0,4.0,1.0,1,1.0,1,2,Morning,0.3333333333333333,1,0,1,4
-2.11705,53.45514,2,1,4,6,30,16.0,,1.0,9,,1,4,Afternoon,0.5,1,0,1,1
-2.475,52.01617,1,1,2,1,60,,4.0,4.0,2,2.0,2,1,Afternoon,1.0,1,0,4,4
-2.21499,53.75176,1,1,3,6,60,0.0,,6.0,1,1.0,2,1,Evening,1.0,1,0,4,1
-0.295,51.39321,2,1,4,6,20,16.0,4.0,1.0,1,1.0,1,8,Afternoon,0.5,1,0,2,1
-3.40868,50.62488,2,1,7,6,30,13.0,4.0,4.0,1,2.0,1,11,Evening,0.5,1,0,1,1
0.29865,52.19163,3,4,3,6,60,0.0,,1.0,1,1.0,2,5,Afternoon,1.3333333333333333,0,1,1,0
-2.2983,53.48455,1,1,5,6,20,0.0,,1.0,1,1.0,1,6,Evening,1.0,1,0,1,1
-2.57759,53.53594,1,1,5,6,30,13.0,4.0,1.0,1,1.0,1,4,Afternoon,1.0,1,0,1,4
0.03152,51.32075,2,1,6,6,30,18.0,4.0,1.0,1,1.0,1,10,Morning,0.5,1,0,1,1
0.58641,51.6867,2,1,3,6,30,0.0,,1.0,1,1.0,2,9,Afternoon,0.5,1,0,3,1
-2.23364,53.15097,5,2,5,2,40,13.0,4.0,1.0,2,2.0,2,4,Afternoon,0.4,1,0,4,2
-1.02747,53.32853,2,1,5,3,70,0.0,,6.0,1,1.0,2,5,Night,0.5,0,1,4,0
-2.02928,52.68632,1,1,3,6,20,0.0,,1.0,2,2.0,1,9,Afternoon,1.0,1,0,1,1
-0.23435,51.5382,1,2,5,3,20,0.0,,1.0,1,1.0,1,7,Morning,2.0,0,0,1,0
-0.07423,51.58221,2,1,4,6,30,13.0,4.0,1.0,9,9.0,1,4,Afternoon,0.5,1,0,4,1
-1.2215,54.69035,1,1,7,6,30,0.0,,1.0,1,1.0,1,11,Afternoon,1.0,0,1,1,0
-3.27096,50.75508,1,1,3,6,30,13.0,4.0,1.0,9,1.0,2,2,Afternoon,1.0,1,0,1,1
-1.56408,55.14243,1,1,2,6,30,0.0,,1.0,2,2.0,1,1,Afternoon,1.0,0,1,1,0
0.68662,52.55359,2,1,1,6,60,0.0,,1.0,1,1.0,2,7,Morning,0.5,1,0,3,1
-3.83415,56.60694,1,1,6,6,60,0.0,,1.0,1,1.0,2,8,Afternoon,1.0,0,1,4,0
-0.99403,50.84769,2,1,5,1,30,0.0,4.0,1.0,1,1.0,1,8,Morning,0.5,1,0,1,1
1.15376,52.06792,2,1,3,6,30,13.0,4.0,1.0,1,1.0,1,1,Morning,0.5,1,0,1,1
-1.51709,51.19155,2,1,3,6,60,13.0,4.0,1.0,1,1.0,2,11,Morning,0.5,1,0,4,1
-0.05305,51.51685,2,1,2,6,20,13.0,4.0,1.0,1,1.0,1,7,Afternoon,0.5,1,0,2,1
-1.04907,53.42064,2,1,1,6,30,17.0,4.0,4.0,1,1.0,2,2,Evening,0.5,1,0,1,1
-2.76723,53.54174,1,3,7,3,40,0.0,,4.0,1,2.0,1,4,Evening,3.0,1,0,1,1
-0.83755,52.27326,1,1,6,6,30,,,1.0,1,1.0,1,5,Morning,1.0,0,1,1,0
-2.51347,52.19869,1,2,7,6,60,0.0,,6.0,1,1.0,2,7,Night,2.0,1,0,3,1
0.0186,51.54551,2,1,3,6,30,13.0,4.0,1.0,1,1.0,1,5,Morning,0.5,1,0,4,1
-1.15238,52.63582,2,1,2,6,30,13.0,4.0,1.0,1,1.0,1,1,Afternoon,0.5,1,0,2,1
-0.55323,50.89441,2,1,5,6,30,18.0,4.0,1.0,4,2.0,2,3,Evening,0.5,1,0,3,1
1.13701,52.57968,2,2,6,3,30,0.0,,1.0,8,4.0,2,11,Morning,1.0,1,0,3,3
-0.01188,51.42779,2,1,7,6,30,0.0,,1.0,1,1.0,1,3,Afternoon,0.5,0,0,4,0
0.84847,52.00241,1,1,7,6,30,13.0,4.0,6.0,1,2.0,2,11,Evening,1.0,1,0,3,1
-1.2273,50.70294,2,2,2,6,60,0.0,,1.0,1,1.0,2,11,Morning,1.0,0,0,1,0
-0.02474,51.75413,1,1,5,6,20,19.0,4.0,1.0,1,2.0,2,10,Afternoon,1.0,1,0,1,1
-4.03589,55.85873,1,1,6,6,30,0.0,,4.0,1,1.0,1,1,Afternoon,1.0,1,0,3,1
-1.68938,54.99274,1,1,2,6,30,13.0,4.0,1.0,2,2.0,1,9,Afternoon,1.0,1,0,1,1
-4.09769,55.79321,2,4,1,6,30,0.0,,1.0,1,1.0,1,4,Afternoon,2.0,1,0,1,1
-0.17757,51.42927,2,1,3,6,20,13.0,4.0,1.0,9,9.0,1,4,Afternoon,0.5,1,0,1,1
-1.25664,51.7543,2,1,5,1,20,0.0,4.0,1.0,1,1.0,1,7,Afternoon,0.5,1,0,1,1
-0.78681,51.4101,2,1,6,3,50,0.0,2.0,1.0,1,1.0,2,8,Afternoon,0.5,1,0,4,1
-1.78625,50.84041,2,2,4,6,30,13.0,4.0,1.0,2,2.0,1,4,Afternoon,1.0,1,0,1,1
-3.6033,56.06229,2,1,6,6,20,16.0,4.0,1.0,1,1.0,2,9,Afternoon,0.5,1,0,1,1
0.09352,51.56723,3,2,1,6,30,0.0,,7.0,2,2.0,1,7,Night,0.6666666666666666,0,0,2,0
-0.29505,51.37918,2,1,7,9,30,,4.0,1.0,1,9.0,1,5,Afternoon,0.5,1,0,1,1
-3.71774,56.10264,3,1,6,6,60,0.0,,1.0,1,1.0,2,8,Afternoon,0.3333333333333333,0,1,4,0
0.27859,51.44852,2,1,7,1,30,,4.0,4.0,1,1.0,1,4,Evening,0.5,1,0,4,4
-0.01685,51.50022,1,1,3,9,20,18.0,9.0,4.0,9,9.0,1,1,Evening,1.0,1,0,2,1
-0.42196,51.46668,2,1,6,6,40,16.0,2.0,4.0,1,1.0,1,2,Evening,0.5,1,0,4,4
-1.71333,52.49991,2,1,6,3,70,0.0,,6.0,1,1.0,2,4,Night,0.5,0,1,4,0
-0.03783,51.64692,2,1,2,9,30,13.0,4.0,4.0,9,9.0,1,8,Evening,0.5,1,0,4,1
1.38539,51.19697,2,1,7,6,30,13.0,4.0,1.0,1,1.0,1,3,Afternoon,0.5,1,0,4,1
-0.20078,51.04734,2,1,7,3,70,0.0,,4.0,1,1.0,2,1,Afternoon,0.5,1,0,4,4
-0.03617,51.43068,2,3,2,6,20,0.0,4.0,4.0,1,1.0,1,9,Evening,1.5,1,0,1,1
-0.43124,51.26077,1,1,1,6,40,0.0,,1.0,2,2.0,2,3,Morning,1.0,1,0,1,4
-1.09543,52.64221,2,1,2,6,30,0.0,,4.0,1,1.0,1,4,Evening,0.5,0,1,4,0
-2.58318,53.63055,1,1,7,6,60,0.0,,6.0,1,2.0,2,11,Evening,1.0,1,0,1,1
-0.12651,51.52965,2,1,6,6,20,0.0,,4.0,2,2.0,1,12,Night,0.5,0,0,2,0
-0.81512,51.82022,1,1,1,1,30,0.0,4.0,1.0,1,1.0,1,2,Morning,1.0,1,0,4,4
-2.67614,53.68778,2,1,3,3,40,16.0,2.0,4.0,1,1.0,2,11,Evening,0.5,1,0,3,4
-1.59948,54.93578,2,3,3,6,30,16.0,4.0,4.0,2,2.0,1,1,Evening,1.5,1,0,4,1
-2.22927,53.48278,2,1,6,6,30,13.0,4.0,4.0,2,2.0,1,5,Evening,0.5,1,0,4,1
-2.51821,51.51194,2,1,6,3,70,0.0,4.0,1.0,1,1.0,2,6,Afternoon,0.5,1,0,6,6
-3.28015,51.03885,3,1,3,6,60,13.0,4.0,1.0,1,1.0,2,5,Morning,0.3333333333333333,1,0,3,1
0.18176,51.59227,2,1,5,3,30,17.0,2.0,1.0,1,1.0,1,12,Morning,0.5,1,0,4,2
-0.14403,51.59056,1,1,1,6,20,,9.0,1.0,1,1.0,1,7,Afternoon,1.0,1,0,4,1
-0.26937,51.51407,2,1,3,6,30,13.0,4.0,1.0,9,9.0,1,1,Afternoon,0.5,1,0,4,1
-3.17504,54.23046,1,1,2,6,20,0.0,,1.0,1,1.0,2,7,Afternoon,1.0,1,0,1,1
-2.00022,52.5966,1,1,7,3,30,19.0,4.0,1.0,1,1.0,1,5,Evening,1.0,1,0,1,1
-3.08139,51.79279,2,1,7,6,60,0.0,,1.0,1,1.0,2,12,Morning,0.5,0,0,3,0
-0.22406,52.57664,2,4,7,1,40,,4.0,1.0,1,1.0,1,7,Evening,2.0,1,0,4,1
-1.17189,53.34762,1,1,2,6,30,0.0,,1.0,2,2.0,2,5,Afternoon,1.0,1,0,1,1
0.60065,51.55677,4,4,5,3,30,0.0,,4.0,1,1.0,1,5,Evening,1.0,1,0,4,1
-0.04566,51.47433,2,1,4,6,20,13.0,2.0,1.0,1,1.0,1,3,Afternoon,0.5,1,0,4,4
0.22406,51.58704,2,1,3,3,50,16.0,2.0,4.0,1,2.0,1,10,Evening,0.5,1,0,4,2
-0.04335,51.4816,2,1,2,6,20,0.0,,1.0,1,1.0,1,12,Afternoon,0.5,0,0,1,0
-0.42063,51.45041,1,1,2,3,20,13.0,4.0,1.0,1,1.0,1,9,Afternoon,1.0,1,0,3,1
-1.07935,50.79528,2,1,6,6,30,0.0,,1.0,1,1.0,1,11,Morning,0.5,0,0,4,0
-0.28423,53.74604,1,1,7,1,30,0.0,,4.0,1,1.0,1,4,Evening,1.0,1,0,1,1
-1.64639,53.01957,2,1,5,6,50,0.0,,6.0,1,2.0,2,12,Afternoon,0.5,0,1,4,0
-2.22774,52.39222,1,1,5,3,40,13.0,4.0,1.0,1,1.0,1,8,Afternoon,1.0,1,0,4,1
-1.54592,53.80256,2,1,3,6,30,16.0,2.0,7.0,1,2.0,1,10,Evening,0.5,1,0,1,4
-1.44614,50.92662,2,1,3,6,30,0.0,,4.0,1,1.0,1,12,Evening,0.5,0,0,1,0
-1.50523,52.90161,2,1,5,6,30,0.0,4.0,1.0,1,1.0,1,5,Evening,0.5,1,0,1,1
-2.47655,53.7683,2,1,5,6,30,13.0,4.0,1.0,1,1.0,1,8,Evening,0.5,1,0,4,1
-2.52297,51.51034,2,1,7,3,70,0.0,,1.0,1,1.0,2,10,Afternoon,0.5,0,0,6,0
-1.9685,52.47225,2,1,5,3,30,16.0,2.0,4.0,2,2.0,1,2,Evening,0.5,1,0,4,4
-1.21866,51.72864,1,1,6,6,20,13.0,4.0,1.0,1,1.0,1,8,Afternoon,1.0,1,0,1,1
-0.04573,51.56216,2,1,7,3,20,,2.0,1.0,8,1.0,2,7,Night,0.5,1,0,4,1
-3.2724,56.15359,2,2,3,6,30,18.0,,1.0,1,2.0,1,2,Morning,1.0,1,0,1,1
0.08011,51.54082,2,1,5,2,30,19.0,4.0,1.0,1,1.0,1,3,Afternoon,0.5,1,0,4,1
-2.15115,52.59025,1,1,2,6,30,0.0,,1.0,1,1.0,1,10,Afternoon,1.0,1,0,1,4
-4.31071,51.85642,1,1,2,2,20,13.0,4.0,1.0,2,2.0,1,3,Afternoon,1.0,1,0,1,1
-0.12887,51.49976,1,1,1,7,20,18.0,4.0,1.0,1,1.0,1,11,Morning,1.0,1,0,4,1
-0.47578,51.51603,2,2,1,3,30,19.0,2.0,4.0,1,1.0,1,12,Afternoon,1.0,1,0,4,1
-1.18099,54.46995,2,1,6,6,60,0.0,4.0,1.0,1,1.0,2,2,Afternoon,0.5,1,0,4,3
-0.06312,51.74289,1,1,1,6,30,0.0,,1.0,1,2.0,2,9,Afternoon,1.0,1,0,1,1
-2.53923,53.32431,2,1,2,6,40,18.0,4.0,1.0,1,1.0,2,6,Morning,0.5,1,0,1,1
-2.44694,50.7003,3,2,3,1,30,0.0,4.0,1.0,1,1.0,2,11,Afternoon,0.6666666666666666,1,0,3,4
-2.55992,51.45625,2,1,3,6,20,0.0,,1.0,1,1.0,1,4,Morning,0.5,0,0,1,0
-3.22796,51.64097,3,1,2,6,30,0.0,,1.0,1,1.0,1,1,Morning,0.3333333333333333,0,0,4,0
-0.17441,51.71056,2,2,6,6,50,0.0,,1.0,1,1.0,2,3,Afternoon,1.0,0,1,4,0
-0.08284,51.62144,2,1,3,3,40,0.0,,1.0,1,1.0,1,11,Afternoon,0.5,0,0,4,0
-1.62107,53.79606,2,1,5,1,30,,4.0,4.0,1,1.0,1,10,Morning,0.5,1,0,3,1
-0.10196,51.43068,1,1,1,2,30,,9.0,1.0,1,1.0,1,6,Morning,1.0,1,0,4,1
0.1634,52.66654,1,1,2,6,30,13.0,4.0,1.0,1,1.0,1,12,Afternoon,1.0,1,0,1,1
-2.18242,52.99053,2,1,2,1,50,,2.0,4.0,1,1.0,2,12,Night,0.5,1,0,4,4
-1.93713,52.4866,2,1,6,3,30,16.0,2.0,4.0,2,2.0,1,3,Evening,0.5,1,0,4,4
-2.44663,53.56551,2,1,6,6,20,13.0,,4.0,1,1.0,1,11,Evening,0.5,1,0,4,1
0.03153,51.48126,1,2,2,6,20,0.0,,1.0,1,1.0,1,8,Afternoon,2.0,0,0,1,0
-2.18317,53.04219,2,3,5,6,30,0.0,,1.0,1,1.0,1,7,Afternoon,1.5,1,0,1,1
-0.11786,51.433,2,1,7,6,20,16.0,2.0,1.0,1,1.0,1,3,Morning,0.5,1,0,2,2
-1.15799,53.15446,2,1,5,6,30,13.0,4.0,1.0,2,2.0,1,12,Morning,0.5,1,0,3,1
-2.62668,53.67009,2,1,4,3,40,,2.0,7.0,1,1.0,2,9,Evening,0.5,1,0,4,4
-1.61545,52.1392,1,2,2,6,60,0.0,,1.0,1,1.0,2,6,Morning,2.0,0,1,4,0
0.50705,51.34323,2,1,1,7,40,0.0,,4.0,1,1.0,1,10,Night,0.5,1,0,4,4
-3.08045,53.171,1,1,6,6,20,0.0,,1.0,1,1.0,1,9,Afternoon,1.0,0,0,3,0
-0.09825,50.98329,2,1,7,6,30,13.0,4.0,1.0,1,1.0,1,6,Afternoon,0.5,1,0,3,1
-3.76354,51.67961,1,1,6,6,40,0.0,,1.0,1,1.0,2,10,Afternoon,1.0,0,0,3,0
0.0062,51.37928,2,2,2,6,30,19.0,4.0,1.0,1,1.0,1,4,Afternoon,1.0,1,0,3,1
-1.46298,53.44548,2,1,4,6,30,16.0,2.0,1.0,1,1.0,1,8,Morning,0.5,1,0,4,3
-0.95803,51.28969,2,1,4,6,30,0.0,,1.0,1,1.0,2,8,Afternoon,0.5,0,0,3,0
-0.48754,52.66129,3,1,5,6,30,13.0,4.0,1.0,8,2.0,1,11,Morning,0.3333333333333333,1,0,1,1
-2.49388,53.06948,2,1,1,1,30,0.0,4.0,1.0,1,1.0,2,1,Afternoon,0.5,1,0,3,4
-0.40837,51.37656,2,1,1,6,30,0.0,,7.0,9,,1,12,Evening,0.5,1,0,1,1
-1.36528,53.67517,2,1,3,6,30,0.0,,1.0,1,1.0,1,7,Afternoon,0.5,1,0,4,1
1.41424,52.12586,2,2,5,6,60,13.0,4.0,1.0,1,1.0,2,8,Afternoon,1.0,1,0,4,1
-4.28553,55.82636,2,1,3,6,30,0.0,,1.0,1,1.0,1,7,Afternoon,0.5,1,0,4,1
-3.28231,52.81698,2,2,2,6,60,18.0,4.0,1.0,1,1.0,2,7,Morning,1.0,1,0,3,1
0.7554,52.605,1,1,5,6,60,0.0,,6.0,1,2.0,2,1,Evening,1.0,0,1,1,0
-0.10048,51.58582,2,1,2,6,20,13.0,4.0,4.0,1,1.0,1,10,Evening,0.5,1,0,4,1
-0.02191,51.66785,1,1,7,6,40,0.0,,1.0,1,1.0,2,7,Night,1.0,0,0,4,0
1.58876,52.66592,1,1,4,3,60,0.0,,5.0,2,2.0,2,10,Evening,1.0,0,1,3,0
-0.47693,51.43396,1,1,2,6,30,0.0,,1.0,4,1.0,1,2,Afternoon,1.0,1,0,1,1
-1.2938,51.07166,2,1,1,6,50,0.0,2.0,1.0,1,1.0,2,8,Morning,0.5,1,0,6,4
-4.33921,55.85794,1,1,5,6,30,0.0,,1.0,1,1.0,1,10,Morning,1.0,1,0,1,1
-0.15124,51.55482,1,2,5,6,20,13.0,2.0,1.0,2,2.0,1,7,Evening,2.0,1,0,3,3
-2.45229,51.47389,1,1,4,6,30,0.0,,6.0,1,1.0,2,6,Night,1.0,0,0,1,0
-1.38668,54.90285,2,1,5,6,30,13.0,4.0,1.0,1,1.0,1,2,Afternoon,0.5,1,0,1,1
-2.729,54.11502,1,1,7,6,60,0.0,,6.0,1,1.0,2,10,Evening,1.0,0,1,1,0
-2.92774,53.43442,2,1,7,3,40,16.0,4.0,1.0,1,1.0,1,2,Morning,0.5,1,0,4,1
-2.56617,53.48448,1,1,6,6,30,0.0,,1.0,2,2.0,2,5,Morning,1.0,1,0,1,1
-2.34214,51.67062,1,1,5,6,30,0.0,,1.0,1,1.0,2,2,Morning,1.0,0,1,4,0
-2.62946,52.38019,2,1,4,6,50,13.0,4.0,1.0,1,2.0,2,2,Afternoon,0.5,1,0,4,1
0.19392,53.18294,1,1,1,1,50,0.0,4.0,4.0,1,1.0,2,4,Night,1.0,1,0,4,4
-2.23139,52.19353,2,1,4,6,30,13.0,4.0,1.0,1,1.0,2,11,Afternoon,0.5,1,0,4,1
-4.13609,51.6688,1,1,1,1,40,,4.0,1.0,1,1.0,2,7,Evening,1.0,1,0,3,3
-2.29881,53.58316,2,4,1,3,30,16.0,4.0,4.0,2,2.0,1,1,Afternoon,2.0,1,0,4,1
-1.76041,54.99698,2,1,2,6,30,0.0,,1.0,1,1.0,1,10,Morning,0.5,1,0,1,3
-1.75855,52.48348,2,1,5,6,30,13.0,4.0,1.0,1,1.0,1,11,Afternoon,0.5,1,0,1,1
-0.3519,53.76423,2,1,5,6,30,0.0,,4.0,9,1.0,1,10,Morning,0.5,1,0,4,1
-0.17078,51.92148,2,1,1,6,40,13.0,4.0,1.0,2,2.0,1,5,Evening,0.5,1,0,1,1
-1.15436,50.73126,2,1,4,6,30,19.0,4.0,1.0,1,1.0,1,12,Morning,0.5,1,0,1,1
-0.74078,51.22942,2,1,5,3,70,0.0,,1.0,1,2.0,2,1,Morning,0.5,1,0,4,4
-2.35563,53.464,2,1,6,3,70,0.0,,1.0,1,1.0,1,6,Evening,0.5,0,1,6,0
-1.79375,53.8353,1,1,4,3,30,16.0,2.0,1.0,1,1.0,1,3,Morning,1.0,1,0,4,1
-2.74414,52.07357,2,6,6,6,30,0.0,,1.0,7,2.0,1,11,Morning,3.0,1,0,1,4
-0.79385,51.21287,2,1,7,7,30,0.0,,4.0,1,1.0,1,1,Evening,0.5,1,0,3,4
-2.24109,51.86022,3,1,2,3,40,19.0,2.0,1.0,1,2.0,1,10,Morning,0.3333333333333333,1,0,4,1
-1.30502,51.06287,1,1,5,6,30,13.0,4.0,1.0,1,1.0,1,3,Morning,1.0,1,0,3,1
-0.12505,51.51387,2,1,1,2,20,13.0,4.0,1.0,1,1.0,1,6,Afternoon,0.5,1,0,1,1
-2.76737,54.65143,3,1,6,3,70,0.0,,1.0,1,1.0,2,1,Afternoon,0.3333333333333333,1,0,4,1
-1.36917,53.6491,2,3,3,6,60,0.0,,6.0,8,2.0,2,11,Evening,1.5,0,1,3,0
0.41009,52.76631,2,1,7,6,30,13.0,4.0,1.0,1,1.0,1,9,Afternoon,0.5,1,0,1,1
-1.41519,50.85298,1,1,6,6,30,18.0,4.0,1.0,1,1.0,1,7,Morning,1.0,1,0,1,1
-1.18498,50.7927,2,2,7,6,30,13.0,4.0,1.0,1,1.0,1,4,Afternoon,1.0,1,0,3,1
-4.14582,50.37715,2,2,4,3,30,0.0,,1.0,1,1.0,1,6,Afternoon,1.0,1,0,4,4
-0.41914,51.52182,2,1,4,3,30,19.0,2.0,1.0,1,1.0,1,5,Afternoon,0.5,1,0,4,1
-2.04488,52.52672,2,1,3,6,30,13.0,4.0,1.0,1,1.0,1,6,Evening,0.5,1,0,4,1
-0.15787,51.33744,3,4,2,6,30,13.0,4.0,1.0,1,1.0,1,5,Afternoon,1.3333333333333333,1,0,4,2
-0.09604,51.57061,1,1,5,3,20,17.0,2.0,4.0,1,1.0,1,1,Night,1.0,1,0,4,4
-4.03995,55.81133,2,2,1,6,30,0.0,,1.0,1,1.0,1,8,Morning,1.0,1,0,4,4
-1.23031,53.37246,2,2,6,6,60,16.0,4.0,6.0,1,2.0,1,10,Evening,1.0,1,0,3,1
-0.19491,51.45842,2,1,1,2,20,19.0,4.0,1.0,1,1.0,1,6,Afternoon,0.5,1,0,4,2
-0.25787,51.49929,2,1,5,6,20,13.0,4.0,1.0,1,1.0,1,1,Morning,0.5,1,0,1,1
-0.21501,51.45571,2,1,7,3,20,13.0,4.0,1.0,1,1.0,1,7,Evening,0.5,1,0,1,1
-0.97682,53.22999,2,1,6,6,30,0.0,,1.0,1,1.0,2,6,Evening,0.5,1,0,1,1
-1.38008,53.6998,2,1,3,6,30,13.0,4.0,1.0,2,2.0,2,10,Afternoon,0.5,1,0,1,1
-2.9806,53.49561,2,7,4,6,30,13.0,4.0,1.0,2,2.0,2,12,Morning,3.5,1,0,1,1
-2.03703,52.47898,3,1,4,6,30,0.0,,4.0,2,2.0,1,1,Afternoon,0.3333333333333333,0,1,1,0
-1.38756,52.22408,3,1,4,6,50,13.0,4.0,6.0,1,1.0,2,1,Morning,0.3333333333333333,1,0,4,1
1.73251,52.60549,1,2,2,6,20,0.0,,1.0,1,1.0,1,7,Evening,2.0,1,0,1,1
-3.81826,51.64599,1,1,2,6,20,0.0,,1.0,1,1.0,1,3,Afternoon,1.0,0,0,4,0
-2.7873,53.89784,1,1,1,6,50,0.0,,1.0,1,1.0,2,5,Morning,1.0,1,0,4,1
-3.81224,51.01654,3,1,4,6,60,13.0,4.0,1.0,1,1.0,2,10,Afternoon,0.3333333333333333,1,0,3,1
-0.13025,51.64243,2,1,7,6,30,0.0,4.0,1.0,1,1.0,1,3,Afternoon,0.5,1,0,2,2
-1.44687,53.41785,2,1,4,6,30,0.0,,1.0,1,1.0,1,5,Afternoon,0.5,0,1,3,0
-0.49676,51.09905,3,2,3,6,60,0.0,,6.0,8,2.0,2,11,Afternoon,0.6666666666666666,1,0,4,1
-0.17739,51.47029,2,1,5,6,20,13.0,4.0,1.0,1,1.0,1,5,Morning,0.5,1,0,3,1
-0.16235,51.22097,1,1,5,6,20,0.0,,1.0,8,1.0,2,6,Morning,1.0,0,1,1,0
-2.14564,52.90227,1,1,3,6,30,0.0,,1.0,1,1.0,1,8,Afternoon,1.0,1,0,4,1
-0.10822,51.31726,3,1,3,6,20,0.0,,1.0,1,1.0,1,1,Morning,0.3333333333333333,0,0,2,0
-0.8006,51.81507,2,1,2,1,30,0.0,4.0,1.0,1,1.0,1,5,Afternoon,0.5,1,0,4,2
-0.80735,51.75127,1,2,3,6,40,0.0,,1.0,2,2.0,2,9,Morning,2.0,0,0,4,0
-0.32086,51.30087,2,1,3,6,30,0.0,,1.0,1,1.0,1,12,Afternoon,0.5,0,1,1,0
-0.07653,51.65059,1,1,4,9,20,,9.0,6.0,9,9.0,1,1,Afternoon,1.0,1,0,1,1
-4.36371,51.96405,1,2,1,6,50,0.0,,1.0,1,1.0,2,7,Afternoon,2.0,0,1,4,0
-0.25856,51.4925,2,1,1,6,20,13.0,4.0,1.0,1,1.0,1,9,Afternoon,0.5,1,0,4,1
-4.06564,51.88475,2,3,2,6,50,13.0,4.0,1.0,1,2.0,2,12,Morning,1.5,1,0,4,1
-0.28833,51.46801,1,1,5,6,20,19.0,2.0,1.0,1,1.0,1,11,Afternoon,1.0,1,0,3,4
-0.26649,51.49129,2,1,3,6,20,13.0,4.0,4.0,1,1.0,1,12,Evening,0.5,1,0,4,2
-0.66023,51.19342,1,1,2,6,60,0.0,,1.0,1,1.0,2,3,Afternoon,1.0,0,1,1,0
-3.05087,53.79993,2,1,7,6,30,0.0,,1.0,1,1.0,1,3,Afternoon,0.5,1,0,3,1
-2.16216,52.90863,5,2,4,3,50,0.0,,4.0,1,1.0,2,3,Evening,0.4,1,0,4,4
-0.85072,50.83959,3,2,7,6,30,13.0,4.0,1.0,1,2.0,2,1,Morning,0.6666666666666666,1,0,1,1
-4.36757,55.89075,2,1,4,6,30,13.0,4.0,1.0,1,1.0,1,9,Afternoon,0.5,1,0,1,1
-0.11467,50.92347,1,1,2,6,30,0.0,,1.0,1,1.0,2,4,Morning,1.0,1,0,3,1
-2.36664,53.48989,2,2,3,3,70,0.0,,1.0,1,2.0,1,9,Afternoon,1.0,0,1,6,0
-3.08836,50.88578,1,1,7,6,60,0.0,,1.0,2,2.0,2,2,Afternoon,1.0,1,0,3,1
-0.07379,51.45569,2,1,7,9,30,,9.0,1.0,2,1.0,1,7,Afternoon,0.5,1,0,1,1
0.03205,52.86035,1,1,4,6,60,0.0,,1.0,2,2.0,2,5,Morning,1.0,0,0,2,0
-1.93091,52.54783,3,1,7,6,30,0.0,,4.0,1,1.0,1,3,Night,0.3333333333333333,1,0,1,1
0.18522,51.28331,1,1,7,6,20,13.0,4.0,1.0,2,2.0,1,11,Morning,1.0,1,0,1,1
-0.19512,51.45858,2,1,4,3,20,13.0,2.0,1.0,1,1.0,1,11,Morning,0.5,1,0,4,4
-0.43301,51.77615,2,1,6,6,30,13.0,2.0,1.0,1,1.0,2,12,Morning,0.5,1,0,3,1
-4.33198,51.87188,1,1,6,6,40,0.0,,1.0,1,2.0,2,3,Morning,1.0,0,1,1,0
-1.90311,52.50735,1,1,2,3,40,0.0,,4.0,1,1.0,1,2,Night,1.0,0,1,4,0
0.02204,51.58967,2,1,2,6,30,13.0,4.0,1.0,1,1.0,1,3,Afternoon,0.5,1,0,4,1
0.28258,50.79702,3,2,7,3,40,13.0,4.0,1.0,1,1.0,1,3,Morning,0.6666666666666666,1,0,1,1
-3.48004,56.41812,2,1,5,6,30,0.0,,1.0,1,1.0,1,9,Afternoon,0.5,1,0,1,1
-3.86834,55.77928,1,1,6,6,30,13.0,4.0,1.0,1,1.0,2,8,Afternoon,1.0,1,0,1,1
-2.27295,53.78982,1,1,7,6,30,0.0,,4.0,1,1.0,1,9,Night,1.0,1,0,1,1
-4.04519,51.0788,2,2,4,6,30,0.0,,4.0,1,1.0,1,1,Evening,1.0,1,0,1,1
-2.71485,53.31982,1,1,5,3,40,19.0,4.0,1.0,1,4.0,2,11,Afternoon,1.0,1,0,4,4
-0.17119,51.21746,1,1,6,6,30,16.0,2.0,1.0,1,2.0,2,10,Morning,1.0,1,0,4,1
0.62667,51.80258,2,3,5,6,30,19.0,4.0,1.0,9,1.0,1,10,Afternoon,1.5,1,0,1,1
-1.22302,60.17483,1,1,3,6,60,0.0,,1.0,3,2.0,2,2,Morning,1.0,1,0,4,1
-1.8848,52.48533,2,4,5,3,30,16.0,2.0,1.0,1,1.0,1,5,Evening,2.0,1,0,3,1
-1.36886,54.89435,2,1,2,6,30,13.0,4.0,1.0,1,1.0,1,10,Afternoon,0.5,1,0,1,1
-1.71691,53.87803,2,1,7,6,30,13.0,4.0,1.0,1,1.0,1,6,Afternoon,0.5,1,0,1,1
-0.34024,53.74835,2,1,7,3,30,13.0,2.0,4.0,1,1.0,1,12,Afternoon,0.5,1,0,4,1
0.00219,51.37421,2,1,5,6,30,13.0,4.0,1.0,1,1.0,1,8,Night,0.5,1,0,2,1
-0.4557,51.90284,2,1,1,6,30,13.0,4.0,1.0,1,1.0,1,6,Afternoon,0.5,1,0,1,1
-0.15865,51.39829,2,1,6,6,30,0.0,4.0,4.0,1,1.0,1,6,Evening,0.5,1,0,4,4
-1.83433,52.51049,1,1,3,3,40,16.0,2.0,4.0,2,2.0,1,2,Evening,1.0,1,0,4,4
-0.38964,51.43963,2,1,1,6,20,19.0,4.0,4.0,4,1.0,1,12,Evening,0.5,1,0,1,4
-0.94617,51.01788,1,1,7,6,30,13.0,4.0,6.0,1,2.0,2,11,Evening,1.0,1,0,1,1
-2.18031,52.99637,3,1,6,3,60,0.0,,4.0,2,2.0,2,10,Evening,0.3333333333333333,0,1,4,0
0.72138,51.55448,2,1,7,3,30,13.0,2.0,1.0,1,1.0,1,7,Evening,0.5,1,0,4,1
-0.38282,51.50087,1,1,6,6,20,16.0,2.0,5.0,1,2.0,1,2,Evening,1.0,1,0,2,2
-4.34504,55.8977,1,1,2,6,30,13.0,4.0,4.0,9,1.0,1,11,Evening,1.0,1,0,1,4
-1.50313,50.90449,1,1,1,7,70,0.0,4.0,1.0,1,1.0,2,11,Morning,1.0,1,0,4,4
-2.18241,51.70887,1,4,6,6,30,16.0,4.0,4.0,1,1.0,1,8,Evening,4.0,1,0,1,1
-0.55006,51.57287,2,2,1,6,30,13.0,4.0,1.0,1,1.0,1,11,Afternoon,1.0,1,0,1,1
-3.33377,55.09808,1,2,4,3,70,0.0,,1.0,1,1.0,2,6,Morning,2.0,0,1,5,0
0.11491,51.6664,3,1,5,3,70,0.0,,1.0,1,1.0,2,10,Afternoon,0.3333333333333333,1,0,6,6
-1.40035,52.80175,2,1,1,6,30,18.0,4.0,1.0,1,1.0,2,9,Morning,0.5,1,0,2,1
-0.23286,51.50639,1,1,7,6,20,13.0,4.0,1.0,2,2.0,1,8,Morning,1.0,1,0,4,1
-0.66701,50.80351,2,3,5,3,40,,4.0,4.0,5,2.0,1,1,Afternoon,1.5,1,0,4,4
-0.20746,51.09707,2,1,5,1,30,,4.0,1.0,2,2.0,1,2,Afternoon,0.5,1,0,1,1
-0.13935,51.31864,2,1,1,6,30,0.0,2.0,1.0,1,1.0,1,7,Morning,0.5,1,0,4,3
-0.12072,50.81989,1,1,6,6,20,0.0,,6.0,5,2.0,1,2,Morning,1.0,1,0,1,1
0.71566,51.55391,2,2,5,1,40,,4.0,1.0,1,1.0,1,6,Evening,1.0,1,0,4,1
-0.12122,51.26218,1,3,1,7,70,0.0,,1.0,1,2.0,2,2,Morning,3.0,0,1,6,0
-2.19836,53.04538,1,1,7,6,30,13.0,4.0,7.0,1,1.0,1,1,Evening,1.0,1,0,3,1
0.24067,51.45462,3,1,5,3,30,0.0,,1.0,1,1.0,2,8,Afternoon,0.3333333333333333,1,0,4,4
-0.45381,51.55457,1,1,4,3,70,0.0,,4.0,1,1.0,1,11,Evening,1.0,0,0,4,0
0.73172,50.95155,1,1,2,2,30,,4.0,1.0,1,1.0,2,11,Afternoon,1.0,1,0,4,4
-2.21753,52.21055,1,1,7,6,30,13.0,4.0,1.0,2,2.0,1,7,Afternoon,1.0,1,0,1,1
-1.78753,53.64608,5,1,5,7,40,0.0,,4.0,4,1.0,1,7,Afternoon,0.2,1,0,4,4
-0.57656,51.2382,3,5,7,3,30,0.0,,1.0,1,1.0,1,2,Afternoon,1.6666666666666667,1,0,4,1
-5.17034,57.90764,1,1,4,6,60,0.0,,1.0,1,1.0,2,4,Evening,1.0,1,0,4,4
-1.31481,53.35858,2,1,1,6,30,0.0,,4.0,1,1.0,1,6,Evening,0.5,1,0,4,1
-2.61069,53.2419,2,1,1,6,60,0.0,,1.0,1,1.0,2,7,Afternoon,0.5,0,0,2,0
0.70141,51.55675,2,1,3,6,30,0.0,,4.0,1,1.0,1,11,Evening,0.5,1,0,4,4
0.18668,51.88522,2,2,5,6,30,13.0,4.0,6.0,1,1.0,2,6,Evening,1.0,1,0,1,1
-0.36386,53.78668,2,1,7,6,30,13.0,4.0,1.0,8,1.0,1,8,Evening,0.5,1,0,1,1
-3.3855,56.08491,1,2,4,3,70,0.0,,1.0,2,2.0,2,3,Morning,2.0,0,1,6,0
-1.81878,52.17687,2,3,1,6,50,13.0,4.0,1.0,1,1.0,2,8,Morning,1.5,1,0,3,1
-0.11657,51.46887,1,1,2,6,20,0.0,,1.0,1,1.0,1,6,Evening,1.0,0,0,1,0
-1.21672,52.9387,2,1,6,3,40,19.0,2.0,1.0,9,1.0,1,5,Afternoon,0.5,1,0,4,4
-3.04534,53.83762,4,1,7,6,30,13.0,4.0,1.0,1,1.0,1,6,Morning,0.25,1,0,1,1
-1.25106,51.7527,2,1,6,6,20,0.0,,1.0,1,1.0,1,7,Evening,0.5,0,0,4,0
-2.43073,51.48535,2,1,5,6,30,13.0,4.0,1.0,1,1.0,2,8,Morning,0.5,1,0,1,1
-2.08567,53.26255,1,1,7,6,50,0.0,,6.0,8,2.0,2,1,Evening,1.0,0,0,4,0
-1.17756,52.64642,1,1,4,6,30,13.0,4.0,1.0,8,4.0,1,1,Morning,1.0,1,0,1,1
-0.35614,51.50563,2,1,1,6,20,13.0,4.0,1.0,1,1.0,1,10,Afternoon,0.5,1,0,4,1
-2.73341,52.72303,1,1,5,6,40,0.0,,1.0,1,1.0,2,7,Afternoon,1.0,0,1,4,0
-1.69075,51.5847,3,1,6,6,40,0.0,,1.0,2,5.0,2,9,Afternoon,0.3333333333333333,0,0,4,0
0.17934,51.47849,2,1,1,6,30,13.0,2.0,1.0,1,1.0,1,4,Afternoon,0.5,1,0,2,4
-2.91585,53.4097,2,1,6,3,30,0.0,,1.0,1,1.0,1,9,Morning,0.5,0,0,4,0
-2.59706,51.45288,1,1,7,6,20,0.0,,4.0,1,1.0,1,1,Afternoon,1.0,0,0,1,0
-0.1391,51.47038,2,1,2,6,20,13.0,4.0,1.0,1,1.0,1,4,Afternoon,0.5,1,0,4,1
0.05449,51.39186,2,1,2,6,30,0.0,,4.0,1,1.0,1,3,Evening,0.5,0,0,1,0
-1.80717,51.57204,2,1,3,6,20,0.0,,1.0,1,1.0,1,11,Afternoon,0.5,0,0,1,0
0.20254,51.58724,1,1,1,6,30,0.0,,4.0,1,1.0,1,9,Evening,1.0,0,0,4,0
-0.17666,51.41961,2,1,3,6,30,13.0,4.0,4.0,2,2.0,1,2,Afternoon,0.5,1,0,4,1
-4.6385,52.03002,2,1,7,6,40,16.0,4.0,4.0,8,2.0,2,12,Evening,0.5,1,0,4,1
-2.79224,50.94503,1,3,5,3,60,0.0,,6.0,2,2.0,2,2,Evening,3.0,0,0,4,0
-0.0533,51.63399,3,1,1,6,30,13.0,4.0,4.0,1,1.0,1,8,Night,0.3333333333333333,1,0,4,1
-0.20326,51.07708,2,1,6,3,20,0.0,,1.0,1,1.0,1,3,Afternoon,0.5,0,1,3,0
0.41573,52.73834,3,2,7,6,40,16.0,2.0,4.0,1,1.0,1,12,Evening,0.6666666666666666,1,0,1,4
-3.95929,55.78169,2,1,3,6,30,,4.0,1.0,1,1.0,1,2,Afternoon,0.5,1,0,4,4
-1.14871,52.95151,2,1,4,6,20,16.0,4.0,1.0,1,1.0,1,6,Evening,0.5,1,0,1,1
-0.24867,51.54801,2,1,1,6,20,13.0,4.0,4.0,1,1.0,1,2,Evening,0.5,1,0,4,1
1.00569,51.98877,2,1,5,6,60,0.0,,6.0,1,1.0,2,1,Afternoon,0.5,0,1,3,0
0.0146,51.4556,2,1,2,6,20,13.0,4.0,1.0,1,1.0,1,7,Afternoon,0.5,1,0,4,1
-0.17467,52.33134,2,2,1,6,30,13.0,4.0,1.0,1,1.0,1,6,Afternoon,1.0,1,0,3,1
-1.77333,51.67406,2,1,6,6,60,0.0,,1.0,1,1.0,2,10,Morning,0.5,0,1,1,0
-3.4838,50.69481,2,1,7,6,30,0.0,,1.0,1,1.0,1,11,Afternoon,0.5,1,0,1,1
-3.04212,53.00173,1,1,3,6,20,0.0,,1.0,1,1.0,1,7,Afternoon,1.0,0,0,3,0
-2.12575,53.57007,2,1,7,6,30,0.0,,1.0,1,2.0,1,9,Evening,0.5,1,0,4,1
-2.51426,51.4647,1,1,6,6,20,13.0,4.0,1.0,1,1.0,1,4,Morning,1.0,1,0,4,1
-0.22064,51.68426,2,2,7,3,70,0.0,,1.0,1,2.0,2,7,Afternoon,1.0,1,0,6,6
-0.05725,51.53257,2,1,2,2,20,,9.0,1.0,1,1.0,1,2,Afternoon,0.5,1,0,4,4
0.14627,52.24787,2,1,6,6,50,0.0,,1.0,2,2.0,2,4,Morning,0.5,1,0,1,1
-5.16446,57.79046,1,1,5,6,60,0.0,,1.0,2,2.0,2,10,Afternoon,1.0,0,1,4,0
-0.11719,51.3922,2,1,2,6,30,,9.0,1.0,9,9.0,1,5,Afternoon,0.5,1,0,4,1
-1.08822,53.97221,2,1,7,6,20,13.0,4.0,1.0,1,1.0,1,9,Afternoon,0.5,1,0,1,1
-1.09333,51.27962,3,1,7,6,30,13.0,4.0,1.0,1,1.0,1,6,Morning,0.3333333333333333,1,0,1,1
-1.2828,50.86496,1,1,2,6,30,0.0,,1.0,1,1.0,1,9,Morning,1.0,0,0,1,0
-5.07663,56.81457,1,1,2,6,60,0.0,,6.0,1,1.0,2,4,Night,1.0,0,1,1,0
-2.6665,54.93112,1,1,4,6,60,0.0,,6.0,1,2.0,2,10,Evening,1.0,0,1,4,0
-2.12248,52.51464,2,2,4,6,30,0.0,,1.0,1,1.0,1,5,Evening,1.0,1,0,1,1
-1.42657,53.86644,1,2,1,6,60,0.0,,1.0,1,2.0,2,2,Afternoon,2.0,1,0,1,1
-0.20378,51.42569,3,3,3,6,20,19.0,1.0,1.0,1,1.0,1,7,Afternoon,1.0,1,0,1,1
-1.17024,52.97866,2,1,7,6,30,19.0,1.0,1.0,1,1.0,1,4,Afternoon,0.5,1,0,3,1
-3.50143,55.05289,2,1,7,6,60,13.0,4.0,1.0,1,1.0,2,10,Afternoon,0.5,1,0,3,1
-0.77151,51.52455,3,1,4,6,60,13.0,4.0,1.0,1,1.0,2,10,Morning,0.3333333333333333,1,0,1,1
-1.36929,50.93295,2,3,6,6,30,0.0,,4.0,2,2.0,1,2,Morning,1.5,0,0,1,0
-4.40585,50.47015,1,1,6,6,50,13.0,4.0,6.0,1,1.0,2,11,Evening,1.0,1,0,4,1
-1.56093,53.75365,1,1,2,6,20,0.0,,1.0,1,1.0,1,6,Afternoon,1.0,1,0,1,1
-2.58019,51.45912,2,1,2,6,20,16.0,4.0,4.0,2,2.0,1,1,Evening,0.5,1,0,1,1
0.04882,51.41296,2,2,7,6,30,0.0,,1.0,1,1.0,1,4,Afternoon,1.0,0,0,2,0
0.04437,51.53135,1,1,1,6,30,13.0,4.0,7.0,1,1.0,1,3,Night,1.0,1,0,4,1
1.38874,51.38001,2,2,3,1,30,,4.0,1.0,1,1.0,1,1,Morning,1.0,1,0,4,3
-3.24698,51.50466,2,2,1,1,30,0.0,4.0,1.0,1,1.0,2,4,Morning,1.0,1,0,4,1
-1.09066,51.43151,2,1,5,1,60,0.0,4.0,1.0,1,2.0,2,9,Afternoon,0.5,1,0,4,4
-3.15538,50.7976,4,2,4,6,60,0.0,,1.0,1,1.0,2,10,Afternoon,0.5,1,0,4,1
-1.16318,50.79423,2,1,1,6,30,0.0,4.0,4.0,2,2.0,1,9,Evening,0.5,1,0,1,3
-2.95844,53.46402,2,1,3,6,30,13.0,2.0,4.0,2,2.0,1,10,Morning,0.5,1,0,4,4
-0.52283,50.81139,2,1,6,6,30,13.0,4.0,1.0,1,1.0,1,11,Afternoon,0.5,1,0,1,1
-0.37995,51.70328,2,4,7,3,70,0.0,,1.0,1,2.0,2,6,Afternoon,2.0,0,1,6,0
-0.20076,51.49271,2,1,7,3,40,19.0,4.0,4.0,9,1.0,1,7,Night,0.5,1,0,4,4
-0.35222,51.86163,2,1,1,6,60,13.0,4.0,1.0,1,1.0,2,5,Afternoon,0.5,1,0,1,1
-1.43603,51.63435,2,1,7,6,60,0.0,,1.0,1,1.0,2,4,Afternoon,0.5,0,0,1,0
-2.20904,53.49628,2,1,6,6,30,13.0,2.0,1.0,1,1.0,1,11,Afternoon,0.5,1,0,4,1
-0.7464,51.33983,1,1,7,3,30,0.0,,4.0,1,1.0,1,8,Evening,1.0,0,1,4,0
-1.55202,54.91187,2,2,3,6,60,0.0,,1.0,1,2.0,2,4,Afternoon,1.0,0,1,3,0
-3.03648,53.76036,2,2,2,6,30,0.0,,1.0,1,1.0,1,6,Morning,1.0,1,0,1,1
-1.78872,50.77992,2,1,1,6,40,13.0,4.0,1.0,1,1.0,2,5,Afternoon,0.5,1,0,3,1
-1.53353,53.81826,1,1,7,6,20,0.0,,1.0,1,1.0,1,6,Afternoon,1.0,1,0,1,1
-0.18042,51.5555,2,1,6,6,20,0.0,,1.0,1,1.0,1,1,Afternoon,0.5,0,0,1,0
0.31414,50.79247,2,3,5,1,30,,4.0,1.0,1,1.0,2,1,Morning,1.5,1,0,4,1
-1.51624,53.39293,2,1,3,6,30,16.0,4.0,1.0,1,1.0,1,5,Afternoon,0.5,1,0,1,4
-0.07008,51.60524,2,1,7,6,20,,2.0,7.0,1,9.0,1,3,Evening,0.5,1,0,2,1
-1.18632,52.59023,2,1,4,3,50,16.0,2.0,1.0,1,1.0,2,5,Evening,0.5,1,0,3,1
-2.21422,51.86318,2,2,5,3,30,13.0,4.0,1.0,1,1.0,1,6,Afternoon,1.0,1,0,4,1
-1.17871,52.89672,2,1,1,6,30,13.0,4.0,1.0,1,1.0,1,6,Afternoon,0.5,1,0,1,1
-0.73416,52.02201,2,1,5,6,30,13.0,4.0,1.0,1,1.0,1,10,Afternoon,0.5,0,1,1,0
-1.91811,52.53446,1,1,7,3,40,0.0,,4.0,1,2.0,1,4,Evening,1.0,1,0,4,1
0.16265,51.39942,2,1,2,6,30,19.0,4.0,1.0,1,1.0,1,10,Afternoon,0.5,1,0,1,1
-0.14533,52.56104,2,1,5,6,30,0.0,,1.0,1,1.0,1,8,Morning,0.5,1,0,4,1
0.05906,51.45607,2,2,1,3,50,0.0,,1.0,1,1.0,1,3,Night,1.0,0,0,4,0
-0.3015,51.56334,2,1,3,9,20,13.0,4.0,1.0,2,2.0,1,4,Afternoon,0.5,1,0,1,1
-0.35518,51.47043,1,1,3,3,20,13.0,2.0,4.0,2,2.0,1,10,Night,1.0,1,0,4,2
-1.75331,53.78711,1,1,7,3,30,0.0,,1.0,1,1.0,1,4,Afternoon,1.0,1,0,4,1
0.13443,52.20108,2,1,7,6,20,0.0,,1.0,1,1.0,1,9,Afternoon,0.5,1,0,1,1
-0.2069,51.4963,1,1,2,6,20,19.0,4.0,1.0,1,1.0,1,6,Afternoon,1.0,1,0,4,1
-2.38809,53.75434,3,1,3,6,30,0.0,,1.0,2,2.0,1,7,Afternoon,0.3333333333333333,1,0,4,1
-0.10798,51.61834,2,1,5,9,30,,9.0,4.0,1,1.0,1,10,Evening,0.5,1,0,4,1
0.06451,51.55678,3,1,3,3,50,0.0,2.0,1.0,1,1.0,2,6,Evening,0.3333333333333333,1,0,4,4
1.38493,52.63155,2,4,2,6,30,19.0,4.0,4.0,8,2.0,2,11,Afternoon,2.0,1,0,4,4
-1.73372,54.96991,1,1,4,6,20,13.0,4.0,1.0,4,1.0,1,12,Morning,1.0,1,0,1,1
-1.43295,50.93447,1,1,4,6,30,13.0,4.0,1.0,1,1.0,1,7,Morning,1.0,1,0,1,1
-0.36099,52.68026,1,1,6,6,60,0.0,,1.0,1,4.0,2,11,Morning,1.0,0,0,2,0
-0.13285,50.82065,2,1,3,6,20,19.0,4.0,4.0,1,1.0,1,10,Evening,0.5,1,0,3,1
-2.04281,53.48632,2,1,7,6,30,13.0,4.0,1.0,1,1.0,1,6,Afternoon,0.5,1,0,1,3
-0.59161,51.50739,2,1,3,6,30,13.0,4.0,1.0,1,1.0,1,5,Afternoon,0.5,1,0,1,1
-1.73115,53.81698,2,1,2,9,30,0.0,,1.0,2,2.0,1,9,Afternoon,0.5,1,0,1,4
-0.15169,51.50315,2,1,6,9,30,0.0,2.0,7.0,9,9.0,1,1,Afternoon,0.5,1,0,4,4
-0.36119,51.34905,3,1,5,3,70,0.0,,5.0,1,1.0,2,11,Afternoon,0.3333333333333333,0,1,4,0
-0.75434,50.8301,2,3,3,3,60,,4.0,1.0,1,1.0,2,4,Afternoon,1.5,1,0,4,4
0.58585,52.23761,2,1,2,6,30,13.0,4.0,1.0,1,1.0,2,11,Morning,0.5,1,0,1,2
-0.23459,52.18505,1,1,4,6,60,0.0,,1.0,1,1.0,2,6,Afternoon,1.0,0,1,1,0
0.05055,51.54054,2,1,5,6,20,0.0,,1.0,2,2.0,1,12,Morning,0.5,0,0,4,0
1.03729,52.68182,2,2,6,7,60,,4.0,1.0,1,2.0,2,2,Afternoon,1.0,1,0,1,4
0.03079,51.48821,1,1,1,6,30,16.0,2.0,1.0,1,1.0,1,6,Afternoon,1.0,1,0,4,2
-1.52424,54.99237,1,1,6,6,20,13.0,1.0,1.0,1,1.0,1,3,Morning,1.0,1,0,4,1
-0.01945,51.58494,2,1,6,6,20,13.0,2.0,1.0,5,2.0,1,3,Afternoon,0.5,1,0,4,4
-2.57783,50.94476,1,1,4,3,70,0.0,,1.0,1,1.0,2,5,Afternoon,1.0,0,0,4,0
-0.22707,51.54605,2,1,1,6,30,13.0,4.0,1.0,1,1.0,1,7,Afternoon,0.5,1,0,2,2
-1.09667,51.80591,2,1,3,3,70,0.0,,1.0,1,1.0,2,4,Morning,0.5,0,0,6,0
-0.10624,51.52226,2,1,3,6,20,16.0,4.0,4.0,1,1.0,1,2,Evening,0.5,1,0,4,2
-0.40589,52.65535,1,1,5,6,60,0.0,,1.0,8,4.0,2,11,Morning,1.0,0,0,4,0
-0.33823,50.83363,3,1,5,6,30,13.0,4.0,1.0,2,2.0,1,9,Morning,0.3333333333333333,1,0,1,1
-1.36602,54.96589,2,1,6,6,30,13.0,4.0,4.0,1,1.0,2,4,Evening,0.5,1,0,4,1
-0.08643,51.56538,4,4,7,6,20,0.0,,4.0,1,1.0,1,9,Night,1.0,0,0,3,0
-0.54815,51.30356,2,1,4,6,30,0.0,,1.0,1,1.0,1,6,Morning,0.5,1,0,1,1
-1.31625,51.40727,2,1,1,6,30,0.0,,1.0,1,1.0,1,5,Afternoon,0.5,0,0,3,0
-0.16746,52.78445,2,1,6,6,30,13.0,4.0,1.0,1,1.0,1,8,Afternoon,0.5,1,0,4,1
-0.08273,51.07151,2,3,1,6,60,0.0,,1.0,1,1.0,2,6,Morning,1.5,0,1,3,0
-1.79363,52.45481,1,1,3,3,40,16.0,4.0,1.0,1,1.0,1,4,Afternoon,1.0,1,0,4,1
-1.38718,52.04293,2,1,6,6,30,0.0,,4.0,8,1.0,2,12,Morning,0.5,0,0,3,0
0.33203,51.4895,2,1,3,6,30,13.0,4.0,1.0,9,1.0,1,5,Afternoon,0.5,1,0,1,1
-1.9003,53.98088,2,1,4,6,60,0.0,,1.0,1,1.0,2,5,Afternoon,0.5,0,0,1,0
0.35945,51.30736,1,1,5,3,60,0.0,,7.0,1,2.0,2,1,Evening,1.0,0,1,6,0
-2.15966,53.02107,2,1,2,6,30,0.0,,4.0,1,1.0,1,11,Evening,0.5,1,0,4,1
-4.35142,55.83238,1,1,5,1,30,0.0,,1.0,1,1.0,1,3,Afternoon,1.0,1,0,1,1
-1.4007,52.03413,2,1,2,6,50,0.0,,1.0,4,1.0,2,5,Morning,0.5,0,0,3,0
-0.19185,51.69705,1,1,5,6,30,13.0,4.0,1.0,1,2.0,1,5,Afternoon,1.0,1,0,1,1
0.15399,52.7786,1,1,1,6,30,0.0,,7.0,1,1.0,2,7,Night,1.0,0,0,2,0
-0.12539,50.95512,1,1,5,6,30,0.0,,1.0,1,1.0,1,1,Morning,1.0,1,0,1,1
-1.73001,53.8885,2,1,4,6,30,19.0,4.0,1.0,1,1.0,1,6,Morning,0.5,1,0,4,4
-1.40387,50.91842,3,1,6,6,30,16.0,4.0,4.0,1,1.0,1,3,Evening,0.3333333333333333,1,0,4,1
0.15265,51.28057,2,3,5,6,40,13.0,4.0,1.0,1,1.0,1,9,Afternoon,1.5,1,0,1,1
-0.35669,53.75957,2,1,4,6,30,0.0,,1.0,1,1.0,1,10,Afternoon,0.5,1,0,1,1
0.01239,51.57248,2,1,1,3,50,0.0,,1.0,1,1.0,1,8,Morning,0.5,0,0,4,0
-3.92664,55.6688,1,1,5,3,70,0.0,,1.0,2,2.0,2,7,Morning,1.0,0,1,6,0
-0.35747,53.73707,3,2,6,1,30,,4.0,1.0,1,1.0,1,5,Afternoon,0.6666666666666666,1,0,1,4
-1.93735,52.50382,2,2,7,6,30,17.0,2.0,1.0,1,1.0,1,1,Afternoon,1.0,1,0,4,4
-3.16948,55.95741,2,1,4,6,20,19.0,2.0,4.0,1,1.0,1,11,Morning,0.5,1,0,4,1
-0.04087,51.67051,1,1,2,6,30,19.0,4.0,1.0,1,1.0,1,6,Morning,1.0,1,0,4,1
-0.10157,51.19338,1,1,2,6,30,13.0,,1.0,8,1.0,2,6,Evening,1.0,1,0,1,1
-1.38,50.82395,3,2,1,6,30,0.0,,1.0,1,1.0,1,1,Afternoon,0.6666666666666666,0,0,1,0
0.09165,51.56291,1,1,3,6,30,13.0,2.0,1.0,1,1.0,1,10,Afternoon,1.0,1,0,4,1
0.07145,52.99279,2,1,6,6,50,0.0,,4.0,1,1.0,2,3,Evening,0.5,0,0,4,0
-3.38959,51.7518,1,2,1,6,20,0.0,,1.0,1,1.0,1,10,Afternoon,2.0,0,0,1,0
-1.01134,53.5996,1,1,7,6,30,13.0,4.0,1.0,1,1.0,2,6,Evening,1.0,1,0,1,1
-1.50729,52.40748,2,1,2,2,20,13.0,4.0,1.0,2,2.0,1,10,Morning,0.5,1,0,1,1
0.05578,51.39559,3,1,3,6,30,13.0,4.0,1.0,1,1.0,1,5,Evening,0.3333333333333333,1,0,1,1
-0.05509,51.47305,2,1,5,6,20,13.0,4.0,1.0,1,1.0,1,8,Morning,0.5,1,0,4,1
-0.24416,51.39508,2,1,6,9,20,,9.0,4.0,9,1.0,1,12,Evening,0.5,1,0,1,1
-1.8553,52.4636,1,1,5,7,30,0.0,,1.0,1,1.0,1,11,Morning,1.0,0,1,1,0
-1.42658,53.90553,2,1,1,6,30,13.0,4.0,6.0,2,2.0,1,10,Evening,0.5,1,0,4,1
-0.15903,51.51343,1,1,3,6,20,0.0,2.0,1.0,1,1.0,1,5,Afternoon,1.0,1,0,4,1
-3.04029,53.52119,1,1,1,6,60,0.0,,6.0,1,2.0,2,11,Night,1.0,0,0,3,0
-2.26725,53.78749,1,2,4,6,30,13.0,4.0,1.0,1,1.0,1,2,Afternoon,2.0,1,0,1,1
-4.16564,51.67863,2,1,2,1,20,,4.0,4.0,1,1.0,1,9,Evening,0.5,1,0,1,1
-1.7396,52.63275,1,1,6,6,50,0.0,,1.0,1,1.0,2,5,Afternoon,1.0,0,1,3,0
-0.48211,52.8053,1,1,3,6,60,0.0,,6.0,2,2.0,2,12,Night,1.0,0,0,4,0
-0.31328,51.55259,3,3,4,1,30,0.0,4.0,4.0,1,2.0,1,7,Night,1.0,1,0,4,4
-4.15431,51.66709,2,1,5,6,30,18.0,4.0,4.0,1,1.0,2,12,Afternoon,0.5,1,0,3,1
-0.32399,51.52471,1,1,5,1,20,0.0,4.0,4.0,2,2.0,1,2,Evening,1.0,1,0,3,3
0.51131,51.75088,2,1,2,1,40,,4.0,1.0,1,1.0,1,4,Afternoon,0.5,1,0,4,4
-3.19653,51.76078,1,1,1,6,40,0.0,,1.0,1,1.0,2,4,Afternoon,1.0,0,0,4,0
-0.19124,52.3371,2,1,6,6,30,18.0,4.0,1.0,1,1.0,1,5,Afternoon,0.5,1,0,3,1
-0.66687,52.02581,2,1,4,6,30,13.0,4.0,1.0,1,1.0,2,3,Afternoon,0.5,0,1,1,0
-2.24373,50.85455,1,1,2,6,60,13.0,4.0,6.0,1,1.0,2,1,Afternoon,1.0,1,0,2,2
-0.01307,50.79739,1,1,2,6,30,0.0,,4.0,2,2.0,1,9,Evening,1.0,1,0,1,1
-2.23415,53.5126,1,1,4,6,30,0.0,,1.0,1,2.0,1,10,Afternoon,1.0,1,0,1,1
-1.65994,52.74012,2,2,2,6,60,0.0,,1.0,1,2.0,2,7,Morning,1.0,0,0,2,0
-1.13862,52.94007,2,1,3,3,30,13.0,2.0,4.0,1,1.0,1,1,Evening,0.5,1,0,4,4
-1.23178,51.74586,1,1,6,6,20,13.0,4.0,5.0,8,1.0,1,11,Afternoon,1.0,1,0,3,1
-1.02831,50.87629,2,1,3,6,30,18.0,4.0,4.0,5,2.0,1,2,Evening,0.5,1,0,1,1
-0.09778,51.35949,2,1,2,6,20,19.0,4.0,1.0,2,2.0,1,10,Morning,0.5,1,0,4,2
0.09038,51.48794,2,1,3,9,30,,9.0,1.0,9,9.0,1,4,Afternoon,0.5,1,0,4,1
-1.14088,52.74728,2,1,3,6,30,18.0,4.0,1.0,1,2.0,1,9,Morning,0.5,1,0,2,1
-5.82862,56.95479,1,1,5,6,60,0.0,,6.0,1,1.0,2,11,Afternoon,1.0,0,1,4,0
-2.13345,52.80626,2,1,2,1,30,,4.0,1.0,1,1.0,1,9,Morning,0.5,1,0,1,1
-0.15416,51.41509,2,1,3,6,20,,9.0,1.0,1,1.0,1,5,Morning,0.5,1,0,4,1
-1.87489,52.4592,2,1,5,6,30,13.0,4.0,4.0,1,1.0,1,1,Afternoon,0.5,1,0,4,1
-0.57348,51.26339,2,4,4,6,40,13.0,4.0,1.0,1,1.0,2,11,Afternoon,2.0,1,0,4,4
-2.26334,52.38556,2,1,7,6,30,16.0,2.0,4.0,1,1.0,1,11,Evening,0.5,1,0,4,4
-1.56087,53.78115,2,1,6,3,50,0.0,,1.0,1,1.0,1,7,Evening,0.5,0,1,6,0
-1.95478,52.48686,1,1,4,6,30,13.0,4.0,1.0,1,1.0,1,2,Afternoon,1.0,1,0,1,4
-0.04655,51.52181,2,1,3,6,20,13.0,2.0,1.0,1,1.0,1,4,Morning,0.5,1,0,4,3
-0.06674,51.39303,2,1,5,9,30,,9.0,1.0,9,9.0,1,7,Afternoon,0.5,1,0,4,1
0.29926,51.43061,4,1,1,3,70,0.0,,1.0,2,2.0,2,7,Morning,0.25,1,0,4,4
-0.08275,51.61636,2,1,1,1,30,16.0,2.0,4.0,1,1.0,1,5,Evening,0.5,1,0,2,1
-0.45648,52.80214,1,1,2,6,60,0.0,,1.0,1,1.0,2,7,Evening,1.0,0,0,4,0
-1.1411,52.59504,2,1,6,6,30,13.0,4.0,4.0,1,1.0,1,11,Evening,0.5,1,0,3,1
-4.15717,50.39822,2,3,3,6,30,13.0,4.0,4.0,2,2.0,1,12,Afternoon,1.5,1,0,1,1
-4.33213,53.39723,2,1,7,6,40,16.0,4.0,7.0,1,1.0,2,8,Evening,0.5,1,0,4,1
-2.23673,51.8437,2,1,2,3,30,19.0,4.0,1.0,1,1.0,1,8,Afternoon,0.5,1,0,4,1
0.24974,50.82191,5,2,3,6,30,13.0,4.0,1.0,1,1.0,1,4,Morning,0.4,1,0,3,1
-2.87148,53.2072,2,1,1,6,30,19.0,4.0,1.0,1,1.0,1,6,Afternoon,0.5,1,0,1,1
-1.12084,52.99937,1,1,3,6,30,13.0,,1.0,9,1.0,1,11,Afternoon,1.0,1,0,1,1
-0.01062,51.61493,2,2,4,9,30,18.0,9.0,1.0,9,9.0,1,11,Afternoon,1.0,1,0,1,1
-0.12975,50.83216,2,1,3,3,30,17.0,2.0,1.0,1,1.0,1,4,Afternoon,0.5,1,0,4,1
-0.11811,51.77065,2,1,3,6,60,0.0,,1.0,1,,2,5,Night,0.5,1,0,3,1
-2.12207,51.90543,1,1,1,6,30,0.0,,4.0,1,1.0,1,5,Night,1.0,1,0,1,1
-0.45925,51.49419,2,1,2,1,30,0.0,4.0,1.0,8,1.0,2,6,Evening,0.5,1,0,4,4
-1.78208,52.45183,2,2,3,3,40,16.0,2.0,4.0,1,2.0,1,12,Evening,1.0,1,0,4,3
-0.85635,50.76651,3,3,3,6,30,0.0,,1.0,1,4.0,2,1,Afternoon,1.0,1,0,3,1
-0.16052,51.51353,2,1,2,9,20,13.0,2.0,4.0,1,1.0,1,5,Night,0.5,1,0,4,4
-1.9179,54.97819,2,2,2,3,70,13.0,4.0,1.0,1,2.0,2,9,Afternoon,1.0,1,0,4,3
-1.58286,54.53689,3,2,1,6,30,13.0,3.0,1.0,2,2.0,1,6,Evening,0.6666666666666666,1,0,1,1
0.31476,51.14097,2,1,4,3,70,0.0,,1.0,1,1.0,2,8,Afternoon,0.5,0,1,4,0
-4.43133,55.82256,1,1,6,6,20,0.0,,1.0,2,2.0,1,11,Afternoon,1.0,1,0,1,1
-0.17575,51.48451,2,1,5,6,20,16.0,2.0,1.0,1,1.0,1,11,Afternoon,0.5,1,0,4,2
-1.08987,51.26861,2,2,6,6,30,0.0,,1.0,2,2.0,1,9,Morning,1.0,0,0,1,0
-1.93192,51.62861,1,1,1,6,60,0.0,,1.0,1,1.0,2,8,Afternoon,1.0,0,0,3,0
-0.11566,51.55681,2,1,7,2,20,13.0,2.0,1.0,1,1.0,1,3,Afternoon,0.5,1,0,4,1
-0.17636,51.61554,2,1,6,6,30,17.0,2.0,4.0,1,1.0,1,1,Afternoon,0.5,1,0,4,1
-2.71952,53.45326,2,1,3,3,30,13.0,2.0,4.0,1,1.0,1,11,Evening,0.5,1,0,1,1
-0.41224,53.8445,2,1,6,6,20,13.0,4.0,7.0,1,1.0,1,9,Evening,0.5,1,0,1,1
-0.17179,51.2679,2,3,5,3,70,0.0,,4.0,2,2.0,2,2,Evening,1.5,0,1,6,0
-0.21022,51.42349,2,1,2,6,20,18.0,4.0,4.0,4,1.0,1,4,Evening,0.5,1,0,4,1
-4.0128,52.41242,1,1,3,6,60,0.0,,1.0,5,2.0,2,4,Morning,1.0,0,1,4,0
-0.19464,51.09517,3,1,6,3,70,0.0,,4.0,2,2.0,2,3,Evening,0.3333333333333333,0,1,4,0
-0.16198,50.82626,2,1,4,3,20,16.0,2.0,1.0,1,1.0,1,12,Afternoon,0.5,1,0,3,1
-0.15191,50.83562,2,1,3,6,30,17.0,2.0,1.0,1,1.0,1,9,Morning,0.5,1,0,1,1
0.16089,52.07473,4,4,1,3,70,0.0,,1.0,1,1.0,2,10,Afternoon,1.0,0,1,6,0
-1.05288,52.65184,1,1,3,6,30,0.0,,1.0,1,1.0,1,12,Afternoon,1.0,0,1,1,0
-4.3185,55.92288,1,1,7,6,30,0.0,,4.0,2,2.0,1,8,Evening,1.0,0,1,4,0
-0.16966,51.12731,2,1,4,7,50,,4.0,1.0,1,2.0,1,3,Afternoon,0.5,1,0,4,4
-1.47225,52.89651,2,1,5,6,40,0.0,4.0,4.0,2,2.0,1,3,Evening,0.5,1,0,4,4
-1.5782,55.17705,2,1,6,6,20,19.0,4.0,1.0,1,1.0,1,7,Afternoon,0.5,1,0,1,1
-1.14723,52.02904,2,1,4,6,30,13.0,2.0,1.0,1,1.0,1,5,Morning,0.5,1,0,2,1
-0.00735,51.60613,1,1,5,2,30,13.0,4.0,7.0,9,4.0,1,1,Night,1.0,1,0,2,1
-1.99734,52.33591,3,1,7,6,60,18.0,4.0,1.0,1,1.0,2,4,Afternoon,0.3333333333333333,1,0,1,1
-2.69171,53.76662,2,1,3,6,30,13.0,4.0,1.0,1,1.0,1,12,Afternoon,0.5,1,0,4,1
-0.17545,50.82607,2,1,7,6,20,0.0,,1.0,1,1.0,1,5,Evening,0.5,1,0,1,1
-2.38402,53.77841,2,1,7,6,30,16.0,2.0,1.0,1,1.0,1,2,Afternoon,0.5,1,0,1,4
-1.17446,53.21999,2,1,7,6,60,0.0,,6.0,1,2.0,2,3,Evening,0.5,0,1,1,0
-1.1535,52.62376,1,1,6,6,30,13.0,4.0,1.0,2,2.0,1,2,Morning,1.0,1,0,4,1
-0.19708,51.4698,2,1,7,6,20,13.0,4.0,1.0,1,1.0,1,5,Evening,0.5,1,0,1,1
-1.94662,52.45961,1,1,3,6,30,0.0,,1.0,1,1.0,1,1,Afternoon,1.0,0,1,3,0
0.26343,51.48511,2,2,5,1,30,,4.0,4.0,1,2.0,2,9,Evening,1.0,1,0,1,1
-0.34216,51.09538,2,1,5,6,40,13.0,4.0,1.0,8,2.0,2,5,Morning,0.5,1,0,4,1
0.32618,51.42846,2,1,6,3,70,0.0,,4.0,1,1.0,2,4,Evening,0.5,0,1,4,0
-0.21714,53.15168,2,1,3,6,30,18.0,4.0,1.0,1,2.0,2,1,Afternoon,0.5,1,0,3,1
0.67962,51.56152,3,1,6,3,40,0.0,,4.0,1,1.0,1,10,Evening,0.3333333333333333,0,1,4,0
-0.09516,51.45368,2,1,2,9,20,13.0,4.0,7.0,9,9.0,1,3,Afternoon,0.5,1,0,1,1
-0.07367,51.46268,2,1,1,6,20,0.0,4.0,4.0,8,1.0,1,7,Night,0.5,1,0,1,1
-2.12196,53.25754,3,1,4,6,30,16.0,4.0,1.0,1,1.0,1,3,Morning,0.3333333333333333,1,0,1,1
0.61735,51.3747,2,1,4,6,20,0.0,,1.0,1,1.0,2,10,Afternoon,0.5,1,0,3,1
-1.35214,52.43479,2,2,1,3,70,0.0,,1.0,1,1.0,2,8,Afternoon,1.0,0,1,6,0
-0.12399,51.64442,2,1,2,6,30,13.0,4.0,1.0,1,1.0,1,7,Afternoon,0.5,1,0,2,1
-0.72691,51.96236,1,1,6,3,70,0.0,,6.0,1,1.0,2,3,Evening,1.0,0,0,4,0
-1.26813,51.41084,2,1,7,6,30,0.0,,1.0,1,1.0,1,10,Morning,0.5,0,0,1,0
0.1601,53.20893,3,1,3,6,60,0.0,,1.0,1,1.0,2,6,Afternoon,0.3333333333333333,0,0,4,0
0.95497,51.94262,3,1,7,3,70,0.0,,6.0,4,1.0,2,4,Evening,0.3333333333333333,0,1,4,0
-0.13682,50.83055,1,1,3,6,20,17.0,4.0,1.0,1,1.0,1,7,Afternoon,1.0,1,0,1,1
-2.12955,51.89557,1,1,3,6,30,0.0,,1.0,1,1.0,1,9,Afternoon,1.0,1,0,1,1
-0.01127,51.46476,2,1,3,6,30,16.0,2.0,1.0,1,1.0,1,10,Morning,0.5,1,0,4,1
-1.06051,54.53127,1,1,2,6,30,13.0,4.0,4.0,1,1.0,1,5,Night,1.0,1,0,1,1
-3.25453,56.19851,1,2,4,6,40,0.0,,6.0,1,2.0,2,10,Night,2.0,0,1,4,0
-0.21866,51.53348,1,1,5,6,30,13.0,4.0,4.0,2,2.0,1,1,Evening,1.0,1,0,2,1
-1.47145,53.3679,1,1,6,6,30,13.0,4.0,4.0,1,2.0,1,12,Afternoon,1.0,1,0,4,1
-0.12311,51.56816,3,1,4,3,20,0.0,,1.0,1,1.0,1,6,Evening,0.3333333333333333,0,0,4,0
-0.19448,51.50065,1,1,7,2,20,13.0,4.0,1.0,1,1.0,1,12,Morning,1.0,1,0,4,2
-3.94511,55.69615,2,1,2,3,70,0.0,,1.0,1,1.0,2,7,Morning,0.5,0,1,6,0
-3.44911,51.71436,2,1,6,1,20,0.0,4.0,1.0,1,1.0,1,4,Afternoon,0.5,1,0,3,4
-2.93636,53.20162,2,1,1,6,30,0.0,,1.0,1,1.0,1,5,Afternoon,0.5,0,0,1,0
-3.27487,51.40528,2,1,7,6,20,13.0,4.0,1.0,1,1.0,1,4,Afternoon,0.5,1,0,1,1
-0.07334,51.08947,2,1,4,6,40,13.0,4.0,1.0,1,2.0,2,12,Morning,0.5,1,0,1,1
0.13261,52.67565,2,1,1,6,30,0.0,,1.0,1,1.0,1,5,Morning,0.5,1,0,3,1
-0.31805,51.07682,2,1,4,6,30,13.0,4.0,1.0,2,2.0,1,3,Afternoon,0.5,1,0,1,1
-1.23631,50.85274,2,1,7,6,30,0.0,,1.0,1,1.0,2,4,Afternoon,0.5,0,0,4,0
-0.81043,51.81408,2,1,7,1,30,0.0,4.0,4.0,2,2.0,1,11,Evening,0.5,1,0,4,4
0.91986,51.87946,1,1,3,6,30,13.0,4.0,1.0,1,1.0,1,8,Evening,1.0,1,0,1,1
-1.51534,54.95971,1,1,6,6,30,13.0,4.0,1.0,1,1.0,1,8,Afternoon,1.0,1,0,1,1
-1.07966,51.81488,3,1,3,6,60,0.0,,1.0,1,2.0,2,12,Morning,0.3333333333333333,0,0,3,0
-3.32062,52.55478,1,3,6,6,60,0.0,,6.0,5,2.0,2,4,Evening,3.0,0,1,1,0
-0.08187,51.12185,2,1,4,6,30,0.0,,1.0,8,2.0,1,11,Afternoon,0.5,1,0,1,1
-0.01768,52.9821,2,1,4,3,30,16.0,2.0,1.0,1,1.0,1,11,Morning,0.5,1,0,4,1
-1.29144,51.07228,3,1,6,1,60,0.0,2.0,1.0,1,1.0,2,2,Morning,0.3333333333333333,1,0,6,4
-1.71542,52.36946,2,1,4,6,50,0.0,,1.0,1,1.0,2,7,Afternoon,0.5,0,1,4,0
-1.06589,50.80275,2,1,6,6,30,13.0,4.0,1.0,1,2.0,1,3,Morning,0.5,1,0,1,1
-0.10588,51.42254,2,2,6,6,20,0.0,,4.0,2,2.0,1,12,Evening,1.0,0,0,4,0
0.14855,52.35833,2,2,7,6,20,0.0,,1.0,1,1.0,2,4,Morning,1.0,1,0,4,1
-3.30356,55.96062,3,1,7,3,40,13.0,2.0,4.0,1,1.0,1,11,Night,0.3333333333333333,1,0,4,4
0.49942,50.84552,1,2,7,6,30,0.0,,1.0,1,1.0,1,7,Evening,2.0,1,0,4,1
-3.01521,53.80612,2,1,5,6,20,19.0,4.0,1.0,1,1.0,1,6,Evening,0.5,1,0,1,1
0.38191,51.99121,1,1,2,6,60,0.0,,1.0,8,4.0,2,3,Morning,1.0,0,1,1,0
1.29188,51.17701,2,1,3,3,70,13.0,4.0,1.0,8,1.0,2,10,Afternoon,0.5,1,0,1,4
-4.38546,55.90718,2,2,3,3,40,0.0,,1.0,2,1.0,1,3,Afternoon,1.0,1,0,4,4
-0.21252,51.43841,2,2,7,3,20,19.0,4.0,1.0,1,1.0,1,7,Afternoon,1.0,1,0,2,1
-1.71797,53.79617,1,1,6,6,30,0.0,,1.0,1,1.0,1,10,Morning,1.0,1,0,1,1
-1.53908,55.18683,2,1,3,3,50,0.0,,1.0,1,1.0,2,5,Morning,0.5,0,1,4,0
0.03329,51.47494,2,1,3,9,30,13.0,4.0,1.0,9,9.0,1,3,Afternoon,0.5,1,0,4,1
-0.02161,52.978,1,1,5,6,30,13.0,4.0,1.0,8,2.0,1,10,Afternoon,1.0,1,0,1,1
-3.04636,53.87787,2,1,4,6,20,,3.0,1.0,1,1.0,1,6,Evening,0.5,1,0,1,1
-1.52873,52.43297,2,1,3,6,30,16.0,4.0,4.0,1,1.0,1,12,Afternoon,0.5,1,0,1,1
-2.61129,51.46633,2,1,2,6,20,13.0,4.0,1.0,1,1.0,1,6,Evening,0.5,1,0,4,1
-0.29081,51.64189,2,2,4,6,30,0.0,,4.0,1,1.0,1,7,Evening,1.0,1,0,4,1
1.16193,51.81732,2,1,3,6,30,13.0,4.0,1.0,1,1.0,1,5,Morning,0.5,1,0,3,1
-1.06082,53.55552,1,1,4,6,30,13.0,4.0,4.0,5,2.0,1,10,Evening,1.0,1,0,1,1
-0.04255,51.51291,1,1,7,6,20,19.0,4.0,1.0,1,1.0,1,7,Afternoon,1.0,1,0,4,1
-1.06043,52.70482,2,1,6,6,40,0.0,,1.0,1,1.0,1,6,Morning,0.5,0,1,2,0
-2.59347,51.47057,2,1,6,6,20,13.0,2.0,1.0,1,1.0,1,6,Afternoon,0.5,1,0,4,3
-1.38519,54.03308,2,1,6,3,70,0.0,,1.0,1,1.0,2,7,Morning,0.5,0,0,5,0
-2.93025,53.39016,2,1,3,6,30,17.0,2.0,4.0,1,1.0,1,11,Evening,0.5,1,0,4,3
1.5034,52.52394,3,1,3,6,60,0.0,,1.0,8,2.0,2,12,Morning,0.3333333333333333,0,1,4,0
-0.78989,51.81486,2,4,7,6,30,13.0,2.0,4.0,1,2.0,1,10,Afternoon,2.0,1,0,4,1
-1.15391,52.97138,1,1,3,6,30,19.0,2.0,1.0,1,1.0,1,6,Morning,1.0,1,0,4,1
-3.59944,56.18878,2,1,7,6,60,19.0,4.0,1.0,1,1.0,2,8,Afternoon,0.5,1,0,4,1
-2.88074,53.41601,1,1,5,6,30,13.0,4.0,4.0,1,2.0,1,9,Morning,1.0,1,0,1,1
-3.94993,55.96942,1,1,5,3,50,0.0,,1.0,1,1.0,1,4,Afternoon,1.0,0,1,1,0
-1.13566,54.39894,1,1,7,6,40,0.0,,1.0,1,1.0,2,4,Afternoon,1.0,0,0,3,0
-0.08543,51.10349,2,2,5,6,30,16.0,4.0,5.0,1,2.0,2,11,Evening,1.0,1,0,3,3
-0.31062,51.58518,2,1,1,3,30,13.0,4.0,1.0,1,1.0,1,6,Afternoon,0.5,1,0,4,1
-0.22169,51.37666,1,1,3,6,30,13.0,4.0,1.0,1,1.0,1,6,Morning,1.0,1,0,1,4
-0.30911,51.54967,2,1,1,6,20,0.0,,1.0,1,1.0,1,6,Afternoon,0.5,0,0,1,0
-0.4312,53.74722,2,1,3,3,30,,4.0,1.0,1,1.0,1,9,Afternoon,0.5,1,0,3,1
-1.74209,54.85735,2,1,3,6,30,13.0,3.0,1.0,1,1.0,1,4,Afternoon,0.5,1,0,1,1
-1.61082,52.43735,2,1,2,3,60,0.0,,1.0,1,1.0,2,9,Evening,0.5,0,1,4,0
-2.17355,53.55118,2,1,2,6,30,0.0,,1.0,1,1.0,1,6,Evening,0.5,1,0,4,1
-3.03319,53.87321,1,1,7,6,30,19.0,4.0,4.0,1,1.0,1,10,Night,1.0,1,0,1,1
0.08752,51.37277,3,1,5,6,30,0.0,,4.0,1,2.0,1,1,Evening,0.3333333333333333,0,0,4,0
-4.29828,55.84784,5,3,5,3,50,0.0,,1.0,1,1.0,1,9,Afternoon,0.6,1,0,6,6
-0.35278,51.37728,2,1,1,6,40,13.0,2.0,4.0,1,1.0,1,6,Night,0.5,1,0,3,4
-2.05739,53.483,1,2,3,6,30,13.0,4.0,1.0,1,1.0,1,7,Afternoon,2.0,1,0,1,1
-2.54189,53.41386,2,2,6,3,60,0.0,,1.0,1,1.0,2,5,Evening,1.0,0,0,4,0
-1.58395,52.25717,2,1,4,6,60,0.0,,4.0,1,1.0,2,6,Evening,0.5,1,0,4,6
-1.63891,54.98831,2,5,3,3,40,16.0,2.0,1.0,1,1.0,1,6,Evening,2.5,1,0,4,4
-3.17913,52.70326,3,3,2,6,60,13.0,4.0,1.0,1,1.0,2,6,Afternoon,1.0,1,0,4,1
-0.2277,51.49878,1,1,1,6,20,0.0,,4.0,1,1.0,1,2,Evening,1.0,0,0,2,0
0.57456,51.59743,1,1,5,3,70,0.0,,6.0,2,2.0,2,2,Afternoon,1.0,1,0,4,4
-2.6249,53.66973,1,1,7,1,50,0.0,,1.0,7,2.0,2,12,Afternoon,1.0,1,0,4,6
-1.48579,53.3541,2,1,3,6,30,13.0,4.0,4.0,1,1.0,1,12,Afternoon,0.5,1,0,4,1
-0.37071,51.73749,2,1,1,3,50,0.0,,6.0,1,1.0,2,2,Evening,0.5,0,1,4,0
-2.05948,52.54396,1,3,5,6,30,0.0,,4.0,1,1.0,1,3,Evening,3.0,0,1,4,0
-0.1603,51.51963,2,1,2,6,20,16.0,4.0,4.0,1,1.0,1,1,Evening,0.5,1,0,2,1
-0.19797,51.59718,2,1,2,9,20,16.0,2.0,1.0,8,1.0,1,9,Afternoon,0.5,1,0,4,4
-1.37956,53.43162,2,1,3,6,30,19.0,4.0,4.0,1,1.0,1,3,Evening,0.5,1,0,1,1
-1.11501,52.63485,1,1,4,6,30,0.0,,1.0,1,1.0,1,5,Evening,1.0,0,1,1,0
-2.88466,53.48447,2,1,2,6,30,13.0,2.0,4.0,1,1.0,1,4,Evening,0.5,1,0,4,4
-2.72922,53.77382,2,1,1,6,30,0.0,,1.0,1,4.0,1,1,Afternoon,0.5,1,0,3,1
-5.39825,50.1975,2,1,3,6,60,0.0,,1.0,1,1.0,2,8,Afternoon,0.5,1,0,4,4
-0.04243,51.42627,2,1,2,9,20,,4.0,1.0,1,1.0,1,10,Morning,0.5,1,0,4,1
0.79831,51.42199,2,1,2,6,40,0.0,,1.0,1,2.0,1,3,Morning,0.5,1,0,1,1
-1.97204,52.41422,2,1,2,6,20,13.0,4.0,1.0,1,1.0,1,6,Morning,0.5,1,0,1,1
0.02578,51.93513,2,3,5,6,40,13.0,4.0,1.0,1,1.0,2,6,Afternoon,1.5,1,0,3,1
-2.15087,52.59055,2,1,7,3,30,17.0,2.0,1.0,1,1.0,1,4,Morning,0.5,1,0,4,1
-2.75372,53.77094,2,1,3,6,30,0.0,,1.0,1,1.0,1,5,Afternoon,0.5,1,0,1,1
-1.51439,54.73108,2,1,5,6,60,0.0,,1.0,1,1.0,2,2,Afternoon,0.5,0,1,4,0
-2.22803,52.22055,1,1,2,6,30,18.0,4.0,1.0,1,1.0,1,9,Morning,1.0,1,0,4,1
-0.07175,51.52186,2,1,4,3,30,16.0,4.0,4.0,1,1.0,1,1,Night,0.5,1,0,3,2
-1.36273,51.66979,2,2,6,6,40,13.0,2.0,1.0,2,2.0,2,5,Morning,1.0,1,0,4,4
-3.55356,50.47789,1,1,5,6,30,0.0,,1.0,5,2.0,1,2,Afternoon,1.0,1,0,1,1
-2.19558,51.83929,3,1,4,3,70,0.0,,6.0,2,2.0,2,12,Afternoon,0.3333333333333333,0,1,6,0
-0.98643,54.01488,3,4,5,6,60,19.0,4.0,1.0,1,1.0,2,7,Evening,1.3333333333333333,1,0,4,1
-0.22706,52.32556,2,1,3,6,30,19.0,4.0,4.0,1,1.0,2,12,Afternoon,0.5,1,0,3,1
1.15377,52.05199,1,1,3,3,30,0.0,,1.0,1,,1,6,Afternoon,1.0,1,0,4,1
-1.31999,51.62586,1,2,1,6,20,0.0,,4.0,1,1.0,2,8,Night,2.0,0,0,3,0
1.08114,51.36396,1,2,4,6,30,0.0,,6.0,1,1.0,2,1,Evening,2.0,1,0,3,1
-1.97507,52.42642,2,1,2,3,40,16.0,4.0,1.0,2,2.0,1,11,Afternoon,0.5,1,0,3,1
-3.21426,54.15598,2,3,2,3,60,13.0,2.0,1.0,1,1.0,2,7,Afternoon,1.5,1,0,4,1
0.51027,51.33483,2,1,6,1,60,0.0,,1.0,1,1.0,1,9,Afternoon,0.5,1,0,4,6
-1.77424,53.7788,1,1,2,6,30,13.0,4.0,1.0,1,1.0,1,6,Evening,1.0,1,0,1,1
-1.51589,54.90586,3,1,5,7,70,0.0,,1.0,1,2.0,1,1,Afternoon,0.3333333333333333,1,0,4,1
-2.54147,51.47569,2,1,3,6,30,13.0,4.0,1.0,1,1.0,1,12,Morning,0.5,1,0,4,1
-0.10544,51.5898,1,1,4,6,20,19.0,4.0,1.0,1,1.0,1,7,Evening,1.0,1,0,4,1
-1.36134,53.44191,2,1,5,3,40,,4.0,1.0,1,1.0,1,5,Afternoon,0.5,1,0,4,4
-0.0132,51.45788,1,1,4,9,20,,2.0,4.0,8,9.0,1,5,Evening,1.0,1,0,4,2
-1.44975,52.46207,1,2,6,6,60,0.0,,6.0,1,1.0,2,11,Evening,2.0,0,1,3,0
-2.54989,53.18598,1,1,4,3,70,0.0,,4.0,1,1.0,1,10,Night,1.0,0,1,4,0
-4.18484,50.81564,1,1,3,6,60,0.0,,1.0,5,2.0,2,1,Morning,1.0,1,0,4,1
0.58025,51.89054,2,1,6,6,60,0.0,,1.0,1,1.0,2,5,Afternoon,0.5,0,1,4,0
-5.04458,50.26328,2,1,6,6,30,,4.0,1.0,1,2.0,1,1,Morning,0.5,1,0,1,1
-0.42107,50.82316,2,1,7,6,30,13.0,4.0,1.0,1,1.0,1,8,Afternoon,0.5,1,0,1,1
-1.97581,57.62041,2,1,6,6,40,0.0,,1.0,1,1.0,2,4,Afternoon,0.5,1,0,4,1
-3.94137,51.6301,2,4,7,6,30,16.0,2.0,1.0,1,2.0,1,2,Afternoon,2.0,1,0,3,1
-1.25956,53.08239,1,2,6,6,30,13.0,4.0,1.0,1,1.0,1,12,Afternoon,2.0,1,0,1,1
0.20797,51.56822,1,1,4,6,30,13.0,4.0,1.0,1,1.0,1,9,Afternoon,1.0,1,0,1,1
-2.72862,51.41763,2,1,5,6,40,0.0,,1.0,2,2.0,1,9,Afternoon,0.5,0,0,4,0
-1.13774,52.60607,4,1,5,6,30,0.0,,1.0,1,1.0,1,6,Morning,0.25,0,1,3,0
0.55118,51.37629,2,1,4,6,30,0.0,,7.0,9,1.0,1,11,Evening,0.5,1,0,1,1
-2.78755,53.46823,2,2,5,3,60,13.0,4.0,1.0,1,1.0,2,9,Afternoon,1.0,1,0,4,1
-2.2597,52.37667,1,1,1,6,30,13.0,2.0,4.0,1,1.0,1,2,Night,1.0,1,0,3,4
-1.78937,53.63451,2,1,3,6,30,13.0,4.0,1.0,1,1.0,1,1,Morning,0.5,1,0,1,1
0.05214,51.57804,1,1,1,6,30,13.0,1.0,5.0,1,1.0,1,3,Night,1.0,1,0,2,1
-0.4582,51.39972,1,1,2,6,30,13.0,4.0,1.0,1,1.0,2,6,Morning,1.0,1,0,3,1
-3.23898,55.93633,1,1,3,6,30,0.0,,1.0,2,2.0,1,4,Evening,1.0,1,0,1,4
-1.13468,52.63401,1,1,1,2,20,0.0,,4.0,2,2.0,1,2,Night,1.0,0,1,1,0
-1.69137,54.98433,2,1,5,6,60,0.0,,1.0,1,1.0,1,5,Afternoon,0.5,1,0,4,1
-2.01416,52.70021,2,3,6,6,30,13.0,4.0,1.0,1,1.0,1,7,Afternoon,1.5,1,0,1,1
-1.15644,50.8512,2,3,5,3,40,16.0,2.0,4.0,1,2.0,1,1,Evening,1.5,1,0,4,1
-2.70616,53.45825,1,1,2,6,30,0.0,,1.0,1,1.0,1,12,Afternoon,1.0,0,0,1,0
-0.15161,51.50181,2,1,1,1,20,0.0,2.0,1.0,1,1.0,1,9,Morning,0.5,1,0,4,4
0.0725,52.65482,2,1,2,6,60,16.0,4.0,1.0,1,1.0,2,7,Morning,0.5,1,0,1,1
-2.68925,53.6814,2,1,5,6,30,16.0,4.0,1.0,1,1.0,1,3,Morning,0.5,1,0,1,1
-1.86458,52.4564,1,1,4,6,30,13.0,4.0,1.0,2,2.0,1,11,Evening,1.0,1,0,4,1
-1.23467,52.96891,1,1,7,6,30,0.0,,4.0,1,1.0,1,1,Evening,1.0,1,0,1,1
-0.05872,51.65995,2,1,7,3,40,16.0,2.0,4.0,1,1.0,1,10,Night,0.5,1,0,4,2
-0.50749,53.23431,2,1,4,1,30,0.0,4.0,1.0,1,1.0,1,11,Afternoon,0.5,1,0,2,3
-0.73222,50.85175,1,1,5,7,70,0.0,,6.0,5,2.0,2,1,Evening,1.0,1,0,4,4
-2.01865,50.72828,2,1,5,6,20,13.0,2.0,1.0,2,2.0,1,9,Afternoon,0.5,1,0,3,1
-0.154,51.15874,2,1,5,3,50,0.0,,1.0,8,1.0,1,5,Afternoon,0.5,1,0,1,4
-1.44769,53.81208,2,1,4,6,20,16.0,4.0,1.0,1,2.0,1,12,Morning,0.5,1,0,1,1
-0.36548,51.44433,2,1,6,6,20,16.0,2.0,1.0,1,1.0,1,9,Afternoon,0.5,1,0,3,2
0.02681,51.57713,1,1,1,6,30,13.0,4.0,1.0,1,1.0,1,3,Morning,1.0,1,0,2,1
-2.39352,52.56152,2,3,4,6,60,0.0,,1.0,1,1.0,2,8,Afternoon,1.5,1,0,4,1
-0.08707,51.52188,2,1,5,6,20,,9.0,1.0,1,1.0,1,9,Morning,0.5,1,0,4,1
-1.42688,53.61364,3,1,5,6,60,16.0,4.0,1.0,1,1.0,2,5,Afternoon,0.3333333333333333,1,0,1,3
-0.09233,51.57433,2,1,3,6,20,13.0,4.0,1.0,1,1.0,1,6,Evening,0.5,1,0,1,2
-1.81598,50.73498,1,1,5,6,30,0.0,,4.0,8,1.0,1,11,Afternoon,1.0,0,0,4,0
-0.23211,51.57134,2,1,2,1,20,0.0,2.0,1.0,1,1.0,1,7,Morning,0.5,1,0,4,4
-0.01955,51.67054,2,1,7,6,40,16.0,2.0,4.0,2,2.0,2,2,Night,0.5,1,0,4,2
-1.2644,51.42164,2,1,3,6,30,13.0,4.0,1.0,1,1.0,1,12,Afternoon,0.5,1,0,1,1
-1.48372,53.02113,1,1,6,6,30,13.0,4.0,1.0,1,1.0,1,10,Afternoon,1.0,1,0,4,1
-0.53545,51.92509,1,1,7,6,60,0.0,,1.0,1,1.0,2,6,Afternoon,1.0,0,1,3,0
0.64177,51.56644,2,2,4,3,40,16.0,2.0,4.0,1,1.0,1,11,Evening,1.0,1,0,4,1
-1.54292,53.79081,2,1,4,3,30,0.0,,1.0,1,1.0,1,10,Afternoon,0.5,1,0,4,4
-0.3316,52.04216,1,1,7,1,30,,4.0,1.0,1,1.0,2,5,Afternoon,1.0,1,0,3,1
-1.49232,51.89373,1,1,7,6,30,13.0,4.0,6.0,1,2.0,2,9,Evening,1.0,1,0,3,1
0.94181,51.20682,3,4,6,6,50,13.0,4.0,1.0,1,1.0,2,6,Morning,1.3333333333333333,1,0,4,1
-1.77279,52.50003,2,1,6,6,30,13.0,4.0,1.0,1,1.0,1,7,Afternoon,0.5,1,0,1,1
-1.18075,52.42981,1,1,7,6,60,0.0,,4.0,1,1.0,2,6,Night,1.0,0,1,1,0
-0.37871,51.09921,3,2,2,6,60,0.0,,1.0,1,1.0,2,8,Morning,0.6666666666666666,1,0,4,1
-3.36653,56.23782,2,3,4,6,40,0.0,,1.0,1,1.0,2,7,Evening,1.5,1,0,3,1
-1.20894,54.69034,2,1,6,3,40,13.0,4.0,1.0,1,1.0,1,1,Afternoon,0.5,1,0,4,1
-0.02889,51.51194,1,1,1,3,40,13.0,2.0,1.0,2,1.0,1,11,Afternoon,1.0,1,0,4,1
-1.92601,53.6001,1,1,2,6,30,0.0,,4.0,1,1.0,2,7,Evening,1.0,1,0,4,1
-1.93785,52.2913,1,1,2,7,70,0.0,,1.0,1,1.0,2,9,Afternoon,1.0,1,0,4,4
-2.55593,53.40363,1,1,5,6,30,13.0,4.0,1.0,1,1.0,1,11,Morning,1.0,1,0,1,2
0.58324,51.33733,3,1,5,3,50,0.0,,1.0,1,1.0,1,4,Morning,0.3333333333333333,1,0,4,4
-0.17059,51.47899,2,1,1,9,30,,9.0,1.0,9,9.0,1,9,Afternoon,0.5,1,0,4,2
-3.09786,51.01348,2,1,3,2,20,13.0,2.0,1.0,1,1.0,1,11,Afternoon,0.5,1,0,3,1
-1.51321,53.73166,2,1,2,7,40,0.0,,4.0,1,1.0,2,2,Night,0.5,1,0,6,6
-1.33817,54.18023,2,2,3,6,30,13.0,4.0,5.0,2,2.0,2,1,Afternoon,1.0,1,0,1,1
-1.36421,54.57813,3,1,5,6,30,13.0,4.0,1.0,2,2.0,2,9,Afternoon,0.3333333333333333,1,0,1,1
0.24009,50.82854,2,1,6,1,60,,4.0,1.0,1,2.0,2,12,Morning,0.5,1,0,4,4
-1.88717,52.46354,2,1,2,3,30,,4.0,4.0,2,2.0,1,1,Evening,0.5,1,0,4,4
-1.48273,52.38683,2,1,3,6,30,13.0,4.0,1.0,1,1.0,1,6,Afternoon,0.5,1,0,1,1
-1.40611,53.37393,2,1,5,1,50,,4.0,1.0,1,1.0,1,2,Afternoon,0.5,1,0,4,4
-0.28767,51.48861,2,1,3,9,20,13.0,4.0,1.0,2,2.0,1,3,Afternoon,0.5,1,0,4,2
-0.46647,51.3116,2,2,1,3,70,0.0,,1.0,1,1.0,2,3,Morning,1.0,1,0,4,1
-0.18004,51.48925,2,1,2,6,20,0.0,,1.0,1,1.0,1,8,Evening,0.5,0,0,1,0
0.79273,51.1073,2,1,7,6,60,0.0,,1.0,1,1.0,2,12,Afternoon,0.5,0,1,1,0
-2.9349,51.16826,2,1,6,6,30,0.0,,1.0,2,2.0,2,9,Afternoon,0.5,0,0,3,0
-1.28331,53.18937,2,1,4,6,30,13.0,4.0,1.0,2,2.0,2,5,Morning,0.5,1,0,4,2
-0.216,51.52877,2,1,4,6,20,13.0,4.0,1.0,2,2.0,1,5,Morning,0.5,1,0,3,1
-2.58088,51.46118,2,1,4,3,40,0.0,,4.0,1,2.0,1,12,Afternoon,0.5,0,0,4,0
-0.11534,51.33718,1,1,3,3,30,,2.0,1.0,9,9.0,1,4,Morning,1.0,1,0,4,4
-1.12004,52.97131,2,1,6,6,30,0.0,,1.0,1,1.0,1,6,Afternoon,0.5,1,0,1,1
0.8077,52.24636,3,1,1,6,40,0.0,,1.0,1,1.0,2,11,Afternoon,0.3333333333333333,1,0,1,1
0.86805,51.1451,1,1,6,6,30,13.0,4.0,4.0,1,2.0,1,4,Evening,1.0,1,0,1,1
-1.23333,53.62073,2,1,6,3,70,0.0,,1.0,1,1.0,2,6,Afternoon,0.5,0,1,4,0
-0.46524,52.12388,4,1,6,6,30,13.0,4.0,4.0,1,1.0,1,4,Evening,0.25,1,0,1,1
-1.92544,52.47196,1,1,7,6,30,18.0,4.0,1.0,1,1.0,1,10,Afternoon,1.0,1,0,4,1
-2.25169,53.11516,2,2,1,6,40,13.0,4.0,1.0,1,1.0,2,5,Morning,1.0,1,0,4,1
-3.02561,53.41668,1,1,2,6,30,13.0,4.0,4.0,1,1.0,1,11,Evening,1.0,1,0,4,1
-1.07363,52.96263,1,1,3,6,30,13.0,,1.0,1,1.0,1,12,Morning,1.0,1,0,1,1
-0.12232,51.47238,2,1,4,3,20,16.0,2.0,1.0,2,2.0,1,9,Afternoon,0.5,1,0,4,4
-3.94666,55.87028,2,1,1,6,30,13.0,2.0,1.0,1,1.0,1,7,Morning,0.5,1,0,4,3
-0.07583,51.5281,3,1,7,6,20,13.0,4.0,4.0,1,1.0,1,11,Night,0.3333333333333333,1,0,3,4
-0.18638,51.1125,1,1,7,3,30,13.0,2.0,1.0,1,1.0,1,6,Morning,1.0,1,0,4,1
-0.78384,53.41245,2,2,7,6,30,0.0,,1.0,1,1.0,1,12,Morning,1.0,0,0,1,0
-0.22674,51.64957,2,1,2,6,30,13.0,4.0,4.0,1,1.0,1,3,Evening,0.5,1,0,4,1
-1.0174,50.90216,2,1,5,6,30,13.0,4.0,4.0,1,1.0,1,9,Evening,0.5,1,0,1,1
-0.08281,51.57794,2,1,2,6,20,13.0,4.0,4.0,1,1.0,1,11,Night,0.5,1,0,1,4
0.70955,51.35367,2,1,2,6,30,0.0,,1.0,1,1.0,1,1,Afternoon,0.5,0,1,1,0
-0.11428,51.34553,2,1,3,3,40,16.0,1.0,4.0,1,1.0,1,4,Evening,0.5,1,0,4,2
-0.42927,53.85862,2,1,1,6,50,13.0,4.0,1.0,1,1.0,2,7,Morning,0.5,1,0,4,1
-2.03794,55.75442,2,1,6,6,60,0.0,,1.0,1,1.0,2,5,Morning,0.5,0,1,4,0
-0.50835,51.96858,2,1,1,6,60,13.0,4.0,1.0,1,2.0,2,2,Morning,0.5,1,0,4,1
-2.22226,53.87417,2,1,5,6,60,0.0,,1.0,1,2.0,2,11,Morning,0.5,1,0,4,1
-2.27329,52.38251,1,1,3,6,30,0.0,,1.0,1,1.0,1,3,Morning,1.0,1,0,1,4
-4.06909,51.07796,2,1,2,6,30,0.0,,1.0,2,2.0,2,4,Afternoon,0.5,0,1,4,0
-3.02357,53.87406,2,1,6,1,30,,4.0,1.0,1,1.0,2,5,Evening,0.5,1,0,4,3
-1.44029,53.41775,2,1,2,6,20,0.0,,1.0,1,1.0,1,5,Morning,0.5,1,0,1,1
-0.24821,51.66074,2,1,2,3,70,0.0,,1.0,1,1.0,2,11,Afternoon,0.5,1,0,4,1
-0.13839,51.47701,2,1,4,6,20,13.0,4.0,1.0,8,1.0,1,1,Morning,0.5,1,0,2,1
1.17648,52.0579,2,1,6,6,30,13.0,4.0,4.0,1,1.0,1,7,Afternoon,0.5,1,0,1,1
-1.27621,51.02831,2,1,6,6,40,0.0,,1.0,1,1.0,2,3,Afternoon,0.5,0,0,1,0
-1.2556,54.57061,2,5,3,1,30,,2.0,1.0,1,1.0,2,7,Evening,2.5,1,0,3,4
-0.01993,51.47523,1,1,2,6,30,0.0,,4.0,1,2.0,1,1,Evening,1.0,0,0,4,0
-0.27528,51.5083,1,1,3,6,20,13.0,4.0,1.0,1,2.0,1,8,Afternoon,1.0,1,0,4,1
-2.74449,53.20799,1,1,5,6,50,0.0,,4.0,1,1.0,2,1,Evening,1.0,0,0,4,0
-0.95427,52.32391,2,1,1,6,40,16.0,4.0,4.0,2,2.0,2,3,Evening,0.5,1,0,4,2
-2.69923,53.32896,3,1,6,3,30,17.0,4.0,1.0,1,1.0,1,11,Afternoon,0.3333333333333333,1,0,1,1
-3.94103,51.05131,2,1,6,6,60,0.0,,1.0,1,2.0,2,3,Morning,0.5,0,1,4,0
-4.17788,50.41031,1,1,3,6,30,13.0,4.0,1.0,1,1.0,1,2,Morning,1.0,1,0,1,1
-3.2458,51.49053,2,1,5,6,20,13.0,4.0,5.0,1,1.0,1,3,Evening,0.5,1,0,1,1
-4.09441,50.40869,2,1,4,6,40,0.0,,1.0,1,2.0,1,7,Evening,0.5,0,1,3,0
0.07468,51.38951,1,1,5,2,30,0.0,,1.0,1,1.0,1,8,Afternoon,1.0,0,0,1,0
-0.29444,51.59563,2,2,3,1,30,0.0,4.0,4.0,2,2.0,1,10,Night,1.0,1,0,2,2
-1.73737,52.55306,2,1,4,6,50,13.0,4.0,1.0,1,1.0,2,4,Evening,0.5,1,0,4,1
0.27237,50.8091,2,1,2,6,30,0.0,,1.0,1,1.0,1,4,Evening,0.5,1,0,1,1
-1.67909,52.47635,3,2,3,3,70,0.0,,1.0,1,2.0,2,11,Morning,0.6666666666666666,0,1,6,0
-1.47853,52.9095,2,2,7,6,30,0.0,,1.0,1,2.0,1,6,Afternoon,1.0,0,0,1,0
-0.19536,51.36834,2,2,4,2,30,13.0,2.0,1.0,2,2.0,1,8,Morning,1.0,1,0,3,3
-0.57536,51.40525,2,1,5,6,30,0.0,,1.0,1,1.0,1,7,Afternoon,0.5,1,0,3,1
-1.29336,53.35825,2,2,7,6,60,0.0,,4.0,1,2.0,2,2,Evening,1.0,0,1,4,0
0.05958,51.4792,2,1,4,6,20,13.0,4.0,1.0,1,2.0,1,12,Morning,0.5,1,0,4,1
-0.38985,51.53666,1,1,7,1,20,0.0,2.0,1.0,1,1.0,1,7,Afternoon,1.0,1,0,4,3
-1.42825,54.99969,1,1,2,6,20,13.0,4.0,4.0,1,1.0,1,1,Evening,1.0,1,0,1,4
-2.86588,53.37399,1,1,1,3,30,16.0,2.0,4.0,2,2.0,1,3,Evening,1.0,1,0,3,1
-0.81294,51.81543,1,1,7,2,30,0.0,,1.0,1,1.0,1,11,Afternoon,1.0,0,0,1,0
-2.2267,53.80259,2,1,3,6,30,16.0,4.0,4.0,1,1.0,1,2,Afternoon,0.5,1,0,1,1
-1.44012,52.4678,3,5,4,6,60,0.0,,1.0,1,1.0,2,7,Afternoon,1.6666666666666667,1,0,3,1
-0.25474,51.62225,2,1,7,1,50,0.0,4.0,1.0,1,1.0,1,7,Afternoon,0.5,1,0,4,4
-1.75213,53.78926,1,1,6,3,30,0.0,,1.0,1,1.0,1,4,Evening,1.0,1,0,1,1
-0.36422,53.48767,1,1,1,6,60,0.0,,6.0,1,2.0,2,3,Night,1.0,0,0,3,0
-1.46861,52.50913,1,2,5,6,30,13.0,4.0,1.0,4,2.0,1,12,Morning,2.0,1,0,3,1
-0.06297,51.51463,2,1,7,6,20,13.0,4.0,4.0,9,1.0,1,12,Night,0.5,1,0,4,1
-2.06614,54.63031,2,1,4,6,60,0.0,,1.0,1,1.0,2,7,Morning,0.5,0,1,1,0
-2.64648,51.86107,2,3,7,7,70,,4.0,6.0,1,2.0,2,1,Evening,1.5,1,0,4,4
-4.2559,55.82057,3,1,2,6,30,0.0,,1.0,1,1.0,1,12,Morning,0.3333333333333333,1,0,1,3
-1.44431,54.90083,2,1,4,6,20,0.0,,1.0,1,1.0,1,4,Evening,0.5,1,0,1,1
-2.09525,52.51293,2,2,3,1,30,,4.0,4.0,1,1.0,1,9,Evening,1.0,1,0,3,3
-2.0739,52.52329,2,1,7,3,40,16.0,2.0,1.0,1,1.0,1,5,Morning,0.5,1,0,4,4
-0.09434,51.56867,2,1,6,6,20,19.0,4.0,4.0,1,1.0,1,10,Night,0.5,1,0,4,1
-1.99466,50.7358,2,1,6,3,40,0.0,4.0,1.0,1,1.0,1,4,Afternoon,0.5,1,0,4,4
-0.67282,53.57283,2,3,7,6,30,19.0,4.0,1.0,1,1.0,1,1,Afternoon,1.5,1,0,1,1
-0.06234,51.38949,1,1,7,6,30,13.0,4.0,4.0,1,1.0,1,3,Evening,1.0,1,0,1,1
-0.52234,51.88863,1,1,1,6,20,0.0,,1.0,2,2.0,1,9,Afternoon,1.0,1,0,1,1
-1.33491,54.82963,1,1,2,6,30,13.0,4.0,1.0,1,2.0,1,5,Afternoon,1.0,1,0,1,1
-3.96593,55.78244,2,1,5,1,30,,4.0,4.0,1,4.0,1,11,Morning,0.5,1,0,1,4
-4.46522,50.82835,1,1,4,6,60,0.0,,1.0,1,1.0,2,3,Afternoon,1.0,1,0,3,1
-0.09898,51.36768,2,1,7,6,20,,9.0,1.0,8,1.0,1,8,Afternoon,0.5,1,0,4,3
-2.04747,52.47598,2,1,4,6,30,16.0,2.0,4.0,1,1.0,1,4,Evening,0.5,1,0,4,1
-1.27238,52.73254,2,2,1,6,50,16.0,3.0,6.0,1,2.0,2,1,Night,1.0,1,0,3,2
-4.18122,50.38775,2,1,6,6,30,13.0,4.0,1.0,1,1.0,1,3,Afternoon,0.5,1,0,3,1
-2.28497,53.5723,2,1,3,6,30,0.0,,1.0,8,1.0,1,11,Afternoon,0.5,1,0,1,1
-0.58111,51.24173,1,1,4,6,20,0.0,,1.0,1,1.0,1,3,Afternoon,1.0,1,0,1,1
-2.58115,53.53381,2,1,5,6,30,19.0,,4.0,2,2.0,1,1,Morning,0.5,1,0,4,4
-2.52693,53.63761,3,1,1,6,60,0.0,,1.0,1,1.0,2,8,Afternoon,0.3333333333333333,1,0,1,1
-0.35579,53.74305,2,1,6,6,30,0.0,,1.0,9,1.0,1,5,Afternoon,0.5,1,0,4,1
-1.49366,53.48722,2,1,7,1,50,,2.0,1.0,1,2.0,2,9,Afternoon,0.5,1,0,4,1
-0.41754,54.24667,2,2,1,1,60,0.0,4.0,1.0,1,1.0,2,6,Afternoon,1.0,1,0,4,2
-0.03929,51.46866,2,1,6,6,20,19.0,4.0,1.0,2,1.0,1,12,Evening,0.5,1,0,1,1
-2.67025,53.7697,2,1,2,6,30,0.0,,4.0,1,1.0,1,11,Evening,0.5,1,0,4,1
-2.06151,51.36416,2,1,2,6,60,0.0,4.0,1.0,1,1.0,2,6,Afternoon,0.5,1,0,1,1
-2.66027,53.53462,1,1,2,6,30,13.0,4.0,4.0,1,1.0,1,11,Evening,1.0,1,0,4,1
-1.56503,50.91777,2,1,1,6,30,16.0,4.0,1.0,1,1.0,1,7,Afternoon,0.5,1,0,4,1
-2.20078,51.26871,1,1,4,6,30,0.0,4.0,1.0,1,2.0,1,10,Afternoon,1.0,1,0,3,1
-0.05669,51.53797,2,1,2,6,20,16.0,2.0,1.0,1,1.0,1,7,Afternoon,0.5,1,0,4,2
-0.73772,51.31316,2,2,7,6,30,13.0,4.0,1.0,2,2.0,1,10,Morning,1.0,1,0,3,1
-3.3254,50.75942,2,1,3,3,70,0.0,,6.0,1,1.0,2,11,Evening,0.5,0,1,4,0
-2.02673,53.10587,1,1,6,6,30,13.0,4.0,1.0,1,1.0,1,3,Afternoon,1.0,1,0,4,1
-1.51673,52.90424,2,4,2,6,30,0.0,,7.0,1,1.0,1,6,Evening,2.0,0,0,1,0
-2.20756,53.48218,2,1,4,6,30,0.0,,1.0,1,1.0,1,3,Evening,0.5,0,1,4,0
-1.91393,52.47551,1,1,6,3,30,19.0,4.0,4.0,1,1.0,1,2,Evening,1.0,1,0,1,1
-3.87938,55.628,2,1,5,6,20,19.0,4.0,1.0,1,1.0,1,9,Afternoon,0.5,1,0,1,1
-0.4169,53.84269,2,1,3,6,30,0.0,,1.0,1,1.0,1,4,Afternoon,0.5,1,0,1,1
-0.30294,51.46186,1,1,2,6,20,0.0,,1.0,1,1.0,1,6,Evening,1.0,0,0,4,0
-0.14181,51.54376,1,1,5,9,30,16.0,4.0,4.0,8,1.0,1,11,Afternoon,1.0,1,0,4,1
-1.35111,53.70429,1,1,3,3,70,0.0,,1.0,1,1.0,2,4,Evening,1.0,0,1,6,0
-0.22585,51.5662,2,1,4,6,30,13.0,4.0,1.0,1,2.0,1,5,Morning,0.5,1,0,4,1
1.26879,51.1148,2,1,4,3,60,0.0,,1.0,1,1.0,2,7,Afternoon,0.5,0,1,3,0
-1.5123,50.78182,2,2,1,6,40,16.0,4.0,1.0,1,1.0,2,4,Afternoon,1.0,1,0,3,1
-2.97637,53.40306,1,1,3,6,20,,9.0,1.0,1,1.0,1,9,Afternoon,1.0,0,1,4,0
-0.08007,51.47385,1,1,6,6,20,19.0,4.0,1.0,1,1.0,1,6,Morning,1.0,1,0,4,1
-2.48198,52.69604,2,1,1,6,30,13.0,4.0,1.0,1,1.0,1,5,Evening,0.5,1,0,3,1
-0.48368,53.72157,1,2,6,6,40,0.0,,4.0,1,1.0,2,8,Night,2.0,1,0,1,1
-2.70365,53.34119,2,1,3,1,30,0.0,2.0,1.0,1,1.0,1,4,Morning,0.5,1,0,4,4
-1.86613,50.72234,1,1,2,6,30,0.0,2.0,1.0,1,1.0,1,7,Afternoon,1.0,1,0,3,3
-4.45679,50.35302,1,1,4,6,30,13.0,4.0,1.0,1,1.0,2,6,Afternoon,1.0,1,0,1,1
-2.13007,52.98972,2,1,7,6,30,16.0,4.0,7.0,1,1.0,1,11,Afternoon,0.5,1,0,1,1
1.75033,52.4736,2,1,2,3,30,13.0,2.0,4.0,1,1.0,1,10,Evening,0.5,1,0,4,1
-0.21995,51.48525,2,1,2,6,20,13.0,4.0,1.0,9,9.0,1,2,Afternoon,0.5,1,0,4,1
-3.43281,55.93749,2,1,3,6,50,0.0,,1.0,1,1.0,2,9,Afternoon,0.5,1,0,4,1
-0.53269,51.32411,2,1,4,6,30,13.0,4.0,1.0,1,1.0,1,4,Evening,0.5,1,0,1,1
-4.22039,55.82812,1,1,4,6,30,13.0,2.0,1.0,4,2.0,1,1,Afternoon,1.0,1,0,3,1
0.19481,52.66085,2,2,6,6,60,13.0,4.0,1.0,1,1.0,2,9,Afternoon,1.0,1,0,4,1
-4.19906,50.37664,2,1,5,6,30,19.0,4.0,1.0,1,1.0,2,7,Afternoon,0.5,1,0,4,1
-4.83294,50.5241,1,1,4,6,60,0.0,,1.0,1,1.0,2,7,Evening,1.0,0,1,4,0
0.43501,51.29734,1,1,3,6,30,0.0,,1.0,1,1.0,1,7,Afternoon,1.0,1,0,1,1
-0.50864,51.88752,2,1,4,3,30,19.0,2.0,1.0,1,2.0,1,12,Morning,0.5,1,0,4,4
-1.77624,53.77391,1,1,4,2,30,19.0,4.0,4.0,1,1.0,1,1,Afternoon,1.0,1,0,1,1
-2.63061,51.4948,2,1,2,6,30,18.0,4.0,1.0,1,2.0,1,10,Morning,0.5,1,0,4,1
-0.01669,51.46475,2,1,7,6,20,16.0,2.0,1.0,1,1.0,1,7,Afternoon,0.5,1,0,4,1
-2.00813,50.78631,2,1,7,6,30,0.0,,1.0,1,1.0,1,5,Afternoon,0.5,0,0,2,0
-3.27686,51.56591,2,1,4,6,30,13.0,4.0,1.0,1,1.0,1,6,Morning,0.5,1,0,1,1
-1.4709,53.46198,1,1,3,6,30,13.0,4.0,4.0,1,2.0,1,12,Evening,1.0,1,0,3,1
-1.99454,51.3539,1,1,6,6,30,18.0,4.0,1.0,1,1.0,1,1,Afternoon,1.0,1,0,1,1
-0.75505,51.32727,1,1,6,6,30,0.0,,1.0,1,1.0,1,5,Afternoon,1.0,1,0,3,1
-1.24527,54.53104,1,1,3,6,30,0.0,,1.0,1,1.0,1,1,Afternoon,1.0,0,0,3,0
-0.1045,51.50513,2,1,6,2,20,16.0,2.0,1.0,8,1.0,1,4,Afternoon,0.5,1,0,4,1
-2.64215,51.05909,2,1,2,6,60,0.0,,1.0,2,2.0,2,9,Morning,0.5,0,0,4,0
0.1084,53.20442,2,3,4,6,60,0.0,,6.0,8,4.0,2,1,Evening,1.5,0,0,4,0
-3.13911,52.06817,2,1,6,6,30,13.0,4.0,6.0,1,1.0,2,11,Afternoon,0.5,1,0,3,1
-0.19066,51.42758,2,1,1,3,20,17.0,2.0,1.0,1,1.0,1,6,Afternoon,0.5,1,0,3,4
-1.40715,53.18311,1,1,6,6,30,13.0,4.0,1.0,1,1.0,1,9,Evening,1.0,1,0,1,1
1.14436,51.08071,2,1,1,6,30,13.0,1.0,1.0,1,1.0,1,7,Evening,0.5,1,0,1,1
-0.33568,53.75576,7,3,6,6,30,13.0,4.0,1.0,1,1.0,1,10,Afternoon,0.42857142857142855,1,0,1,1
-0.70015,51.6363,2,1,7,6,30,13.0,4.0,1.0,1,1.0,1,5,Morning,0.5,1,0,2,1
0.31397,51.48847,2,1,1,6,30,13.0,4.0,4.0,1,1.0,1,10,Evening,0.5,1,0,1,4
-0.47116,52.36065,1,2,4,6,60,13.0,4.0,5.0,1,2.0,2,2,Evening,2.0,1,0,3,1
-1.58162,52.28335,2,1,7,6,30,13.0,4.0,1.0,1,1.0,1,4,Morning,0.5,1,0,4,4
-2.5123,53.45107,2,1,7,6,30,16.0,4.0,1.0,1,1.0,2,5,Afternoon,0.5,1,0,1,1
-2.11537,52.72925,3,2,6,6,40,0.0,,4.0,1,1.0,2,11,Afternoon,0.6666666666666666,1,0,4,1
-2.06384,51.90672,3,1,7,6,30,0.0,,1.0,1,1.0,1,2,Morning,0.3333333333333333,1,0,1,1
-0.086,51.57486,1,1,5,6,20,,9.0,4.0,1,2.0,1,1,Evening,1.0,1,0,4,4
-2.07631,53.44525,1,1,1,6,30,13.0,4.0,4.0,1,1.0,1,1,Afternoon,1.0,1,0,1,1
-4.13271,55.86967,2,1,3,1,30,,4.0,1.0,1,1.0,1,10,Afternoon,0.5,1,0,1,1
-1.15832,52.94764,2,1,7,6,30,0.0,,1.0,1,1.0,1,9,Afternoon,0.5,1,0,4,1
-0.38766,53.74353,2,1,5,3,30,0.0,,4.0,1,1.0,1,12,Afternoon,0.5,1,0,3,1
-2.35234,51.84684,2,3,5,6,60,0.0,,1.0,1,1.0,2,4,Afternoon,1.5,0,1,4,0
-0.43511,51.39188,2,1,4,6,30,0.0,,1.0,1,1.0,1,1,Morning,0.5,1,0,4,1
-0.06898,51.52966,2,1,5,2,20,,9.0,1.0,1,1.0,1,10,Morning,0.5,1,0,1,1
-1.39036,54.89247,1,1,3,6,30,19.0,4.0,1.0,1,2.0,1,2,Afternoon,1.0,1,0,2,2
-0.3099,51.53738,2,1,4,9,30,,9.0,1.0,9,9.0,1,7,Afternoon,0.5,1,0,1,1
-0.33712,51.52742,2,1,5,6,20,13.0,4.0,1.0,1,1.0,1,7,Afternoon,0.5,1,0,3,1
-2.37595,53.59746,3,1,3,6,30,13.0,4.0,1.0,1,1.0,1,6,Afternoon,0.3333333333333333,1,0,3,1
0.47909,51.32826,1,1,3,6,40,0.0,,6.0,1,1.0,2,12,Evening,1.0,0,1,1,0
-1.49573,52.34447,1,1,6,6,50,0.0,,6.0,5,2.0,2,12,Evening,1.0,0,1,1,0
0.33234,51.57688,2,2,4,3,70,0.0,,1.0,1,1.0,2,4,Afternoon,1.0,1,0,4,1
0.09029,51.37209,1,1,2,3,30,13.0,2.0,4.0,1,1.0,1,7,Evening,1.0,1,0,4,1
-1.35521,52.34883,1,1,7,3,60,0.0,,1.0,1,1.0,2,7,Morning,1.0,0,1,4,0
-1.91063,52.47264,1,1,2,6,30,0.0,,4.0,1,1.0,1,11,Evening,1.0,0,1,3,0
-4.09526,55.79517,1,1,1,2,20,0.0,,1.0,1,1.0,1,4,Afternoon,1.0,1,0,1,4
-1.54859,53.35145,2,1,6,6,30,0.0,,1.0,3,3.0,2,3,Morning,0.5,0,1,1,0
1.1752,52.15813,1,1,2,6,30,0.0,,6.0,1,1.0,2,2,Afternoon,1.0,1,0,1,1
0.52808,51.3587,3,1,1,6,30,0.0,,4.0,1,1.0,1,2,Evening,0.3333333333333333,1,0,1,1
-0.56692,51.20132,2,1,4,6,40,13.0,4.0,1.0,1,1.0,2,10,Afternoon,0.5,1,0,1,1
-2.01606,52.70244,1,1,2,6,30,19.0,,5.0,2,2.0,1,9,Evening,1.0,1,0,1,1
-1.71381,52.18875,2,1,6,1,30,,4.0,1.0,1,1.0,1,9,Afternoon,0.5,1,0,4,4
-3.37017,50.75287,2,1,6,6,60,13.0,4.0,1.0,1,1.0,2,10,Afternoon,0.5,1,0,3,1
-2.54901,51.4735,2,2,4,6,30,13.0,4.0,1.0,2,2.0,1,10,Afternoon,1.0,1,0,4,1
-1.92623,50.70159,3,1,6,6,30,0.0,,1.0,1,1.0,1,10,Afternoon,0.3333333333333333,0,0,3,0
-2.10115,53.49449,2,1,3,6,30,19.0,4.0,1.0,1,1.0,1,6,Afternoon,0.5,1,0,4,1
-0.01007,51.5444,2,1,7,6,20,0.0,,1.0,1,2.0,1,6,Afternoon,0.5,0,0,1,0
-1.91037,52.45566,2,1,3,3,30,16.0,2.0,1.0,1,1.0,1,2,Morning,0.5,1,0,4,3
-0.04365,51.51428,1,1,4,6,20,13.0,4.0,1.0,8,1.0,1,10,Morning,1.0,1,0,1,1
-2.2139,50.68678,1,1,1,6,40,0.0,,6.0,1,2.0,2,2,Evening,1.0,0,0,4,0
-2.23617,53.80145,2,1,4,6,30,0.0,,1.0,1,1.0,1,5,Evening,0.5,1,0,4,1
0.49584,51.76594,2,1,1,6,30,0.0,,1.0,9,,2,6,Afternoon,0.5,1,0,1,1
-1.58099,54.77899,2,3,7,6,30,0.0,,1.0,1,1.0,1,4,Afternoon,1.5,1,0,1,1
-0.14907,51.46136,2,1,5,6,30,13.0,2.0,4.0,1,1.0,1,2,Evening,0.5,1,0,4,4
-1.7899,53.81569,4,4,3,6,30,13.0,4.0,1.0,1,1.0,1,6,Morning,1.0,1,0,1,1
-0.38402,53.77005,2,1,1,1,30,,4.0,1.0,1,1.0,1,7,Evening,0.5,1,0,3,1
-0.37686,51.27542,2,1,2,6,30,13.0,4.0,1.0,2,2.0,1,10,Afternoon,0.5,1,0,4,1
-0.48475,51.29801,2,4,1,3,70,0.0,,1.0,1,1.0,2,9,Afternoon,2.0,0,1,4,0
0.03835,51.59545,2,1,4,6,30,13.0,4.0,4.0,1,1.0,1,11,Afternoon,0.5,1,0,4,1
-1.86554,52.55719,2,1,2,6,40,13.0,4.0,1.0,1,1.0,1,2,Morning,0.5,1,0,1,1
-2.19586,53.53166,1,1,6,3,70,0.0,,4.0,1,1.0,1,4,Evening,1.0,0,1,6,0
-2.29757,53.59329,1,1,4,6,30,13.0,4.0,1.0,2,2.0,1,3,Morning,1.0,1,0,1,1
-0.55736,53.17526,1,1,1,6,30,0.0,,1.0,1,1.0,1,9,Afternoon,1.0,0,0,2,0
-1.63994,52.60366,2,1,5,1,60,,4.0,1.0,1,1.0,2,5,Morning,0.5,1,0,4,6
0.03415,52.80674,2,1,5,6,30,0.0,,1.0,1,1.0,2,8,Morning,0.5,0,0,2,0
-1.24343,52.40232,1,1,6,6,40,0.0,,1.0,1,1.0,2,2,Morning,1.0,0,1,1,0
-0.04997,51.68192,2,1,3,1,40,0.0,2.0,1.0,1,1.0,1,11,Morning,0.5,1,0,4,6
-1.93255,52.50004,2,2,7,6,30,19.0,4.0,4.0,1,1.0,1,8,Evening,1.0,1,0,1,1
-1.12344,51.3218,2,1,4,6,50,13.0,4.0,1.0,1,1.0,2,6,Morning,0.5,1,0,4,1
-2.28584,53.48733,1,1,1,6,20,13.0,4.0,4.0,1,1.0,1,12,Night,1.0,1,0,1,1
-0.09067,51.38122,2,1,3,9,30,,9.0,1.0,9,9.0,1,4,Evening,0.5,1,0,4,1
-0.0507,51.42607,2,1,2,6,20,,9.0,1.0,9,9.0,1,5,Evening,0.5,1,0,4,1
-3.92953,54.81773,2,1,2,6,60,18.0,,1.0,1,1.0,2,5,Afternoon,0.5,1,0,4,1
-0.20665,54.09242,4,1,6,6,20,16.0,4.0,6.0,2,2.0,1,12,Evening,0.25,1,0,1,1
-4.61536,50.43871,3,3,1,6,60,0.0,,1.0,1,1.0,2,7,Afternoon,1.0,1,0,4,1
-0.82498,52.22934,2,1,7,6,30,0.0,,1.0,1,1.0,2,4,Afternoon,0.5,0,1,1,0
0.08717,51.39612,2,1,6,6,30,13.0,4.0,4.0,1,1.0,1,10,Evening,0.5,1,0,4,1
-1.12299,53.16055,2,1,6,6,30,0.0,,1.0,1,1.0,1,8,Evening,0.5,1,0,3,1
-1.78451,50.73625,1,1,3,6,30,16.0,2.0,1.0,1,1.0,1,12,Afternoon,1.0,1,0,4,2
-3.9915,51.61948,2,2,7,6,30,0.0,,4.0,2,2.0,1,12,Evening,1.0,0,0,4,0
-3.1896,55.95329,2,1,2,3,20,13.0,2.0,1.0,1,1.0,1,11,Afternoon,0.5,1,0,4,4
-1.26335,52.37488,2,1,4,6,30,0.0,,1.0,1,1.0,1,9,Afternoon,0.5,1,0,3,1
-4.94448,51.62542,1,1,7,6,60,0.0,,1.0,1,1.0,2,6,Afternoon,1.0,0,1,1,0
-0.49143,51.33922,1,1,3,6,40,0.0,,1.0,1,1.0,2,10,Evening,1.0,1,0,4,1
0.85759,51.14208,2,1,7,6,30,0.0,,1.0,1,1.0,1,5,Afternoon,0.5,1,0,1,1
-1.05412,52.71062,1,2,4,6,50,0.0,,1.0,1,1.0,2,9,Evening,2.0,0,1,4,0
-0.043,51.43513,2,1,3,1,30,0.0,4.0,1.0,1,1.0,1,7,Morning,0.5,1,0,3,1
-0.97353,51.45369,1,1,5,6,30,16.0,2.0,1.0,1,1.0,1,9,Evening,1.0,1,0,1,1
-2.4729,50.58951,2,2,7,6,30,0.0,,1.0,2,2.0,1,9,Afternoon,1.0,0,0,4,0
-1.02733,54.55234,2,1,7,6,60,0.0,,1.0,1,1.0,2,9,Afternoon,0.5,0,1,4,0
-2.33149,52.37466,1,1,7,6,30,0.0,,1.0,1,1.0,2,10,Morning,1.0,1,0,3,1
-1.57029,53.77738,2,1,6,6,30,0.0,,4.0,1,1.0,1,6,Evening,0.5,1,0,4,1
-1.50596,53.68943,2,1,7,6,30,0.0,,1.0,1,1.0,1,10,Afternoon,0.5,1,0,1,1
-0.01639,51.4534,2,1,6,3,20,0.0,,1.0,1,1.0,1,11,Afternoon,0.5,0,0,4,0
-4.23723,53.22094,2,1,6,6,60,0.0,,1.0,9,1.0,2,5,Afternoon,0.5,0,0,1,0
-1.16706,52.95859,2,1,1,6,30,13.0,4.0,4.0,1,1.0,1,5,Evening,0.5,1,0,1,4
-0.14739,51.11568,1,1,3,6,40,,4.0,1.0,1,2.0,1,11,Morning,1.0,1,0,3,1
-2.94679,53.3019,2,1,2,6,60,0.0,,1.0,1,1.0,2,9,Evening,0.5,0,1,3,0
-0.01364,51.52953,2,1,7,3,40,0.0,,1.0,1,1.0,1,3,Evening,0.5,0,0,4,0
-1.53551,53.79887,2,2,7,3,30,0.0,,1.0,1,1.0,1,10,Afternoon,1.0,1,0,4,4
-0.45156,51.02309,2,1,6,6,20,,4.0,1.0,2,2.0,2,9,Morning,0.5,1,0,1,4
1.17966,51.08215,1,1,3,6,30,13.0,4.0,4.0,1,1.0,1,11,Evening,1.0,1,0,4,4
-2.16623,53.73894,1,1,1,6,60,0.0,,6.0,1,1.0,2,10,Evening,1.0,1,0,4,1
-1.50275,52.92862,3,1,5,6,30,13.0,4.0,1.0,1,1.0,1,5,Evening,0.3333333333333333,1,0,4,1
-0.11239,53.20285,2,1,5,6,30,0.0,,1.0,2,2.0,2,7,Afternoon,0.5,0,0,4,0
0.4813,51.79683,2,2,4,6,40,19.0,4.0,1.0,9,1.0,2,5,Afternoon,1.0,1,0,3,3
-0.73647,53.58564,2,1,2,6,30,13.0,4.0,1.0,1,1.0,2,9,Morning,0.5,1,0,4,3
0.19896,51.81666,2,1,6,6,40,0.0,,1.0,1,1.0,2,8,Morning,0.5,1,0,4,1
0.13297,51.45818,1,1,6,6,30,19.0,4.0,1.0,1,2.0,1,2,Morning,1.0,1,0,4,1
-2.97251,54.44037,2,1,2,6,40,0.0,,1.0,1,1.0,2,7,Morning,0.5,1,0,4,1
-2.14589,53.47876,2,1,5,6,20,0.0,,1.0,8,1.0,1,11,Morning,0.5,1,0,1,1
-0.93052,52.47429,2,1,6,1,30,,4.0,4.0,1,1.0,1,7,Evening,0.5,1,0,2,2
-0.53736,51.43636,2,1,5,1,20,0.0,,1.0,1,1.0,2,5,Afternoon,0.5,1,0,4,4
-1.72522,52.21045,2,1,5,1,60,,4.0,1.0,1,1.0,2,5,Morning,0.5,1,0,4,4
-0.38569,53.74347,2,1,3,6,30,0.0,,1.0,2,2.0,1,5,Morning,0.5,1,0,4,1
-1.58642,52.74325,2,1,7,6,30,0.0,,1.0,1,1.0,1,9,Afternoon,0.5,0,0,1,0
-4.39536,50.41683,2,3,4,3,70,17.0,4.0,1.0,8,1.0,2,5,Morning,1.5,1,0,4,1
-1.56599,54.97639,1,1,3,6,30,13.0,4.0,1.0,1,1.0,1,3,Afternoon,1.0,1,0,1,1
-2.46288,53.07896,2,1,5,6,30,13.0,4.0,1.0,1,1.0,1,5,Morning,0.5,1,0,4,1
-1.1435,53.97244,2,1,2,1,60,0.0,4.0,4.0,1,1.0,2,12,Evening,0.5,1,0,4,4
-4.27085,53.13361,1,1,7,6,20,0.0,,1.0,1,1.0,2,10,Afternoon,1.0,0,0,4,0
-0.18622,51.46263,2,1,3,1,20,0.0,2.0,1.0,1,1.0,1,9,Afternoon,0.5,1,0,4,4
-3.21091,51.46376,1,1,2,6,40,13.0,4.0,4.0,1,1.0,2,11,Evening,1.0,1,0,3,1
0.42033,51.61626,1,1,3,6,50,0.0,,1.0,1,1.0,2,7,Afternoon,1.0,0,1,4,0
-1.15417,52.96826,2,1,4,1,30,,4.0,1.0,1,1.0,1,7,Afternoon,0.5,1,0,4,4
-5.18314,50.16483,2,1,2,6,60,17.0,4.0,6.0,2,2.0,2,3,Evening,0.5,1,0,1,1
-4.14883,52.11253,1,1,3,6,60,13.0,4.0,6.0,5,2.0,2,12,Evening,1.0,1,0,3,1
-3.20559,51.46599,2,1,3,3,70,0.0,,1.0,1,1.0,1,2,Morning,0.5,0,0,4,0
-3.21808,54.68783,1,1,7,6,60,0.0,,6.0,1,2.0,2,3,Night,1.0,0,1,4,0
-0.25011,52.60083,2,1,4,6,30,0.0,,1.0,1,1.0,1,6,Morning,0.5,1,0,1,1
-1.05773,53.3846,2,1,3,7,70,,4.0,1.0,4,2.0,2,1,Morning,0.5,1,0,4,4
-1.15588,50.97902,2,1,5,6,60,13.0,4.0,1.0,1,1.0,2,7,Morning,0.5,1,0,1,1
-2.92228,53.4403,3,2,6,6,20,0.0,,4.0,1,1.0,1,11,Evening,0.6666666666666666,0,0,1,0
-0.0484,53.54389,2,1,5,6,40,13.0,4.0,1.0,2,2.0,1,5,Morning,0.5,1,0,1,4
-1.99152,50.72573,2,3,4,6,30,18.0,4.0,7.0,2,2.0,1,5,Evening,1.5,1,0,1,1
0.81489,52.25403,2,1,5,6,30,16.0,4.0,1.0,9,1.0,2,11,Afternoon,0.5,1,0,1,1
-0.01494,51.57616,2,1,6,6,20,19.0,4.0,1.0,1,1.0,1,11,Morning,0.5,1,0,4,1
-1.50286,52.56434,2,1,4,6,50,13.0,4.0,4.0,1,2.0,2,1,Evening,0.5,1,0,4,1
-2.21569,53.43038,3,2,2,6,30,16.0,4.0,4.0,2,2.0,1,9,Evening,0.6666666666666666,1,0,1,1
-3.4438,53.31942,2,2,7,6,60,19.0,4.0,1.0,1,1.0,2,6,Afternoon,1.0,1,0,3,1
1.73379,52.49888,2,1,2,6,30,0.0,,1.0,1,1.0,1,12,Morning,0.5,1,0,4,1
-0.0757,53.55746,2,2,5,6,30,16.0,4.0,1.0,1,1.0,1,7,Morning,1.0,1,0,3,1
0.54088,51.38429,1,1,3,6,30,0.0,,1.0,1,1.0,1,2,Afternoon,1.0,1,0,1,1
1.12561,51.07163,2,1,1,6,30,0.0,,4.0,1,1.0,1,6,Evening,0.5,0,1,4,0
-0.02151,51.6036,2,1,7,3,50,0.0,4.0,1.0,2,2.0,1,7,Afternoon,0.5,1,0,4,1
-0.29928,51.73148,2,1,2,3,70,0.0,,1.0,1,1.0,2,9,Morning,0.5,1,0,4,4
-0.0874,51.29317,1,1,5,6,30,0.0,,1.0,1,1.0,1,3,Morning,1.0,1,0,1,1
-1.76295,53.5785,2,1,5,6,30,0.0,,1.0,1,1.0,1,9,Evening,0.5,1,0,1,1
-1.16832,52.6329,2,1,6,6,30,13.0,4.0,1.0,1,1.0,1,5,Afternoon,0.5,1,0,4,1
-0.13181,51.36289,2,2,4,6,30,17.0,4.0,1.0,1,1.0,1,6,Evening,1.0,1,0,3,1
1.00303,51.33113,2,1,1,6,60,0.0,,1.0,1,2.0,2,10,Morning,0.5,1,0,1,1
-0.59807,52.29407,2,1,6,2,30,13.0,2.0,1.0,1,1.0,1,12,Morning,0.5,1,0,4,4
-0.21958,51.81856,2,1,6,3,70,0.0,,1.0,1,1.0,2,7,Evening,0.5,0,1,5,0
-0.21489,53.71119,2,1,5,6,60,13.0,4.0,1.0,1,1.0,2,9,Afternoon,0.5,1,0,1,1
-0.42312,51.38578,2,1,7,6,30,0.0,,4.0,1,1.0,1,6,Night,0.5,1,0,4,1
-2.76236,51.4275,2,1,7,6,40,13.0,4.0,7.0,1,1.0,1,10,Evening,0.5,1,0,1,1
-1.97871,52.50044,2,1,2,1,40,,4.0,4.0,2,2.0,1,11,Morning,0.5,1,0,4,1
-0.27579,51.46911,2,1,5,6,30,16.0,2.0,1.0,1,1.0,2,3,Afternoon,0.5,1,0,4,4
-2.12598,53.56853,2,1,3,6,30,0.0,,1.0,9,9.0,1,5,Morning,0.5,1,0,1,1
-1.77227,52.3357,2,1,5,1,60,0.0,,1.0,1,1.0,2,12,Afternoon,0.5,0,1,4,0
-0.34179,53.74824,2,1,3,3,30,13.0,2.0,1.0,1,1.0,1,6,Afternoon,0.5,1,0,4,1
-1.90949,50.75371,1,1,5,6,30,0.0,,4.0,1,1.0,1,1,Night,1.0,0,0,1,0
-2.74404,51.32048,2,1,7,6,40,0.0,,1.0,1,1.0,2,6,Afternoon,0.5,0,0,3,0
-0.28708,51.40907,2,1,4,6,20,19.0,4.0,1.0,1,1.0,1,7,Evening,0.5,1,0,4,1
-4.13139,55.86866,2,1,2,3,30,0.0,,4.0,2,2.0,1,4,Evening,0.5,1,0,1,1
-1.61125,54.99777,2,1,2,6,30,0.0,,1.0,1,1.0,1,3,Afternoon,0.5,1,0,3,4
-1.29259,51.06793,1,2,6,7,70,0.0,,1.0,1,1.0,1,1,Morning,2.0,0,0,6,0
-0.13122,51.34288,2,1,5,9,20,,9.0,4.0,1,2.0,1,2,Evening,0.5,1,0,4,1
-2.9794,53.64154,2,2,4,6,20,16.0,4.0,1.0,1,1.0,1,8,Afternoon,1.0,1,0,1,1
-0.91993,52.83996,1,1,3,6,30,0.0,,4.0,2,2.0,2,12,Afternoon,1.0,0,1,2,0
-0.30973,53.75611,2,1,5,6,30,13.0,4.0,1.0,1,1.0,1,2,Morning,0.5,1,0,4,1
-0.55517,53.22256,2,1,7,3,40,19.0,4.0,1.0,1,1.0,1,2,Afternoon,0.5,1,0,3,1
-0.63726,53.60614,2,1,7,6,50,0.0,,1.0,1,1.0,2,3,Morning,0.5,0,1,4,0
-0.92393,52.47904,1,1,6,2,30,0.0,,1.0,1,1.0,1,5,Afternoon,1.0,0,1,4,0
-0.031,53.56429,2,1,4,6,30,0.0,,1.0,1,1.0,1,4,Evening,0.5,0,1,1,0
-3.05134,51.66687,2,1,6,6,60,0.0,,1.0,2,2.0,1,4,Evening,0.5,0,0,1,0
-0.04526,51.61129,1,1,5,3,40,0.0,,1.0,4,1.0,1,4,Afternoon,1.0,0,0,4,0
1.31445,52.34755,1,1,4,6,30,0.0,,1.0,1,1.0,2,5,Morning,1.0,1,0,1,1
-1.73593,53.83499,3,2,1,6,30,13.0,4.0,4.0,7,2.0,1,9,Night,0.6666666666666666,1,0,1,1
-0.12066,51.38543,2,1,6,1,30,0.0,4.0,4.0,5,2.0,1,3,Night,0.5,1,0,4,4
0.21931,51.60776,1,1,3,6,30,13.0,4.0,1.0,1,1.0,1,5,Afternoon,1.0,1,0,2,1
-0.64491,52.91583,1,1,4,2,30,16.0,2.0,1.0,1,1.0,1,8,Afternoon,1.0,1,0,4,3
-1.31976,53.32503,1,1,4,6,30,13.0,4.0,7.0,9,1.0,1,10,Evening,1.0,1,0,3,1
0.15941,51.52974,3,3,4,6,20,16.0,4.0,1.0,1,1.0,1,3,Afternoon,1.0,1,0,1,1
-2.26722,53.47446,2,1,4,6,20,13.0,4.0,4.0,1,1.0,1,11,Evening,0.5,1,0,1,3
-3.24543,50.68951,2,1,4,6,30,13.0,4.0,1.0,1,1.0,1,5,Morning,0.5,1,0,3,1
-1.69171,53.74275,1,1,1,6,30,19.0,4.0,4.0,1,1.0,1,8,Evening,1.0,1,0,4,1
0.55449,51.43121,2,1,2,1,30,,4.0,1.0,1,1.0,2,1,Afternoon,0.5,1,0,4,1
-0.39781,51.669,2,1,2,6,30,13.0,4.0,1.0,1,1.0,1,9,Morning,0.5,1,0,4,1
-4.56999,55.99436,2,1,1,6,30,0.0,,1.0,1,1.0,1,8,Evening,0.5,1,0,1,1
-0.2525,51.62067,2,3,7,3,40,0.0,,1.0,1,1.0,1,9,Morning,1.5,0,0,4,0
-0.05809,51.48811,2,4,4,6,20,13.0,2.0,1.0,8,2.0,1,2,Afternoon,2.0,1,0,4,2
-1.6555,50.75395,1,1,1,6,30,0.0,,4.0,1,1.0,1,11,Night,1.0,0,0,3,0
-1.15407,53.15567,2,2,5,6,30,13.0,4.0,4.0,2,2.0,1,12,Afternoon,1.0,1,0,1,3
-2.56681,53.09079,3,1,2,6,50,0.0,,1.0,1,1.0,2,7,Morning,0.3333333333333333,0,0,4,0
-0.00741,52.27068,2,1,5,3,70,0.0,,4.0,2,2.0,2,1,Afternoon,0.5,0,1,4,0
-3.46115,56.07308,1,1,5,3,30,16.0,2.0,1.0,1,1.0,1,9,Afternoon,1.0,1,0,4,1
-0.98554,51.45238,2,1,7,6,30,13.0,4.0,4.0,1,1.0,1,2,Evening,0.5,1,0,1,1
-0.24951,51.34843,2,1,1,6,30,0.0,,1.0,1,1.0,1,8,Afternoon,0.5,0,1,1,0
-0.54572,53.23312,2,1,5,6,30,13.0,4.0,1.0,1,1.0,1,5,Evening,0.5,1,0,3,3
-0.12118,51.46406,2,1,7,6,20,0.0,,4.0,1,1.0,1,8,Night,0.5,0,0,1,0
-0.38047,51.47697,1,1,4,3,30,13.0,4.0,1.0,1,1.0,1,6,Evening,1.0,1,0,4,1
-1.46957,53.36667,3,1,5,6,30,16.0,2.0,1.0,1,1.0,1,11,Morning,0.3333333333333333,1,0,4,1
-1.51798,54.94407,3,1,3,3,70,0.0,,1.0,1,1.0,2,9,Afternoon,0.3333333333333333,0,1,5,0
1.74883,52.47207,2,1,1,6,30,19.0,,1.0,1,1.0,1,11,Morning,0.5,1,0,4,3
-1.26103,52.90053,2,1,4,6,30,13.0,4.0,1.0,1,2.0,1,10,Morning,0.5,1,0,4,1
-1.42746,54.98154,2,1,6,6,20,13.0,4.0,1.0,1,1.0,1,4,Morning,0.5,1,0,1,1
0.87289,52.02477,2,1,4,6,40,13.0,4.0,6.0,1,2.0,2,12,Afternoon,0.5,1,0,4,1
-2.49718,51.88672,2,1,4,6,60,0.0,,1.0,1,1.0,2,8,Afternoon,0.5,1,0,3,1
-1.18768,53.16667,1,1,3,6,30,0.0,,6.0,2,2.0,1,2,Evening,1.0,1,0,1,1
-0.22755,52.59402,2,1,4,6,30,0.0,,1.0,1,1.0,1,11,Afternoon,0.5,1,0,1,1
0.2103,50.88384,2,1,5,6,40,0.0,,1.0,1,1.0,2,3,Afternoon,0.5,1,0,1,4
-2.45724,53.7493,3,3,7,6,30,0.0,,1.0,1,2.0,1,1,Morning,1.0,1,0,4,1
-0.75773,51.62136,3,1,5,3,30,0.0,,1.0,1,1.0,2,7,Morning,0.3333333333333333,0,0,4,0
-3.05336,53.08685,2,1,3,6,40,13.0,4.0,1.0,1,1.0,2,5,Afternoon,0.5,1,0,3,3
-2.47756,53.34469,1,2,5,6,60,18.0,4.0,1.0,1,1.0,2,5,Evening,2.0,1,0,1,1
-0.33372,52.08957,1,2,5,6,50,0.0,,6.0,1,2.0,2,10,Morning,2.0,1,0,1,1
0.26099,51.45327,2,1,7,3,60,0.0,,1.0,1,1.0,1,1,Morning,0.5,1,0,4,1
-2.76643,52.69586,2,1,4,6,30,0.0,,4.0,1,2.0,1,11,Afternoon,0.5,0,1,1,0
-4.13366,51.68158,2,1,6,3,40,13.0,2.0,1.0,1,1.0,1,7,Evening,0.5,1,0,4,1
-2.86126,53.42185,4,2,7,3,40,13.0,2.0,1.0,1,1.0,1,5,Evening,0.5,1,0,4,1
-0.05947,51.43083,2,1,2,6,20,19.0,4.0,1.0,1,1.0,1,5,Afternoon,0.5,1,0,4,1
-1.10508,51.60106,6,1,5,6,60,0.0,,1.0,1,1.0,2,8,Afternoon,0.16666666666666666,0,0,4,0
-0.38091,51.47681,2,1,2,3,30,13.0,4.0,1.0,1,1.0,1,5,Afternoon,0.5,1,0,4,1
-1.06627,51.26241,2,1,4,3,50,0.0,2.0,4.0,1,1.0,2,12,Evening,0.5,1,0,4,4
0.05806,51.58168,2,1,7,1,40,0.0,4.0,1.0,1,1.0,1,2,Afternoon,0.5,1,0,4,3
-0.29917,50.99252,1,1,1,6,50,0.0,,6.0,1,2.0,2,3,Night,1.0,1,0,4,1
-3.21829,55.94588,1,1,4,6,20,19.0,2.0,4.0,1,1.0,1,11,Afternoon,1.0,1,0,4,4
-1.18115,52.98565,2,1,5,6,30,16.0,4.0,1.0,1,2.0,1,3,Afternoon,0.5,1,0,3,1
-2.53085,53.42072,2,1,5,3,50,0.0,,1.0,1,1.0,2,10,Afternoon,0.5,0,1,4,0
-0.40971,51.49501,2,2,5,3,40,0.0,,4.0,1,2.0,1,11,Evening,1.0,0,0,4,0
-0.13588,51.55182,2,1,4,6,20,16.0,4.0,1.0,1,2.0,1,2,Afternoon,0.5,1,0,1,1
-2.48214,51.4125,2,1,6,1,30,0.0,4.0,7.0,9,,2,1,Afternoon,0.5,1,0,1,4
-0.12556,51.43961,3,1,4,6,20,13.0,4.0,4.0,1,1.0,1,12,Night,0.3333333333333333,1,0,1,4
-1.43146,52.45375,1,1,3,6,50,0.0,,6.0,2,2.0,2,10,Evening,1.0,0,1,1,0
-1.29075,52.88198,2,1,5,6,30,0.0,,1.0,1,1.0,1,2,Morning,0.5,0,0,3,0
-0.03998,51.35105,2,1,1,3,30,0.0,,1.0,1,1.0,1,4,Afternoon,0.5,0,0,4,0
-2.13247,53.55703,2,2,4,6,40,13.0,4.0,1.0,1,2.0,1,3,Morning,1.0,1,0,4,1
-0.01577,51.2526,2,1,6,6,30,0.0,,1.0,1,1.0,1,8,Afternoon,0.5,1,0,1,1
-0.40672,53.10848,1,2,5,6,60,16.0,4.0,1.0,1,1.0,2,6,Morning,2.0,1,0,3,3
-0.37269,50.82794,2,1,2,6,30,13.0,4.0,1.0,1,2.0,1,12,Morning,0.5,1,0,1,1
-0.0978,51.35767,2,1,2,9,30,,9.0,1.0,9,9.0,1,10,Afternoon,0.5,1,0,1,4
-1.37841,53.78308,2,2,6,6,40,13.0,2.0,4.0,1,1.0,2,10,Evening,1.0,1,0,4,1
-1.1877,53.01285,1,1,6,3,30,0.0,,1.0,1,1.0,1,9,Afternoon,1.0,1,0,4,4
-0.22,51.48506,2,1,3,6,20,13.0,4.0,1.0,1,1.0,1,6,Afternoon,0.5,1,0,4,4
1.13109,52.04811,2,1,3,6,30,13.0,4.0,1.0,1,1.0,1,10,Morning,0.5,1,0,1,1
-1.57765,53.77493,2,1,1,6,30,0.0,,1.0,1,1.0,1,7,Afternoon,0.5,1,0,4,1
-3.92001,56.05582,2,1,2,6,60,13.0,4.0,6.0,2,2.0,2,12,Afternoon,0.5,1,0,1,4
-1.73389,53.64404,1,1,5,3,30,19.0,4.0,1.0,2,2.0,1,4,Afternoon,1.0,1,0,4,1
-1.13346,52.65823,2,1,3,3,30,13.0,4.0,4.0,2,2.0,1,2,Morning,0.5,1,0,4,1
-2.45693,52.63855,2,2,4,1,40,,4.0,4.0,1,1.0,1,10,Evening,1.0,1,0,3,3
-2.03137,52.59682,1,1,5,6,30,13.0,4.0,1.0,1,1.0,1,3,Afternoon,1.0,1,0,1,1
-2.64809,53.63908,2,3,4,6,30,13.0,4.0,1.0,1,2.0,2,3,Afternoon,1.5,1,0,1,3
-0.15847,51.38902,2,1,5,6,30,13.0,4.0,1.0,1,1.0,1,2,Afternoon,0.5,1,0,4,2
-1.8603,53.71786,2,1,1,6,30,16.0,4.0,1.0,4,2.0,1,12,Morning,0.5,1,0,4,1
-4.31642,55.80746,1,1,3,6,30,19.0,4.0,4.0,1,1.0,1,11,Evening,1.0,1,0,1,3
-0.10994,51.52459,2,1,7,6,20,13.0,4.0,4.0,1,1.0,1,3,Night,0.5,1,0,4,1
-2.02923,52.52111,1,1,5,6,30,0.0,,1.0,1,1.0,1,3,Afternoon,1.0,1,0,1,1
0.8464,52.83132,1,1,1,6,20,0.0,,1.0,1,1.0,2,9,Afternoon,1.0,0,1,1,0
-2.91498,53.3982,2,1,6,3,30,0.0,4.0,4.0,1,1.0,1,3,Evening,0.5,1,0,3,1
-0.23409,51.57854,2,1,3,9,20,13.0,4.0,1.0,9,9.0,1,9,Afternoon,0.5,1,0,1,1
-0.2182,51.5287,3,1,6,6,30,13.0,4.0,1.0,1,2.0,1,1,Morning,0.3333333333333333,1,0,4,1
-0.1264,51.51159,1,1,4,3,20,19.0,4.0,4.0,1,1.0,1,1,Evening,1.0,1,0,1,1
-2.88249,53.48433,1,1,2,6,30,13.0,2.0,1.0,2,2.0,1,9,Morning,1.0,1,0,1,1
-0.03703,51.52739,3,1,5,6,20,13.0,4.0,4.0,1,1.0,1,12,Night,0.3333333333333333,1,0,4,1
-1.44471,51.74987,1,1,1,6,60,0.0,,1.0,1,1.0,2,8,Afternoon,1.0,0,0,3,0
-0.16766,51.35037,1,1,6,6,20,0.0,,1.0,8,2.0,1,12,Afternoon,1.0,0,0,1,0
-0.22282,52.5905,3,1,4,6,30,13.0,4.0,4.0,1,1.0,1,11,Afternoon,0.3333333333333333,1,0,1,1
-2.89821,52.43006,2,1,4,6,40,0.0,,1.0,1,2.0,2,9,Evening,0.5,1,0,3,1
-0.29664,52.57262,2,1,6,7,70,,4.0,1.0,1,1.0,2,11,Afternoon,0.5,1,0,4,4
0.21271,51.59532,2,1,6,6,30,0.0,,1.0,1,1.0,1,8,Afternoon,0.5,0,0,2,0
-2.73854,53.29435,4,1,3,3,70,0.0,,1.0,1,1.0,2,5,Morning,0.25,0,0,6,0
-1.87118,52.45884,2,1,3,3,30,16.0,2.0,4.0,8,2.0,1,10,Evening,0.5,1,0,4,4
-2.9536,54.90831,2,1,7,6,30,13.0,4.0,4.0,1,1.0,1,4,Evening,0.5,1,0,1,1
-0.18579,51.50202,2,1,2,3,20,19.0,2.0,1.0,1,1.0,1,8,Afternoon,0.5,1,0,4,1
-0.32426,51.49695,2,1,2,9,20,,9.0,1.0,9,9.0,1,5,Afternoon,0.5,1,0,1,1
-0.06009,51.64979,2,1,7,6,30,,2.0,4.0,2,2.0,1,11,Evening,0.5,1,0,4,4
-0.52975,52.38994,4,1,5,3,70,0.0,,1.0,1,1.0,2,8,Afternoon,0.25,0,1,4,0
-2.85187,53.33997,2,1,5,6,20,16.0,4.0,1.0,1,1.0,1,10,Afternoon,0.5,1,0,1,1
-4.04832,55.75606,1,1,3,6,30,0.0,,1.0,2,2.0,1,4,Afternoon,1.0,1,0,1,1
0.0996,50.76937,2,1,1,6,30,19.0,4.0,1.0,1,2.0,2,9,Afternoon,0.5,1,0,1,1
-0.14104,51.51379,1,1,7,2,20,13.0,2.0,4.0,2,2.0,1,3,Evening,1.0,1,0,4,2
-1.47103,52.5148,1,1,4,6,30,0.0,,4.0,2,2.0,1,12,Evening,1.0,1,0,1,1
-1.56969,53.66802,2,2,6,6,30,13.0,4.0,1.0,1,1.0,1,11,Morning,1.0,1,0,3,3
-1.49247,52.43812,2,1,7,1,30,,4.0,1.0,1,1.0,1,5,Morning,0.5,1,0,3,3
-0.55716,50.85528,4,1,4,6,30,0.0,,1.0,1,1.0,2,3,Morning,0.25,1,0,1,1
-0.66543,50.7879,1,1,1,1,30,,4.0,4.0,1,1.0,1,5,Evening,1.0,1,0,3,3
1.71153,52.47183,3,2,2,3,30,19.0,2.0,1.0,1,1.0,1,4,Afternoon,0.6666666666666666,1,0,3,3
0.09582,50.95143,2,3,6,1,60,,4.0,4.0,1,1.0,2,11,Evening,1.5,1,0,4,4
-2.23171,53.45266,2,2,7,6,30,13.0,4.0,1.0,1,1.0,1,2,Afternoon,1.0,1,0,1,1
-2.35995,51.38702,2,1,6,6,20,0.0,,1.0,1,1.0,1,2,Afternoon,0.5,0,0,1,0
-2.42263,51.45206,2,1,4,6,30,0.0,,1.0,1,1.0,2,4,Afternoon,0.5,0,0,4,0
-0.41486,51.24066,2,1,2,6,60,0.0,,1.0,4,2.0,2,2,Morning,0.5,1,0,1,1
-3.00156,51.85024,3,5,3,6,60,13.0,4.0,1.0,1,1.0,2,12,Morning,1.6666666666666667,1,0,4,1
-0.13295,51.51147,1,4,4,6,20,17.0,2.0,4.0,1,1.0,1,12,Night,4.0,1,0,4,1
-2.7235,53.76538,2,1,6,6,30,16.0,4.0,4.0,5,2.0,1,12,Afternoon,0.5,1,0,1,1
-1.07199,53.55104,2,2,3,6,40,13.0,4.0,1.0,1,2.0,1,4,Morning,1.0,1,0,4,1
-0.05592,51.25017,2,1,5,6,30,19.0,4.0,1.0,1,1.0,2,5,Afternoon,0.5,1,0,1,4
-1.29989,52.83384,2,2,1,1,50,,2.0,1.0,1,1.0,2,7,Morning,1.0,1,0,4,1
-1.10604,53.9787,2,1,3,1,30,0.0,4.0,1.0,1,1.0,1,2,Morning,0.5,1,0,1,1
-0.07472,51.62827,2,1,7,6,30,18.0,4.0,1.0,1,1.0,1,5,Morning,0.5,1,0,3,1
0.31216,50.83737,2,1,1,6,60,13.0,4.0,1.0,2,2.0,2,12,Afternoon,0.5,1,0,1,1
-1.90221,52.51522,2,1,7,6,30,13.0,2.0,1.0,2,2.0,1,12,Morning,0.5,1,0,4,4
-1.82892,54.8608,2,1,2,6,30,13.0,4.0,4.0,2,2.0,1,11,Afternoon,0.5,1,0,4,1
-1.57355,52.99551,2,1,1,6,60,0.0,,1.0,1,1.0,2,11,Afternoon,0.5,0,0,2,0
0.21123,52.34811,2,3,7,6,60,0.0,,1.0,1,1.0,2,8,Evening,1.5,1,0,4,1
-0.46115,51.50444,2,2,2,6,30,16.0,4.0,1.0,1,1.0,1,12,Morning,1.0,1,0,1,1
-2.88085,54.06317,2,1,6,6,30,16.0,3.0,1.0,1,1.0,1,7,Afternoon,0.5,1,0,1,1
-0.10598,51.57238,2,1,5,6,20,13.0,3.0,1.0,2,2.0,1,3,Afternoon,0.5,1,0,3,1
-2.62075,51.44236,1,1,5,9,20,0.0,,1.0,1,1.0,2,7,Afternoon,1.0,0,0,1,0
-1.82825,53.77411,1,2,4,6,30,13.0,4.0,1.0,1,1.0,2,9,Evening,2.0,1,0,1,1
-1.22741,54.53456,2,1,4,6,30,13.0,4.0,1.0,1,1.0,1,6,Morning,0.5,1,0,3,1
-1.32943,51.02664,2,2,3,3,70,0.0,4.0,6.0,1,2.0,2,10,Evening,1.0,1,0,6,1
-4.10494,52.87472,1,2,7,6,60,0.0,,1.0,2,2.0,2,7,Afternoon,2.0,0,0,4,0
-1.3962,50.84948,2,1,2,6,30,0.0,,4.0,1,1.0,1,4,Evening,0.5,0,0,1,0
-0.12104,51.38878,3,1,6,6,30,13.0,4.0,1.0,1,1.0,1,6,Afternoon,0.3333333333333333,1,0,4,1
-1.5593,53.77252,2,1,4,6,30,19.0,4.0,1.0,1,1.0,1,9,Afternoon,0.5,1,0,1,1
0.05482,51.53326,2,1,7,6,20,16.0,2.0,4.0,8,1.0,1,4,Evening,0.5,1,0,4,4
-0.19159,51.45673,2,1,3,6,20,0.0,,4.0,8,1.0,1,10,Afternoon,0.5,0,0,4,0
-1.38791,52.87145,3,4,5,3,70,0.0,4.0,1.0,1,1.0,2,6,Afternoon,1.3333333333333333,1,0,4,4
-2.66107,52.96459,2,2,1,6,60,0.0,,4.0,1,2.0,2,11,Evening,1.0,1,0,4,4
-0.11953,51.21101,1,1,1,6,50,0.0,,6.0,1,1.0,2,12,Evening,1.0,0,1,1,0
1.03331,51.2628,3,2,5,6,40,0.0,,1.0,2,2.0,2,2,Morning,0.6666666666666666,1,0,4,1
-1.17788,52.99458,2,1,2,6,30,0.0,,1.0,1,1.0,1,12,Afternoon,0.5,1,0,4,1
-1.50741,52.41888,2,1,6,6,30,19.0,2.0,1.0,1,1.0,1,11,Morning,0.5,1,0,3,1
-4.24563,55.85842,1,1,6,6,30,13.0,4.0,4.0,1,2.0,1,4,Evening,1.0,1,0,1,1
-1.03455,53.79693,3,3,7,6,40,0.0,,1.0,1,1.0,1,3,Afternoon,1.0,0,0,4,0
1.04549,51.11945,2,2,6,6,60,0.0,,1.0,1,1.0,2,4,Morning,1.0,1,0,3,1
0.90422,51.88594,2,1,1,3,30,0.0,,1.0,2,2.0,1,4,Afternoon,0.5,1,0,4,1
-0.36989,51.88335,2,1,3,6,20,0.0,,1.0,2,2.0,1,10,Afternoon,0.5,0,1,1,0
-1.80693,52.52276,2,1,7,1,30,,4.0,1.0,1,1.0,1,4,Evening,0.5,1,0,4,3
-3.1282,51.72204,1,1,2,6,20,0.0,,4.0,1,2.0,1,12,Night,1.0,0,0,1,0
-1.81123,52.48793,2,1,5,6,30,0.0,,1.0,1,1.0,1,2,Afternoon,0.5,0,1,4,0
-2.10348,51.10929,2,3,5,6,60,0.0,,1.0,2,2.0,2,2,Morning,1.5,0,0,4,0
-4.33652,55.80219,2,1,7,3,50,0.0,,1.0,1,1.0,2,3,Afternoon,0.5,1,0,6,6
-1.42178,50.9748,2,1,1,6,40,13.0,4.0,1.0,1,1.0,2,7,Afternoon,0.5,1,0,1,1
-0.06395,51.52063,2,1,5,9,20,13.0,4.0,1.0,2,2.0,1,2,Afternoon,0.5,1,0,3,1
-1.32275,54.44704,2,1,2,3,70,0.0,,6.0,1,4.0,2,1,Evening,0.5,0,0,4,0
-0.35644,51.52832,2,1,2,6,20,13.0,4.0,1.0,1,1.0,1,7,Morning,0.5,1,0,3,1
-0.36318,53.74036,6,1,7,6,30,0.0,,4.0,9,2.0,1,12,Night,0.16666666666666666,1,0,1,1
-2.57029,53.54204,2,2,4,6,20,0.0,,1.0,1,1.0,1,7,Evening,1.0,1,0,1,1
0.69981,51.53506,1,1,5,6,30,0.0,,1.0,1,1.0,1,12,Afternoon,1.0,1,0,1,1
-0.41693,51.33092,2,1,3,6,30,13.0,4.0,1.0,1,2.0,1,9,Afternoon,0.5,1,0,1,1
-1.5282,51.67394,2,1,2,6,50,13.0,4.0,1.0,2,2.0,2,4,Afternoon,0.5,1,0,1,4
-1.12434,52.63025,3,1,4,6,30,0.0,,1.0,1,1.0,1,5,Afternoon,0.3333333333333333,0,1,4,0
-0.06334,51.64003,2,1,3,3,40,13.0,2.0,4.0,2,2.0,1,10,Evening,0.5,1,0,4,2
-2.22814,51.84758,2,1,6,1,30,,4.0,4.0,1,1.0,1,1,Afternoon,0.5,1,0,4,1
-1.43621,50.92643,2,2,7,6,30,16.0,2.0,1.0,1,1.0,1,7,Morning,1.0,1,0,4,1
-0.10891,51.59728,1,1,6,6,20,13.0,4.0,4.0,1,2.0,1,3,Evening,1.0,1,0,4,1
-0.88879,51.45777,1,1,5,6,30,0.0,,1.0,3,4.0,1,1,Morning,1.0,0,0,1,0
-1.70435,54.76946,2,1,5,6,30,13.0,4.0,1.0,1,2.0,2,2,Afternoon,0.5,1,0,1,1
-0.11633,51.50269,1,1,1,3,20,13.0,2.0,1.0,1,1.0,1,8,Afternoon,1.0,1,0,4,1
-2.58536,53.85545,1,1,7,6,60,0.0,,6.0,1,1.0,2,1,Evening,1.0,1,0,1,1
-0.10672,51.43561,2,1,1,6,30,,9.0,1.0,9,9.0,1,3,Afternoon,0.5,1,0,1,1
-1.96762,52.50262,2,1,7,6,20,0.0,,4.0,1,1.0,1,11,Evening,0.5,1,0,1,1
-1.18146,51.25593,4,2,4,6,60,0.0,,6.0,1,1.0,2,10,Evening,0.5,0,0,3,0
-0.3391,51.3738,2,1,6,3,50,16.0,2.0,1.0,1,2.0,1,12,Morning,0.5,1,0,4,1
1.5743,52.44894,2,1,6,6,30,13.0,,1.0,1,1.0,1,3,Morning,0.5,1,0,1,1
-1.34339,52.69819,2,1,6,6,30,13.0,4.0,4.0,2,2.0,2,1,Evening,0.5,1,0,1,1
-4.15916,51.10477,2,1,4,6,30,13.0,4.0,1.0,1,1.0,2,7,Afternoon,0.5,1,0,4,1
0.00832,50.87012,1,1,2,6,20,0.0,,1.0,1,1.0,1,12,Afternoon,1.0,1,0,1,1
-0.16467,51.4289,2,1,4,9,20,,9.0,1.0,1,1.0,1,3,Afternoon,0.5,1,0,1,1
-2.61561,52.05947,1,1,6,6,60,0.0,,6.0,1,2.0,2,11,Afternoon,1.0,0,1,4,0
-0.46926,50.8181,2,2,3,1,70,,4.0,1.0,2,2.0,2,11,Afternoon,1.0,1,0,4,3
-2.3793,53.76989,2,1,6,6,30,13.0,4.0,1.0,1,1.0,1,1,Morning,0.5,1,0,4,1
-0.11279,51.4722,2,1,2,6,20,13.0,4.0,1.0,1,1.0,1,4,Morning,0.5,1,0,4,1
-2.18624,52.52012,2,1,5,6,60,0.0,,6.0,1,2.0,2,11,Afternoon,0.5,1,0,1,1
-2.61136,51.41334,2,1,2,6,30,16.0,2.0,4.0,1,1.0,1,12,Morning,0.5,1,0,4,1
-2.8067,53.54295,1,1,7,3,70,0.0,,6.0,2,2.0,1,10,Night,1.0,0,1,6,0
0.13396,51.5393,2,1,2,6,30,13.0,4.0,4.0,9,9.0,1,3,Evening,0.5,1,0,2,1
-2.51059,51.50219,2,1,4,3,30,0.0,2.0,7.0,1,1.0,2,2,Afternoon,0.5,1,0,4,4
-1.28745,52.00753,1,1,3,6,60,0.0,,1.0,1,1.0,2,9,Morning,1.0,0,0,3,0
0.12025,51.4343,2,3,3,1,30,0.0,4.0,4.0,1,1.0,1,2,Evening,1.5,1,0,2,2
-1.28606,53.71508,2,2,5,6,60,18.0,4.0,1.0,1,2.0,1,12,Morning,1.0,1,0,3,1
-1.11859,52.94967,1,1,2,6,30,0.0,,1.0,9,1.0,1,3,Afternoon,1.0,1,0,1,1
-0.13862,51.55661,1,1,7,2,20,16.0,2.0,1.0,1,1.0,1,6,Evening,1.0,1,0,4,2
-0.09768,51.47595,2,1,6,6,20,13.0,4.0,4.0,1,1.0,1,7,Night,0.5,1,0,4,1
-0.27115,50.83998,2,1,5,6,30,13.0,4.0,1.0,2,2.0,1,4,Afternoon,0.5,1,0,1,1
-0.10745,51.54451,2,1,2,6,30,13.0,4.0,1.0,1,1.0,1,3,Afternoon,0.5,1,0,3,2
-2.74754,52.70661,2,1,2,6,30,0.0,,1.0,1,1.0,1,10,Afternoon,0.5,1,0,4,4
-0.13609,51.34308,2,1,3,6,30,13.0,4.0,1.0,2,2.0,1,10,Afternoon,0.5,1,0,1,4
0.68742,51.55287,2,1,3,3,50,0.0,,1.0,1,1.0,1,3,Afternoon,0.5,0,1,1,0
-0.05719,51.61196,2,1,7,6,30,13.0,4.0,1.0,9,9.0,1,3,Afternoon,0.5,1,0,1,1
-0.19251,51.41705,2,1,3,9,20,18.0,4.0,1.0,9,9.0,1,6,Afternoon,0.5,1,0,4,1
-0.04764,51.61807,2,1,7,6,30,0.0,,1.0,1,1.0,1,9,Morning,0.5,0,0,1,0
-1.82311,53.64364,2,1,2,6,30,18.0,4.0,1.0,2,1.0,1,7,Morning,0.5,1,0,1,1
-1.74247,53.78156,2,1,6,6,30,19.0,4.0,1.0,1,1.0,1,10,Afternoon,0.5,1,0,1,1
-0.88634,52.77753,1,1,2,6,30,13.0,4.0,1.0,1,1.0,1,2,Morning,1.0,1,0,2,1
-0.45865,53.68085,2,1,4,1,60,0.0,,1.0,1,1.0,2,6,Afternoon,0.5,0,1,4,0
-4.17088,55.39195,1,1,2,6,30,0.0,,1.0,2,2.0,2,5,Evening,1.0,1,0,1,1
-2.526,53.566,2,2,7,3,70,0.0,,4.0,1,1.0,2,2,Evening,1.0,0,1,6,0
-1.79588,53.72575,2,1,2,6,30,13.0,4.0,1.0,1,1.0,1,11,Morning,0.5,1,0,4,1
-1.48417,52.45829,2,2,3,6,30,0.0,,1.0,1,,2,4,Afternoon,1.0,0,1,1,0
-2.2234,51.69961,2,1,5,6,40,13.0,4.0,6.0,1,2.0,1,2,Evening,0.5,1,0,4,1
-0.79143,51.61365,2,1,2,6,30,13.0,4.0,5.0,2,2.0,1,12,Morning,0.5,1,0,1,1
-2.27647,53.60716,2,1,7,3,70,0.0,,4.0,2,,2,9,Evening,0.5,0,1,6,0
-0.00894,51.56757,2,1,2,3,20,13.0,2.0,4.0,1,1.0,1,10,Evening,0.5,1,0,4,2
-0.12268,51.50595,1,1,3,6,30,,9.0,4.0,2,2.0,2,10,Evening,1.0,1,0,4,1
-2.59374,51.45977,1,1,3,2,20,13.0,2.0,4.0,1,1.0,1,11,Evening,1.0,1,0,3,3
-2.42119,51.52951,2,1,4,6,40,13.0,4.0,1.0,1,1.0,1,10,Afternoon,0.5,1,0,1,1
-4.08681,50.39065,2,1,5,1,30,,2.0,1.0,2,2.0,1,7,Morning,0.5,1,0,4,1
-2.9525,53.49429,2,1,6,3,50,16.0,2.0,1.0,1,1.0,2,8,Afternoon,0.5,1,0,4,4
-0.10545,51.4226,1,1,6,6,20,16.0,2.0,1.0,1,1.0,1,4,Evening,1.0,1,0,4,4
-2.09226,53.55206,2,1,6,6,30,13.0,4.0,1.0,1,1.0,1,7,Afternoon,0.5,1,0,1,1
-1.07248,52.96233,1,1,6,6,30,0.0,,1.0,1,1.0,1,4,Morning,1.0,1,0,1,1
-0.12789,51.5171,2,1,7,2,20,16.0,4.0,1.0,1,1.0,1,6,Afternoon,0.5,1,0,1,1
-1.78857,53.60454,2,1,7,6,30,13.0,2.0,1.0,1,1.0,1,2,Morning,0.5,1,0,4,1
-2.93259,56.46858,2,2,2,6,40,13.0,2.0,1.0,1,1.0,1,2,Afternoon,1.0,1,0,4,4
-1.71834,54.458,1,1,5,6,60,0.0,,1.0,2,2.0,2,5,Morning,1.0,0,0,4,0
-0.26263,52.21776,2,1,5,6,30,0.0,,4.0,1,1.0,1,2,Afternoon,0.5,0,1,1,0
-0.6783,52.36415,2,1,3,6,20,0.0,,1.0,1,1.0,1,3,Afternoon,0.5,0,1,2,0
-0.26705,51.33325,1,1,6,6,20,16.0,2.0,4.0,1,1.0,1,10,Evening,1.0,1,0,4,1
-1.51223,50.78182,3,2,3,6,40,16.0,4.0,1.0,1,2.0,2,8,Morning,0.6666666666666666,1,0,1,1
-2.68834,51.5027,2,1,4,6,30,0.0,,1.0,8,4.0,1,11,Afternoon,0.5,0,0,1,0
0.75043,51.5444,2,1,3,6,30,18.0,,1.0,1,1.0,1,7,Morning,0.5,1,0,1,1
0.09584,51.64754,1,1,5,3,70,0.0,,1.0,2,2.0,2,12,Morning,1.0,0,1,6,0
0.70762,51.54558,2,1,5,6,30,13.0,4.0,1.0,2,2.0,1,2,Afternoon,0.5,1,0,1,1
-2.2738,53.52863,2,1,3,6,30,16.0,3.0,1.0,1,1.0,1,10,Morning,0.5,1,0,1,1
-4.58286,55.71172,2,1,6,6,60,17.0,4.0,1.0,5,2.0,2,3,Afternoon,0.5,1,0,4,1
-2.06855,53.23994,2,2,3,6,60,0.0,,6.0,1,1.0,2,4,Evening,1.0,0,0,2,0
-0.55804,53.54855,2,1,2,3,60,,4.0,1.0,1,1.0,2,4,Afternoon,0.5,1,0,4,4
-0.77254,51.99826,1,3,1,3,70,0.0,4.0,4.0,1,1.0,2,4,Night,3.0,1,0,4,1
-5.3481,50.19816,2,1,4,6,60,13.0,4.0,7.0,2,2.0,2,12,Evening,0.5,1,0,1,1
-3.51516,54.52314,1,1,7,6,30,0.0,,1.0,1,1.0,2,11,Morning,1.0,1,0,1,1
-0.83107,51.25143,1,1,3,6,30,0.0,,7.0,1,1.0,2,11,Afternoon,1.0,0,0,1,0
-0.72056,52.29513,2,1,4,6,30,13.0,4.0,1.0,1,1.0,1,6,Morning,0.5,1,0,1,1
-1.34553,51.33388,1,1,5,3,70,0.0,,1.0,1,1.0,2,8,Afternoon,1.0,0,0,4,0
-1.35372,53.32437,2,1,3,6,30,0.0,,1.0,9,1.0,1,6,Afternoon,0.5,1,0,1,1
-0.8618,52.29274,2,1,4,6,30,18.0,4.0,1.0,8,2.0,2,5,Morning,0.5,1,0,2,1
-2.3242,52.11181,2,2,6,6,30,16.0,4.0,1.0,1,1.0,1,10,Morning,1.0,1,0,3,1
0.05441,50.80371,1,1,2,6,30,13.0,4.0,1.0,1,1.0,1,6,Afternoon,1.0,1,0,1,1
-0.10729,51.33021,1,1,6,6,30,0.0,,1.0,8,2.0,1,9,Afternoon,1.0,0,0,1,0
-2.44368,53.23053,2,2,4,6,30,19.0,4.0,1.0,1,1.0,2,7,Morning,1.0,1,0,3,1
-3.27098,51.94474,1,1,6,6,60,0.0,,1.0,1,2.0,2,9,Morning,1.0,0,1,1,0
-0.25612,51.39861,1,1,6,1,20,0.0,4.0,1.0,1,1.0,1,11,Afternoon,1.0,1,0,4,3
0.52743,51.35691,3,1,6,6,30,0.0,,4.0,1,1.0,1,9,Evening,0.3333333333333333,1,0,1,1
0.43932,51.05485,2,1,5,6,30,13.0,4.0,6.0,1,2.0,2,1,Evening,0.5,1,0,3,1
0.13103,51.28817,2,1,1,3,50,0.0,,6.0,2,2.0,2,12,Afternoon,0.5,0,1,6,0
-0.2033,51.33692,2,2,6,3,60,0.0,,1.0,2,2.0,1,2,Morning,1.0,0,1,4,0
-0.49048,53.23812,2,1,3,6,60,0.0,,6.0,9,1.0,2,1,Afternoon,0.5,0,0,4,0
-1.04303,50.83544,2,1,3,1,40,0.0,2.0,1.0,1,1.0,1,7,Evening,0.5,1,0,1,1
-2.25598,53.38632,2,1,7,6,30,0.0,,4.0,1,1.0,1,6,Evening,0.5,1,0,1,1
-0.04742,52.93507,1,1,5,6,60,0.0,,1.0,8,1.0,2,8,Afternoon,1.0,0,0,4,0
-2.24815,53.79027,1,1,2,6,30,0.0,,4.0,1,1.0,1,9,Evening,1.0,1,0,4,1
-2.5673,53.4088,1,1,5,6,30,0.0,4.0,1.0,1,1.0,1,9,Morning,1.0,0,1,2,0
0.02137,51.29551,1,1,1,6,60,0.0,,1.0,1,2.0,2,1,Afternoon,1.0,1,0,1,1
-0.05284,51.51714,2,1,2,9,20,16.0,2.0,1.0,1,1.0,1,11,Morning,0.5,1,0,2,2
-1.84932,53.86473,1,1,2,6,30,0.0,,4.0,1,2.0,1,1,Morning,1.0,1,0,1,1
-1.0588,51.53585,1,1,4,6,60,13.0,4.0,1.0,1,1.0,2,4,Evening,1.0,1,0,4,1
-1.42805,53.2334,1,1,7,6,30,13.0,4.0,1.0,1,1.0,1,5,Afternoon,1.0,1,0,4,1
0.52571,51.38484,2,1,4,6,30,13.0,2.0,4.0,1,2.0,1,12,Evening,0.5,1,0,4,1
-1.40129,50.90312,2,1,6,6,30,0.0,4.0,1.0,1,1.0,1,6,Morning,0.5,1,0,1,1
-0.17705,53.54774,1,2,4,6,30,,4.0,4.0,2,2.0,2,4,Night,2.0,1,0,1,1
-1.78208,52.59056,2,1,2,3,60,19.0,4.0,1.0,1,1.0,2,9,Afternoon,0.5,1,0,4,4
-3.46516,50.60654,1,1,4,6,30,0.0,,1.0,1,1.0,2,12,Afternoon,1.0,1,0,4,1
-0.17593,51.53645,2,1,6,6,20,13.0,2.0,4.0,2,2.0,1,12,Evening,0.5,1,0,4,2
-2.63158,53.65066,2,1,1,6,20,19.0,4.0,4.0,1,1.0,1,6,Evening,0.5,1,0,1,1
-1.45888,50.91516,1,1,1,6,30,0.0,,1.0,1,1.0,1,6,Morning,1.0,0,0,1,0
0.59242,51.52042,1,1,5,6,30,19.0,4.0,4.0,2,5.0,1,1,Afternoon,1.0,1,0,4,1
0.53223,50.93599,2,2,3,6,30,13.0,4.0,6.0,1,1.0,2,8,Evening,1.0,1,0,3,1
-1.6739,53.8088,1,1,1,6,30,13.0,4.0,4.0,8,2.0,1,11,Evening,1.0,1,0,3,1
-0.41105,51.37784,2,1,7,6,30,19.0,4.0,4.0,5,2.0,1,12,Afternoon,0.5,1,0,4,1
0.0262,51.54326,1,1,7,6,30,19.0,4.0,4.0,1,1.0,1,10,Evening,1.0,1,0,4,1
-1.37098,52.02514,2,1,3,6,20,18.0,4.0,1.0,2,2.0,2,10,Afternoon,0.5,1,0,4,1
-2.24875,53.70659,2,1,5,6,30,0.0,,1.0,1,1.0,1,5,Afternoon,0.5,1,0,3,1
-0.05571,51.51435,1,1,6,6,20,13.0,4.0,4.0,1,1.0,1,8,Evening,1.0,1,0,4,1
-1.51171,55.11882,2,1,5,1,30,,4.0,1.0,1,1.0,1,10,Morning,0.5,1,0,4,3
-2.8008,53.48607,1,1,4,6,40,0.0,,1.0,1,1.0,2,6,Afternoon,1.0,0,0,3,0
-1.84561,52.48324,1,1,3,6,30,13.0,4.0,1.0,1,1.0,1,10,Afternoon,1.0,1,0,1,1
-1.34879,51.70281,2,1,1,1,60,0.0,4.0,1.0,1,1.0,2,9,Afternoon,0.5,1,0,4,4
-3.48677,50.67473,2,1,1,1,60,,3.0,4.0,1,2.0,2,9,Evening,0.5,1,0,4,4
-0.34811,51.37873,2,1,6,6,40,,4.0,1.0,1,1.0,1,6,Afternoon,0.5,1,0,4,4
-1.56449,51.11212,1,3,1,6,60,0.0,,6.0,1,1.0,2,7,Night,3.0,0,0,4,0
0.31894,51.48817,1,1,7,6,30,0.0,,1.0,1,1.0,1,10,Morning,1.0,1,0,1,1
-1.18668,50.83863,2,1,3,1,30,0.0,4.0,1.0,1,1.0,1,8,Afternoon,0.5,1,0,3,1
-4.4709,50.93392,2,1,7,6,60,17.0,4.0,1.0,1,2.0,2,10,Afternoon,0.5,1,0,4,1
-1.07822,53.9572,2,1,3,1,30,0.0,4.0,4.0,1,1.0,1,11,Evening,0.5,1,0,1,1
0.01025,51.37788,1,1,4,6,30,19.0,4.0,4.0,1,2.0,1,11,Evening,1.0,1,0,2,3
-0.5234,52.39069,2,2,4,1,60,,4.0,1.0,1,1.0,2,5,Afternoon,1.0,1,0,4,4
1.24032,52.37349,3,2,2,6,60,0.0,,1.0,1,1.0,2,1,Morning,0.6666666666666666,0,1,4,0
0.24073,52.01701,2,3,1,6,30,16.0,2.0,1.0,1,1.0,1,3,Afternoon,1.5,1,0,1,1
-1.77776,52.39631,2,1,4,6,30,13.0,4.0,1.0,1,1.0,1,7,Morning,0.5,1,0,1,1
-0.10289,51.56568,2,1,6,3,20,13.0,4.0,1.0,1,1.0,1,12,Afternoon,0.5,1,0,4,1
-1.38121,52.55105,2,1,3,6,30,0.0,,5.0,1,1.0,1,11,Afternoon,0.5,0,1,1,0
0.77044,51.40782,1,1,6,1,60,,4.0,1.0,5,2.0,2,8,Morning,1.0,1,0,4,4
0.14968,51.55126,2,1,1,3,30,16.0,4.0,1.0,1,1.0,1,8,Evening,0.5,1,0,2,1
-0.19245,51.47538,3,1,5,6,20,13.0,4.0,1.0,1,1.0,1,12,Morning,0.3333333333333333,1,0,4,1
-2.87182,54.05675,1,1,1,6,40,19.0,4.0,1.0,4,1.0,1,4,Morning,1.0,1,0,3,1
-1.52698,52.40827,1,1,4,6,30,0.0,,5.0,2,2.0,1,10,Evening,1.0,0,1,3,0
-1.21857,51.7322,2,1,3,6,30,16.0,2.0,1.0,1,1.0,1,1,Afternoon,0.5,1,0,3,1
-1.74546,54.86369,1,1,2,6,20,0.0,,1.0,1,1.0,1,11,Morning,1.0,1,0,3,1
-1.68185,53.82699,1,1,6,6,30,0.0,,1.0,1,1.0,1,6,Afternoon,1.0,1,0,4,1
-1.9566,52.47734,2,3,4,6,30,0.0,,4.0,2,2.0,1,11,Morning,1.5,0,1,4,0
-1.38876,54.9267,2,1,4,3,30,0.0,,1.0,1,1.0,1,6,Evening,0.5,1,0,4,3
-1.54507,53.79843,1,1,4,6,20,13.0,4.0,4.0,1,1.0,1,12,Evening,1.0,1,0,1,1
-0.02998,51.53571,2,1,5,6,20,13.0,4.0,1.0,1,1.0,1,9,Afternoon,0.5,1,0,3,1
-4.76398,55.94613,2,4,1,6,30,13.0,4.0,4.0,5,2.0,1,3,Evening,2.0,1,0,1,1
-1.57029,53.80497,2,1,6,6,30,13.0,4.0,4.0,1,1.0,1,10,Evening,0.5,1,0,1,1
-1.41773,53.57104,2,1,1,6,30,0.0,,4.0,2,2.0,1,1,Evening,0.5,1,0,1,1
-1.77822,53.77721,1,1,1,6,30,13.0,4.0,4.0,1,1.0,1,10,Evening,1.0,1,0,4,4
0.50798,51.38255,1,1,3,6,30,0.0,,1.0,5,2.0,1,1,Afternoon,1.0,1,0,1,1
-4.35066,55.89462,2,1,7,6,30,16.0,2.0,4.0,1,2.0,1,12,Afternoon,0.5,1,0,1,1
-2.06487,50.73244,2,1,7,3,60,0.0,,1.0,1,1.0,2,4,Afternoon,0.5,0,0,4,0
0.05603,51.59172,2,1,4,6,30,19.0,4.0,1.0,1,1.0,1,6,Morning,0.5,1,0,2,1
-4.28652,55.92643,1,1,3,3,50,0.0,,1.0,2,2.0,2,7,Morning,1.0,0,1,3,0
-1.88602,53.71495,2,1,7,6,30,13.0,4.0,1.0,1,1.0,1,11,Night,0.5,1,0,1,1
-1.31427,50.90222,3,1,6,6,50,0.0,,1.0,1,1.0,2,3,Morning,0.3333333333333333,0,0,6,0
-0.32338,51.5766,1,1,3,6,20,0.0,2.0,1.0,1,1.0,1,4,Morning,1.0,1,0,1,1
-4.45707,54.95782,3,1,4,6,60,19.0,4.0,1.0,1,1.0,2,9,Afternoon,0.3333333333333333,1,0,4,3
-2.92992,53.28645,2,1,6,6,30,13.0,4.0,5.0,1,1.0,1,1,Afternoon,0.5,1,0,3,1
-0.23948,51.60735,2,1,1,6,30,0.0,,1.0,1,1.0,1,5,Afternoon,0.5,0,0,2,0
-2.90839,53.44755,1,1,5,6,20,0.0,,1.0,1,1.0,1,1,Afternoon,1.0,0,0,1,0
-2.67342,51.6214,1,1,1,1,30,0.0,4.0,4.0,1,1.0,2,4,Night,1.0,1,0,4,6
-0.21259,51.41452,1,1,5,1,20,0.0,4.0,4.0,1,2.0,1,2,Evening,1.0,1,0,1,1
-3.23752,51.78335,2,1,4,6,20,16.0,4.0,1.0,1,1.0,1,4,Evening,0.5,1,0,4,1
-4.15181,50.40825,2,1,4,6,30,0.0,,1.0,1,1.0,1,5,Morning,0.5,1,0,1,1
0.26207,51.15102,1,1,3,6,30,13.0,4.0,4.0,2,2.0,1,2,Evening,1.0,1,0,1,4
-0.03491,53.55286,1,1,6,6,20,0.0,,1.0,1,1.0,1,7,Afternoon,1.0,1,0,1,1
-2.75306,51.12665,2,1,7,6,30,13.0,4.0,1.0,1,1.0,1,1,Afternoon,0.5,1,0,4,1
0.24399,51.45249,2,1,2,1,30,,1.0,1.0,1,1.0,2,8,Morning,0.5,1,0,4,4
-0.17849,50.83898,2,1,4,3,30,0.0,,1.0,1,1.0,1,7,Evening,0.5,1,0,4,4
-1.89773,52.47676,2,1,4,2,30,19.0,4.0,4.0,1,2.0,1,12,Night,0.5,1,0,1,1
-0.90106,52.94505,2,2,3,6,60,0.0,,6.0,2,2.0,2,1,Evening,1.0,0,1,4,0
-0.74355,51.23888,1,1,6,6,30,13.0,4.0,1.0,1,1.0,1,3,Afternoon,1.0,1,0,1,1
-2.66652,56.58271,2,1,3,6,60,19.0,4.0,1.0,2,2.0,2,3,Morning,0.5,1,0,1,1
1.29464,52.624,2,1,1,6,30,16.0,,1.0,1,,1,10,Afternoon,0.5,1,0,1,1
-3.0263,54.90107,1,1,7,6,60,0.0,,6.0,1,2.0,2,9,Night,1.0,0,1,3,0
-0.18548,51.55188,2,1,6,6,20,13.0,4.0,4.0,1,1.0,1,11,Evening,0.5,1,0,4,1
-2.09678,55.08322,1,1,1,6,60,0.0,,1.0,1,1.0,2,3,Afternoon,1.0,0,1,4,0
0.49347,51.57315,2,1,2,1,50,,4.0,4.0,1,1.0,1,10,Evening,0.5,1,0,4,1
-0.09131,51.49423,1,1,4,6,20,0.0,,1.0,9,1.0,1,1,Afternoon,1.0,0,0,4,0
-2.37496,53.3803,2,5,1,6,40,16.0,2.0,1.0,1,1.0,1,4,Evening,2.5,1,0,3,4
-0.71991,52.29895,1,1,2,6,30,13.0,4.0,1.0,1,1.0,1,7,Morning,1.0,1,0,1,1
-1.60343,52.95968,2,1,5,6,60,0.0,,1.0,1,1.0,2,10,Afternoon,0.5,0,0,1,0
-4.71293,51.67879,2,1,4,1,20,,4.0,1.0,5,2.0,2,8,Morning,0.5,1,0,4,1
-1.69791,53.76079,2,1,4,6,30,13.0,4.0,1.0,1,2.0,1,10,Afternoon,0.5,1,0,4,1
-0.26285,51.40677,2,1,5,9,20,13.0,4.0,1.0,9,9.0,1,10,Morning,0.5,1,0,1,1
-3.75402,51.71904,1,1,4,6,40,0.0,,1.0,2,2.0,2,2,Afternoon,1.0,0,0,4,0
-1.47499,53.31697,2,1,4,3,40,0.0,4.0,1.0,1,1.0,2,6,Afternoon,0.5,1,0,4,4
-1.88183,52.47402,4,1,1,3,30,0.0,,4.0,1,1.0,1,10,Evening,0.25,0,1,3,0
-0.17118,51.42443,1,1,4,6,20,0.0,,4.0,8,2.0,1,2,Evening,1.0,0,0,4,0
-0.41832,51.46806,3,2,3,6,30,0.0,,1.0,1,1.0,1,4,Evening,0.6666666666666666,0,0,1,0
-2.46575,50.6516,2,1,5,6,30,13.0,4.0,1.0,1,1.0,1,9,Afternoon,0.5,1,0,1,2
-1.40622,50.90702,1,1,4,6,30,0.0,,1.0,1,1.0,1,10,Afternoon,1.0,0,0,1,0
-1.88314,53.71408,2,1,5,6,30,16.0,2.0,1.0,1,1.0,1,8,Evening,0.5,1,0,4,4
-0.02237,51.58284,1,1,6,6,20,0.0,,1.0,1,1.0,1,1,Morning,1.0,0,0,2,0
-0.12249,51.53693,1,1,3,2,20,19.0,2.0,1.0,1,1.0,1,11,Morning,1.0,1,0,4,3
-1.54823,51.72707,1,1,4,6,20,13.0,4.0,1.0,1,1.0,2,5,Afternoon,1.0,1,0,1,1
-2.3288,53.06967,2,1,6,3,70,0.0,,4.0,1,1.0,2,10,Evening,0.5,1,0,4,6
-1.54787,54.77991,1,1,3,6,30,0.0,,4.0,2,2.0,1,4,Night,1.0,1,0,1,1
0.24155,52.53534,1,1,3,6,40,13.0,4.0,1.0,1,1.0,2,6,Afternoon,1.0,1,0,4,1
-0.12767,50.83377,2,1,2,6,20,13.0,4.0,4.0,2,2.0,1,5,Night,0.5,1,0,4,1
-0.1316,51.51202,1,1,2,3,20,13.0,2.0,1.0,1,1.0,1,8,Morning,1.0,1,0,4,2
-1.37375,54.77802,2,2,5,6,60,0.0,,6.0,1,2.0,2,10,Night,1.0,0,1,3,0
-2.13186,51.38108,1,1,1,6,20,0.0,,1.0,1,1.0,1,6,Afternoon,1.0,0,0,1,0
-1.34489,53.25867,1,1,3,6,40,0.0,,1.0,2,2.0,2,1,Morning,1.0,0,0,4,0
-0.04446,51.6909,2,4,1,1,40,,4.0,1.0,2,2.0,2,12,Afternoon,2.0,1,0,4,4
-0.15327,51.11762,2,1,6,6,30,0.0,,4.0,1,1.0,1,1,Afternoon,0.5,0,1,1,0
-2.84702,51.12191,2,2,1,6,30,0.0,,6.0,1,1.0,2,1,Evening,1.0,0,0,4,0
0.06001,51.51788,2,1,4,6,20,,9.0,1.0,9,9.0,1,10,Afternoon,0.5,1,0,4,1
-0.17562,51.92465,4,1,1,6,30,13.0,4.0,4.0,2,2.0,1,11,Afternoon,0.25,1,0,1,1
-0.19936,51.44851,5,2,5,3,20,13.0,4.0,1.0,9,1.0,1,8,Afternoon,0.4,1,0,4,1
-1.1722,52.66188,1,1,7,6,30,,2.0,7.0,2,2.0,2,2,Evening,1.0,1,0,1,4
-4.33506,55.92114,1,1,2,6,30,0.0,,1.0,1,1.0,1,12,Afternoon,1.0,1,0,1,4
-4.34651,50.54169,2,1,6,6,60,13.0,4.0,6.0,2,2.0,2,2,Evening,0.5,1,0,3,1
0.07046,52.02989,2,1,7,6,30,0.0,,6.0,1,1.0,2,11,Night,0.5,1,0,3,1
-2.15153,52.48947,2,1,4,6,30,0.0,,1.0,1,1.0,1,9,Morning,0.5,0,1,1,0
0.16917,51.56456,2,1,4,6,30,0.0,,1.0,1,1.0,1,10,Morning,0.5,0,0,4,0
-1.30708,51.8952,2,2,3,6,60,13.0,4.0,1.0,1,1.0,2,8,Afternoon,1.0,1,0,1,1
-0.15116,51.46127,2,1,1,6,20,,9.0,1.0,1,1.0,1,4,Evening,0.5,1,0,4,1
-1.94956,52.61775,2,1,7,6,30,18.0,4.0,1.0,1,1.0,1,3,Morning,0.5,1,0,1,1
-0.18341,51.98461,1,1,3,6,30,19.0,4.0,1.0,4,1.0,1,1,Afternoon,1.0,1,0,1,3
-1.19003,52.5089,2,1,6,6,50,18.0,4.0,1.0,1,1.0,2,10,Afternoon,0.5,1,0,4,1
-4.15142,50.41793,2,2,6,6,30,19.0,4.0,1.0,1,1.0,1,10,Morning,1.0,1,0,1,1
-0.11109,51.38721,2,1,6,6,20,19.0,4.0,1.0,1,1.0,1,4,Evening,0.5,1,0,4,2
0.28255,51.5012,1,1,5,6,30,0.0,,4.0,1,1.0,1,10,Afternoon,1.0,0,1,1,0
-0.78371,53.40265,2,2,5,6,30,13.0,4.0,1.0,1,1.0,1,4,Morning,1.0,1,0,1,1
1.42598,51.37012,1,1,5,3,30,0.0,,1.0,1,1.0,1,10,Afternoon,1.0,1,0,1,1
-1.73609,52.88505,1,1,5,3,70,0.0,,1.0,2,2.0,2,5,Afternoon,1.0,0,0,4,0
0.48621,51.76869,2,2,6,6,60,0.0,,6.0,1,1.0,2,8,Evening,1.0,1,0,4,4
-1.28768,53.49258,4,1,4,3,30,13.0,4.0,1.0,1,1.0,1,10,Afternoon,0.25,1,0,4,1
0.91946,51.89192,2,1,4,6,20,0.0,,1.0,9,1.0,1,10,Afternoon,0.5,0,1,1,0
-0.32403,51.23784,2,1,4,3,40,13.0,4.0,1.0,1,2.0,1,3,Morning,0.5,1,0,4,1
0.07162,51.6494,2,1,7,6,30,0.0,,4.0,8,2.0,1,12,Evening,0.5,1,0,1,1
-0.12849,52.56123,2,1,6,6,30,17.0,2.0,1.0,1,1.0,1,5,Afternoon,0.5,1,0,1,1
-0.05884,51.5159,1,1,7,6,20,13.0,4.0,1.0,1,1.0,1,10,Afternoon,1.0,1,0,1,1
-0.07364,51.25839,3,1,3,3,70,0.0,,1.0,2,2.0,2,1,Morning,0.3333333333333333,1,0,6,6
-2.46928,51.11231,2,1,6,6,40,0.0,,1.0,2,2.0,2,7,Evening,0.5,0,0,1,0
-1.57919,51.23182,2,2,6,6,60,0.0,,1.0,1,1.0,2,6,Afternoon,1.0,0,0,1,0
-1.65629,55.02202,2,1,6,6,30,0.0,,1.0,1,1.0,1,7,Afternoon,0.5,1,0,1,1
-0.01078,51.58727,1,1,2,6,20,,9.0,4.0,8,1.0,1,5,Night,1.0,1,0,1,1
-0.15998,51.4259,2,1,3,9,30,,9.0,1.0,1,1.0,1,7,Morning,0.5,1,0,2,1
-2.52971,53.18783,2,1,5,1,30,0.0,4.0,1.0,2,2.0,1,2,Morning,0.5,1,0,1,1
1.07015,52.73138,4,2,6,6,60,13.0,4.0,1.0,2,2.0,2,2,Morning,0.5,1,0,4,1
-0.3845,53.7729,2,1,3,6,20,0.0,,1.0,1,2.0,1,11,Morning,0.5,1,0,1,1
-1.54527,53.84262,2,1,4,1,30,19.0,4.0,4.0,8,2.0,1,4,Evening,0.5,1,0,1,3
-2.47268,52.62437,2,1,5,6,40,13.0,4.0,1.0,2,2.0,1,2,Afternoon,0.5,1,0,3,1
-3.6067,55.88931,3,3,5,3,70,0.0,,1.0,1,1.0,2,6,Morning,1.0,1,0,6,6
-0.20122,51.52855,2,1,4,6,20,0.0,4.0,1.0,1,1.0,1,1,Morning,0.5,1,0,2,2
-1.57643,51.20993,3,1,1,3,70,0.0,,1.0,1,1.0,2,9,Afternoon,0.3333333333333333,0,0,4,0
-0.83657,51.30371,2,1,2,6,50,13.0,4.0,1.0,1,1.0,2,8,Afternoon,0.5,1,0,1,1
-2.21998,51.32134,2,1,4,6,30,0.0,,4.0,2,2.0,1,12,Afternoon,0.5,0,0,4,0
0.28383,50.76848,1,1,2,6,20,13.0,4.0,1.0,1,1.0,1,11,Afternoon,1.0,1,0,1,1
0.16827,51.48782,2,1,3,3,50,0.0,,1.0,1,1.0,1,10,Afternoon,0.5,0,0,4,0
-0.04267,51.51767,1,1,6,1,20,0.0,4.0,1.0,1,1.0,1,1,Morning,1.0,1,0,3,3
1.06166,52.09733,2,2,5,6,60,13.0,4.0,1.0,1,2.0,2,3,Morning,1.0,1,0,1,1
-0.22139,52.57808,2,1,3,7,70,,4.0,4.0,2,2.0,1,2,Afternoon,0.5,1,0,1,4
-2.24222,53.82676,2,3,3,3,70,0.0,,6.0,1,1.0,2,12,Afternoon,1.5,0,1,6,0
-1.01382,51.46284,2,1,2,1,30,0.0,4.0,1.0,1,1.0,1,2,Afternoon,0.5,1,0,4,1
-3.04598,53.80428,2,1,3,6,30,16.0,2.0,1.0,1,1.0,1,4,Morning,0.5,1,0,1,1
-0.0601,51.58998,2,1,3,9,30,,9.0,1.0,1,2.0,1,4,Morning,0.5,1,0,4,1
-1.486,53.36204,1,1,5,6,30,0.0,,1.0,1,1.0,1,10,Afternoon,1.0,1,0,1,1
-1.52516,51.77931,1,1,5,3,50,0.0,4.0,1.0,1,2.0,2,11,Morning,1.0,1,0,4,1
-2.51854,55.41953,2,6,1,6,60,0.0,,1.0,1,1.0,2,6,Afternoon,3.0,0,1,4,0
0.55613,51.03192,1,1,2,6,60,0.0,,6.0,2,2.0,2,1,Afternoon,1.0,1,0,1,1
-2.80836,54.2616,2,1,3,3,70,0.0,,1.0,1,2.0,2,1,Morning,0.5,1,0,4,1
-2.74121,52.73041,2,1,5,6,30,0.0,,1.0,1,1.0,1,8,Morning,0.5,0,1,1,0
-0.58264,53.73459,2,1,1,6,40,0.0,,1.0,1,1.0,1,7,Afternoon,0.5,1,0,1,1
-2.82336,52.09531,2,2,2,6,60,13.0,4.0,1.0,1,1.0,2,4,Afternoon,1.0,1,0,4,1
-1.6326,53.63899,2,2,5,6,50,13.0,4.0,1.0,7,2.0,2,12,Morning,1.0,1,0,4,1
-1.49299,50.91258,2,1,2,1,40,0.0,4.0,4.0,1,1.0,1,12,Evening,0.5,1,0,4,1
-2.78222,52.94067,2,1,7,6,60,13.0,4.0,1.0,1,1.0,2,10,Afternoon,0.5,1,0,4,1
-0.2591,52.53451,3,2,6,6,40,0.0,,1.0,1,1.0,2,5,Afternoon,0.6666666666666666,0,1,4,0
-0.11974,51.46004,1,1,6,9,20,,9.0,1.0,8,1.0,1,3,Morning,1.0,1,0,4,1
-2.12248,52.567,1,1,7,6,30,0.0,,4.0,2,2.0,1,9,Evening,1.0,1,0,4,4
-0.72278,52.49141,2,2,7,3,40,13.0,4.0,1.0,1,1.0,1,2,Afternoon,1.0,1,0,4,1
-0.45667,51.91157,2,4,4,6,30,13.0,4.0,1.0,1,1.0,1,11,Afternoon,2.0,1,0,1,1
-4.13242,52.31737,2,2,5,6,60,0.0,,6.0,1,2.0,2,2,Evening,1.0,0,1,4,0
0.99097,51.25343,3,2,4,6,40,0.0,,1.0,1,1.0,2,3,Afternoon,0.6666666666666666,1,0,4,1
-0.35376,51.36407,1,1,6,6,30,0.0,,1.0,9,1.0,1,3,Afternoon,1.0,1,0,1,1
-0.25297,51.55953,2,1,7,1,30,0.0,4.0,1.0,2,2.0,1,2,Afternoon,0.5,1,0,4,4
-0.36259,51.58424,2,1,3,6,30,16.0,4.0,1.0,2,2.0,1,4,Afternoon,0.5,1,0,4,1
1.0254,52.06823,2,1,1,6,60,0.0,,1.0,1,1.0,2,5,Afternoon,0.5,0,1,1,0
-0.37724,51.36765,2,1,5,1,40,,4.0,4.0,1,2.0,1,12,Evening,0.5,1,0,4,1
-0.0296,51.64262,6,3,6,3,30,19.0,2.0,4.0,1,1.0,2,11,Afternoon,0.5,1,0,4,1
0.03828,51.51866,2,2,7,3,50,0.0,,1.0,2,2.0,1,6,Afternoon,1.0,0,0,4,0
-3.18539,57.04287,2,2,7,6,60,0.0,,1.0,1,1.0,2,6,Afternoon,1.0,1,0,4,1
-1.75602,53.79278,2,1,3,3,30,13.0,2.0,4.0,1,1.0,1,10,Evening,0.5,1,0,4,3
-1.24796,54.71591,1,1,2,6,30,0.0,,1.0,2,2.0,1,6,Afternoon,1.0,0,1,1,0
-2.15799,52.45838,1,1,7,6,30,13.0,4.0,1.0,1,1.0,1,2,Morning,1.0,1,0,4,1
-1.90735,50.72301,2,1,4,1,30,0.0,4.0,1.0,1,2.0,1,11,Morning,0.5,1,0,4,3
-0.48078,51.37437,3,1,6,6,30,0.0,,1.0,1,1.0,1,3,Afternoon,0.3333333333333333,1,0,1,3
-0.41873,51.56696,2,1,2,6,30,,9.0,1.0,1,1.0,1,6,Morning,0.5,1,0,4,1
-0.7343,50.82772,4,2,3,6,40,0.0,,4.0,1,2.0,2,11,Afternoon,0.5,1,0,3,1
1.11647,52.32549,2,1,7,6,60,19.0,4.0,4.0,5,2.0,2,12,Evening,0.5,1,0,1,4
0.07809,51.536,2,1,5,6,20,18.0,4.0,1.0,1,1.0,1,8,Morning,0.5,1,0,1,1
-0.81797,51.406,2,2,3,6,30,13.0,4.0,1.0,1,1.0,1,6,Morning,1.0,1,0,1,1
0.30831,50.78748,2,1,1,6,30,0.0,,4.0,2,2.0,1,10,Evening,0.5,1,0,4,1
-3.32859,50.69748,2,1,4,6,50,0.0,,1.0,1,2.0,2,4,Afternoon,0.5,0,1,4,0
-2.87275,54.68131,2,1,2,6,60,0.0,,1.0,1,2.0,2,3,Morning,0.5,0,1,1,0
-0.3416,50.99238,2,1,5,6,50,16.0,2.0,1.0,1,1.0,2,7,Morning,0.5,1,0,4,1
0.05788,51.52329,2,1,7,9,20,13.0,4.0,1.0,9,9.0,1,9,Morning,0.5,1,0,4,1
-1.68854,53.73649,3,1,6,6,30,0.0,,4.0,1,4.0,1,11,Night,0.3333333333333333,1,0,4,1
-0.30804,51.72996,2,1,7,3,70,0.0,,1.0,1,1.0,2,5,Afternoon,0.5,0,1,4,0
0.06902,51.40959,1,1,3,6,30,0.0,,1.0,1,1.0,1,2,Afternoon,1.0,0,0,3,0
-2.08782,52.5208,3,1,7,6,30,13.0,4.0,1.0,1,1.0,1,6,Evening,0.3333333333333333,1,0,4,1
-0.41898,51.87974,2,1,4,6,20,19.0,4.0,1.0,1,1.0,1,5,Afternoon,0.5,1,0,1,1
0.47455,50.85429,2,1,2,6,40,0.0,,1.0,2,2.0,1,7,Afternoon,0.5,0,1,4,0
-1.15656,53.53363,1,1,1,3,30,0.0,,4.0,1,1.0,1,10,Evening,1.0,1,0,4,1
-2.79792,52.6605,1,1,5,6,60,0.0,,6.0,1,1.0,2,6,Night,1.0,1,0,1,1
-1.95064,52.61848,1,1,2,6,30,18.0,4.0,1.0,1,2.0,1,9,Afternoon,1.0,1,0,1,1
-0.23813,51.54852,1,1,5,6,20,13.0,4.0,4.0,1,2.0,1,4,Evening,1.0,1,0,4,1
-4.09002,50.36645,1,1,1,7,30,0.0,,4.0,1,2.0,2,12,Afternoon,1.0,0,1,4,0
-1.92459,53.87177,2,1,3,6,30,0.0,,4.0,8,2.0,1,12,Afternoon,0.5,1,0,1,1
-0.13543,53.14172,1,1,4,6,60,0.0,,1.0,1,2.0,2,12,Afternoon,1.0,0,0,4,0
-1.82505,52.47613,2,1,4,6,30,19.0,,1.0,1,1.0,1,7,Morning,0.5,1,0,1,1
-0.36037,50.81257,2,1,4,6,30,13.0,4.0,4.0,1,1.0,1,3,Evening,0.5,1,0,1,4
-1.01449,50.88125,2,5,2,6,30,13.0,4.0,1.0,1,1.0,1,4,Afternoon,2.5,1,0,1,1
0.51418,52.90683,1,1,3,6,60,0.0,,1.0,2,2.0,2,9,Morning,1.0,1,0,3,1
-5.55814,55.44116,2,1,5,6,60,0.0,,1.0,1,1.0,2,2,Morning,0.5,0,1,3,0
-1.50109,53.81549,2,1,2,6,20,13.0,4.0,1.0,1,1.0,1,6,Evening,0.5,1,0,1,1
-0.07136,51.58565,1,1,7,6,20,0.0,,1.0,1,1.0,1,8,Afternoon,1.0,0,0,4,0
0.07237,51.52241,1,1,3,7,30,13.0,2.0,1.0,1,1.0,1,12,Morning,1.0,1,0,4,1
-1.85829,50.73392,2,1,1,6,30,16.0,4.0,1.0,1,1.0,1,7,Afternoon,0.5,1,0,1,1
-2.14812,52.48641,1,1,4,6,20,0.0,,1.0,1,1.0,1,9,Afternoon,1.0,0,1,1,0
-0.42596,51.33588,1,1,1,7,70,0.0,,1.0,1,1.0,2,8,Afternoon,1.0,1,0,4,4
0.12784,51.46233,1,1,3,6,30,0.0,,1.0,2,2.0,1,1,Morning,1.0,0,0,2,0
-2.0452,52.44423,2,1,6,3,40,0.0,,1.0,1,1.0,2,7,Afternoon,0.5,0,1,4,0
1.29249,52.65202,2,1,5,6,30,13.0,4.0,1.0,2,2.0,1,5,Afternoon,0.5,1,0,1,1
-0.33148,53.74041,2,2,4,6,30,13.0,4.0,1.0,2,2.0,2,5,Morning,1.0,1,0,1,1
-2.8992,53.45729,2,1,4,9,30,0.0,,1.0,1,2.0,1,12,Morning,0.5,0,0,1,0
0.22297,52.68199,2,1,7,6,60,13.0,4.0,6.0,1,1.0,2,1,Evening,0.5,1,0,1,1
-2.57939,51.4628,2,1,2,6,20,0.0,,1.0,1,1.0,1,7,Morning,0.5,0,0,1,0
-0.17627,51.48156,2,1,1,6,20,,9.0,1.0,1,1.0,1,5,Afternoon,0.5,1,0,4,1
-2.23287,53.32581,2,1,5,6,30,13.0,2.0,1.0,8,2.0,1,5,Afternoon,0.5,1,0,3,4
-1.63855,53.71457,1,2,1,6,30,17.0,2.0,1.0,2,2.0,1,5,Morning,2.0,1,0,3,1
-2.5142,52.23113,1,1,6,6,60,13.0,4.0,1.0,1,1.0,2,9,Afternoon,1.0,1,0,3,1
0.12404,51.73194,3,2,4,6,40,19.0,4.0,1.0,1,1.0,2,6,Morning,0.6666666666666666,1,0,3,1
1.46512,52.48442,1,1,1,6,60,13.0,4.0,6.0,5,2.0,2,2,Night,1.0,1,0,1,1
-4.13731,52.08709,2,1,5,6,40,0.0,,1.0,1,1.0,2,10,Afternoon,0.5,1,0,4,1
-3.11151,56.50178,1,1,1,6,60,13.0,4.0,6.0,2,2.0,2,12,Morning,1.0,1,0,4,2
-1.49662,53.96553,3,4,6,6,60,13.0,4.0,1.0,1,1.0,2,11,Afternoon,1.3333333333333333,1,0,4,1
0.84711,51.40743,2,1,2,6,60,13.0,4.0,1.0,4,2.0,2,1,Morning,0.5,1,0,4,3
-1.91321,51.08213,2,1,7,6,40,18.0,4.0,1.0,1,1.0,2,5,Afternoon,0.5,1,0,4,1
0.4904,51.33537,1,1,1,6,30,0.0,,6.0,1,1.0,2,8,Evening,1.0,0,1,1,0
-2.93512,54.88112,1,1,4,6,30,0.0,,1.0,1,1.0,1,7,Evening,1.0,1,0,1,1
0.86965,51.14699,1,2,6,6,20,0.0,,1.0,1,1.0,1,1,Afternoon,2.0,0,1,4,0
-1.22266,53.34783,1,1,5,6,30,0.0,,1.0,1,1.0,1,10,Afternoon,1.0,1,0,3,3
-0.12764,53.56283,2,1,3,6,30,0.0,,1.0,1,1.0,1,7,Afternoon,0.5,1,0,4,1
-1.13983,50.84814,2,1,5,6,40,0.0,,4.0,2,2.0,1,3,Evening,0.5,0,0,4,0
-0.19345,51.50083,1,1,1,6,20,16.0,4.0,1.0,1,1.0,1,11,Afternoon,1.0,1,0,4,2
-0.1283,52.56156,1,1,4,6,30,19.0,4.0,1.0,1,1.0,1,11,Morning,1.0,1,0,3,1
-1.47173,53.22151,2,1,2,6,40,0.0,,1.0,1,4.0,1,11,Morning,0.5,0,0,1,0
-0.09712,51.46163,2,1,2,6,20,13.0,4.0,1.0,1,1.0,1,12,Morning,0.5,1,0,2,1
-0.39431,51.14822,1,1,6,6,60,0.0,,6.0,2,4.0,2,11,Evening,1.0,1,0,1,1
-3.14141,52.65739,3,2,1,1,30,,4.0,1.0,1,1.0,2,7,Evening,0.6666666666666666,1,0,3,1
-2.99485,52.58964,2,2,5,6,60,16.0,4.0,1.0,1,1.0,2,11,Afternoon,1.0,1,0,4,1
0.10031,51.5754,2,1,4,6,30,0.0,,1.0,1,1.0,1,5,Evening,0.5,0,0,2,0
-0.19623,51.5406,1,1,7,6,20,13.0,4.0,1.0,1,1.0,1,11,Afternoon,1.0,1,0,4,1
-0.14212,51.12952,2,1,4,7,70,0.0,,1.0,1,1.0,1,6,Morning,0.5,0,1,6,0
-2.11163,53.06579,2,2,3,6,30,13.0,4.0,1.0,1,2.0,2,12,Afternoon,1.0,1,0,1,1
-0.61196,52.80536,1,1,7,3,70,0.0,,1.0,1,2.0,2,11,Afternoon,1.0,0,0,4,0
-1.45365,53.5801,2,1,2,6,30,19.0,4.0,4.0,1,1.0,1,7,Night,0.5,1,0,1,1
-0.22086,51.77955,2,1,3,3,70,0.0,,1.0,1,1.0,2,6,Evening,0.5,1,0,4,4
0.96356,50.96066,2,1,7,6,30,0.0,,6.0,1,1.0,2,12,Afternoon,0.5,1,0,1,1
-1.48692,53.38027,1,1,4,6,30,0.0,,4.0,1,1.0,1,10,Evening,1.0,1,0,3,1
-0.24878,51.58423,2,1,3,2,30,13.0,2.0,1.0,1,1.0,1,10,Morning,0.5,1,0,4,4
0.47154,51.29437,2,1,5,3,40,0.0,,4.0,1,1.0,1,5,Evening,0.5,1,0,4,1
-2.10478,52.60626,1,1,5,6,30,13.0,4.0,1.0,2,2.0,1,2,Morning,1.0,1,0,4,1
-0.41605,51.86143,1,1,5,6,60,0.0,,1.0,1,1.0,2,1,Afternoon,1.0,0,1,1,0
-0.02837,51.89834,2,1,4,6,30,13.0,4.0,1.0,8,4.0,2,1,Morning,0.5,1,0,1,1
-0.0283,51.37385,1,1,2,7,30,13.0,4.0,7.0,1,1.0,1,7,Night,1.0,1,0,1,1
-1.69974,54.96597,1,1,7,3,50,0.0,,1.0,5,2.0,1,12,Afternoon,1.0,1,0,4,4
-0.02914,51.54317,3,1,5,3,40,0.0,4.0,1.0,1,1.0,1,5,Morning,0.3333333333333333,1,0,4,1
-1.42005,54.98299,1,2,6,3,30,19.0,4.0,1.0,1,1.0,1,6,Afternoon,2.0,1,0,4,4
1.58804,52.17115,1,1,7,6,60,0.0,,6.0,1,1.0,2,1,Evening,1.0,1,0,3,1
-2.7487,54.33781,1,1,4,6,30,19.0,,1.0,1,,1,10,Morning,1.0,1,0,1,1
-1.81336,52.66636,1,2,6,3,70,19.0,4.0,1.0,2,2.0,2,4,Morning,2.0,1,0,4,4
-2.08552,52.50919,2,1,4,2,20,0.0,,1.0,1,2.0,1,10,Morning,0.5,0,1,1,0
0.73597,51.55166,2,1,5,6,30,13.0,9.0,4.0,2,2.0,1,12,Afternoon,0.5,1,0,1,1
-0.35325,53.76419,5,1,2,6,30,0.0,,1.0,1,1.0,1,3,Afternoon,0.2,1,0,1,4
-2.8271,53.6621,1,1,1,6,60,13.0,4.0,4.0,1,1.0,2,12,Evening,1.0,1,0,4,1
-3.28284,50.77189,2,1,6,6,60,13.0,4.0,6.0,2,2.0,2,12,Afternoon,0.5,1,0,3,3
-1.59094,53.85646,1,1,7,6,40,0.0,,1.0,1,1.0,2,3,Afternoon,1.0,1,0,4,1
-1.34392,53.26532,2,1,1,6,30,0.0,,4.0,1,1.0,1,9,Evening,0.5,0,0,1,0
-1.61999,55.37272,3,2,7,6,50,0.0,,1.0,1,1.0,2,4,Afternoon,0.6666666666666666,0,1,4,0
-4.39254,55.79933,2,1,6,6,30,0.0,,4.0,1,1.0,1,1,Evening,0.5,1,0,1,4
-0.07539,51.54869,2,1,1,9,20,,2.0,4.0,1,9.0,1,10,Night,0.5,1,0,4,1
-0.34359,51.61023,1,1,6,6,30,13.0,4.0,4.0,1,1.0,1,3,Night,1.0,1,0,4,1
-1.88075,52.22464,2,2,3,6,50,0.0,,1.0,1,2.0,2,7,Morning,1.0,1,0,3,4
-1.54777,51.82848,1,1,2,6,60,0.0,,1.0,1,1.0,2,6,Afternoon,1.0,0,0,1,0
-1.82878,53.74667,2,1,1,6,30,0.0,,1.0,1,2.0,1,12,Afternoon,0.5,1,0,1,1
-1.69462,53.90806,1,1,6,6,30,13.0,4.0,1.0,1,1.0,1,5,Morning,1.0,1,0,3,1
-2.75359,51.12565,2,2,2,1,30,0.0,4.0,4.0,1,1.0,1,3,Evening,1.0,1,0,4,1
-0.1679,51.428,1,1,6,2,20,17.0,2.0,1.0,1,1.0,1,9,Afternoon,1.0,1,0,4,4
-0.94029,51.00648,2,1,6,6,30,0.0,,4.0,1,1.0,1,2,Evening,0.5,0,0,1,0
-1.38202,52.88545,2,1,1,6,60,0.0,,1.0,1,1.0,2,8,Morning,0.5,0,0,1,0
-2.70984,53.7916,1,1,3,6,30,19.0,4.0,4.0,1,1.0,1,5,Night,1.0,1,0,1,1
-1.54753,53.81443,2,1,4,6,30,19.0,4.0,1.0,1,1.0,1,3,Afternoon,0.5,1,0,1,1
-2.79527,53.7073,2,1,2,6,50,,4.0,1.0,8,1.0,1,2,Morning,0.5,1,0,1,4
-1.54445,53.81414,2,1,6,1,30,,4.0,1.0,1,1.0,1,9,Evening,0.5,1,0,1,1
-0.08582,50.83475,2,1,7,6,40,0.0,,1.0,1,1.0,1,8,Afternoon,0.5,1,0,1,1
-1.77405,53.64407,2,1,4,3,30,16.0,4.0,1.0,1,1.0,1,11,Evening,0.5,1,0,3,4
-0.22229,50.84554,2,1,2,6,30,0.0,,1.0,1,1.0,1,8,Afternoon,0.5,1,0,1,1
-0.07413,51.51439,2,1,5,3,20,16.0,2.0,1.0,1,1.0,1,2,Morning,0.5,1,0,4,4
1.14382,52.0312,2,1,7,6,40,0.0,,1.0,1,1.0,2,11,Morning,0.5,0,1,4,0
0.51326,51.30061,2,2,3,7,40,0.0,,4.0,2,2.0,2,7,Evening,1.0,1,0,6,4
-1.58349,52.77164,1,1,6,6,50,0.0,4.0,1.0,1,1.0,2,8,Morning,1.0,1,0,4,4
1.04503,51.23887,2,2,5,6,60,0.0,,1.0,1,1.0,2,6,Morning,1.0,0,1,1,0
-0.1272,50.83073,1,1,2,6,30,13.0,9.0,7.0,1,1.0,1,1,Evening,1.0,1,0,1,1
-2.03356,53.35995,1,1,4,6,30,,4.0,4.0,1,1.0,1,12,Evening,1.0,1,0,4,1
-0.44486,51.45309,2,1,6,3,50,16.0,2.0,1.0,1,1.0,1,6,Afternoon,0.5,1,0,4,2
-3.55961,50.70536,2,1,2,6,50,0.0,,6.0,1,1.0,1,11,Evening,0.5,1,0,1,1
-1.12121,52.62766,1,1,2,6,30,0.0,,1.0,2,2.0,1,11,Morning,1.0,0,1,2,0
1.47681,52.21808,2,1,4,6,60,13.0,4.0,6.0,1,2.0,2,1,Afternoon,0.5,1,0,4,3
-1.24606,52.95498,2,1,3,6,30,17.0,2.0,4.0,2,2.0,1,2,Afternoon,0.5,1,0,4,4
-1.08669,50.78992,1,1,4,6,30,16.0,2.0,4.0,1,1.0,1,6,Evening,1.0,1,0,3,1
-4.44144,50.61422,3,2,4,3,70,0.0,,1.0,1,2.0,2,2,Morning,0.6666666666666666,1,0,4,4
-2.66078,53.72918,2,1,4,6,30,13.0,4.0,1.0,1,1.0,1,9,Morning,0.5,1,0,3,1
-2.17177,53.67312,2,1,6,6,30,19.0,4.0,4.0,3,4.0,1,11,Afternoon,0.5,1,0,4,1
-1.09801,53.52811,1,1,4,6,20,0.0,,4.0,1,2.0,1,12,Evening,1.0,1,0,1,1
-2.98603,53.34683,2,1,3,3,40,13.0,2.0,1.0,1,1.0,1,11,Morning,0.5,1,0,4,1
-0.27672,51.366,1,1,4,6,30,0.0,,1.0,1,1.0,1,6,Afternoon,1.0,1,0,1,1
-1.61826,53.83648,2,1,5,3,40,0.0,,1.0,1,1.0,1,6,Afternoon,0.5,0,1,4,0
-0.26517,52.53833,2,1,4,6,30,0.0,,1.0,8,1.0,2,7,Afternoon,0.5,1,0,1,1
-3.08535,52.76871,2,1,3,6,60,0.0,,1.0,1,1.0,2,5,Afternoon,0.5,0,1,4,0
-1.16541,52.95503,2,1,1,6,30,19.0,4.0,1.0,1,1.0,1,5,Afternoon,0.5,1,0,1,4
-1.34827,53.44313,1,1,3,6,30,0.0,,4.0,5,2.0,1,12,Evening,1.0,1,0,4,1
-0.07385,51.61596,2,1,7,6,30,13.0,4.0,4.0,2,2.0,1,1,Evening,0.5,1,0,4,1
0.92606,52.42221,2,1,3,6,60,17.0,4.0,1.0,1,1.0,2,10,Afternoon,0.5,1,0,1,1
0.23039,51.49852,2,1,4,3,40,13.0,4.0,1.0,1,1.0,2,11,Morning,0.5,1,0,4,4
-2.71355,51.14376,1,3,6,6,30,0.0,,4.0,2,2.0,2,2,Night,3.0,0,0,4,0
-4.16017,50.40351,2,1,5,6,30,0.0,,1.0,1,1.0,1,8,Evening,0.5,1,0,1,1
-3.54028,54.50156,1,1,7,6,40,0.0,,4.0,1,1.0,2,11,Evening,1.0,1,0,4,1
-0.14603,51.39419,2,1,6,6,30,16.0,2.0,4.0,1,1.0,1,11,Evening,0.5,1,0,4,3
1.1413,51.08695,2,2,1,6,30,13.0,4.0,4.0,2,2.0,1,3,Evening,1.0,1,0,3,1
-1.54375,52.58052,1,1,6,3,70,0.0,,1.0,1,1.0,1,8,Afternoon,1.0,0,1,4,0
-2.69433,51.49895,2,1,2,6,20,13.0,4.0,1.0,1,2.0,1,4,Morning,0.5,1,0,1,1
-0.25764,51.40288,2,1,2,9,30,13.0,4.0,4.0,9,9.0,1,11,Evening,0.5,1,0,1,1
-0.83815,50.83853,2,4,6,6,40,0.0,,1.0,1,1.0,2,12,Morning,2.0,1,0,4,1
1.2675,52.65269,3,1,3,6,30,19.0,4.0,1.0,1,1.0,1,5,Evening,0.3333333333333333,1,0,1,1
-0.68064,53.25211,2,1,6,6,60,16.0,4.0,6.0,2,2.0,2,12,Evening,0.5,1,0,3,2
0.01818,51.4327,3,1,4,6,20,19.0,4.0,1.0,1,1.0,1,3,Morning,0.3333333333333333,1,0,1,1
-2.69119,52.90262,2,1,7,6,60,0.0,,1.0,2,2.0,2,1,Afternoon,0.5,0,1,1,0
-0.54131,51.49136,2,1,3,1,40,0.0,2.0,1.0,1,1.0,2,4,Afternoon,0.5,1,0,6,4
-1.40417,50.91931,2,1,1,6,30,17.0,2.0,4.0,3,2.0,1,9,Evening,0.5,1,0,4,1
-0.35849,51.56728,3,1,5,6,30,13.0,4.0,1.0,1,1.0,1,5,Afternoon,0.3333333333333333,1,0,2,1
-1.32694,50.93408,2,2,1,6,20,0.0,,6.0,1,1.0,1,8,Night,1.0,0,0,6,0
0.00964,52.81077,2,1,2,1,60,0.0,4.0,5.0,1,2.0,2,12,Evening,0.5,1,0,4,3
-1.40087,51.01365,1,1,1,6,60,0.0,,6.0,1,1.0,2,4,Evening,1.0,0,0,4,0
-0.01053,51.56586,2,1,5,6,20,19.0,9.0,1.0,2,2.0,1,9,Morning,0.5,1,0,4,1
-2.12947,51.78631,2,2,5,6,60,16.0,4.0,1.0,1,1.0,2,10,Morning,1.0,1,0,1,1
-1.85248,52.46111,2,6,7,3,40,0.0,,4.0,1,1.0,1,4,Evening,3.0,0,1,4,0
-2.58632,51.41067,2,1,4,6,40,16.0,2.0,1.0,1,2.0,1,11,Afternoon,0.5,1,0,1,1
-0.2997,51.41228,2,3,3,3,30,0.0,,1.0,9,2.0,1,12,Afternoon,1.5,0,0,4,0
-3.53599,54.4935,1,1,2,6,60,0.0,,4.0,1,2.0,2,10,Morning,1.0,0,1,4,0
-0.32947,51.20318,2,1,2,3,50,0.0,,7.0,9,1.0,2,4,Evening,0.5,1,0,4,1
-2.04368,52.47143,2,1,7,6,30,16.0,2.0,1.0,1,1.0,1,6,Afternoon,0.5,1,0,4,1
-2.1679,53.11965,1,1,3,7,20,0.0,,4.0,1,1.0,1,11,Afternoon,1.0,0,1,1,0
0.13499,51.45807,1,1,2,6,20,13.0,4.0,4.0,4,1.0,1,12,Afternoon,1.0,1,0,4,1
-2.19955,53.35653,2,1,3,3,40,0.0,,1.0,1,1.0,2,3,Morning,0.5,0,1,4,0
-1.47659,52.52218,1,1,4,6,30,13.0,4.0,7.0,1,1.0,1,1,Afternoon,1.0,1,0,3,1
-2.51646,50.95635,2,1,6,6,30,0.0,,1.0,1,1.0,2,3,Afternoon,0.5,0,0,1,0
1.64202,52.37215,3,5,2,6,60,0.0,,1.0,1,1.0,2,10,Afternoon,1.6666666666666667,1,0,4,1
-1.2986,52.89824,2,1,4,3,70,0.0,,1.0,1,1.0,1,1,Afternoon,0.5,0,1,6,0
1.44383,52.82169,2,1,2,6,60,13.0,4.0,1.0,1,1.0,2,5,Morning,0.5,1,0,1,1
-0.26834,51.46446,1,1,3,7,20,0.0,,1.0,1,1.0,1,8,Morning,1.0,0,0,4,0
-0.95548,52.25001,2,2,3,6,30,0.0,,1.0,1,1.0,1,11,Morning,1.0,0,1,1,0
-2.13798,53.51566,2,2,3,3,70,0.0,,4.0,1,1.0,1,12,Evening,1.0,0,1,6,0
-2.07762,51.84661,1,4,1,6,50,0.0,,6.0,1,1.0,2,7,Night,4.0,1,0,4,1
-3.00768,51.12644,2,1,6,6,30,13.0,4.0,1.0,1,1.0,1,10,Afternoon,0.5,1,0,1,4
-2.97051,53.82968,2,1,6,6,60,0.0,,6.0,1,1.0,2,1,Evening,0.5,1,0,3,1
-1.47906,53.34059,2,2,6,6,30,19.0,4.0,4.0,1,1.0,1,10,Evening,1.0,1,0,4,1
-0.31088,51.59286,3,1,1,6,30,16.0,2.0,7.0,9,9.0,1,3,Evening,0.3333333333333333,1,0,2,2
-0.0357,51.54518,2,1,7,6,20,16.0,2.0,4.0,2,2.0,1,4,Night,0.5,1,0,4,4
0.14673,52.69067,1,1,7,6,50,0.0,,6.0,2,2.0,2,11,Evening,1.0,1,0,4,1
-1.58481,54.91204,2,3,5,3,50,19.0,4.0,4.0,1,2.0,2,5,Evening,1.5,1,0,4,4
0.70677,51.54049,1,1,6,6,30,13.0,4.0,1.0,1,2.0,1,1,Afternoon,1.0,1,0,1,1
1.37614,52.679,2,1,4,6,60,0.0,,1.0,1,1.0,2,8,Afternoon,0.5,0,1,1,0
-1.27072,53.1329,1,1,7,6,30,0.0,,1.0,1,1.0,1,4,Evening,1.0,1,0,1,1
-0.31974,51.49394,2,1,3,9,20,13.0,4.0,1.0,1,1.0,1,7,Morning,0.5,1,0,4,1
-1.16203,50.81426,2,1,5,6,40,0.0,,7.0,1,1.0,1,10,Evening,0.5,0,0,1,0
-1.63732,55.0082,2,1,5,6,30,13.0,4.0,1.0,8,1.0,1,9,Afternoon,0.5,1,0,1,1
-2.69289,53.75724,1,1,2,6,30,13.0,1.0,1.0,1,2.0,1,10,Morning,1.0,1,0,1,1
-1.19547,52.54777,2,1,7,6,30,13.0,4.0,1.0,2,2.0,1,10,Morning,0.5,1,0,2,2
-1.81064,53.72578,1,1,5,6,30,13.0,4.0,4.0,1,1.0,1,12,Afternoon,1.0,1,0,4,1
-2.34416,52.33777,2,2,4,6,60,0.0,,1.0,1,1.0,2,12,Afternoon,1.0,0,1,1,0
-0.4116,51.44365,2,1,7,6,20,0.0,,1.0,1,1.0,1,8,Afternoon,0.5,0,0,4,0
-1.96193,52.48617,1,1,2,6,30,0.0,,4.0,1,1.0,1,4,Evening,1.0,0,1,4,0
-0.02581,51.72793,3,1,4,6,30,13.0,4.0,1.0,1,1.0,1,6,Evening,0.3333333333333333,1,0,4,1
-1.7596,53.79055,2,1,3,6,30,13.0,4.0,1.0,1,1.0,1,10,Morning,0.5,1,0,4,1
-0.16172,51.41946,2,1,2,6,20,19.0,4.0,1.0,1,1.0,1,9,Afternoon,0.5,1,0,4,1
-2.38557,53.60133,1,1,5,6,20,0.0,,1.0,1,1.0,1,11,Afternoon,1.0,1,0,1,1
-1.8685,51.04559,1,1,5,6,60,0.0,,6.0,1,4.0,2,1,Evening,1.0,0,0,1,0
0.86521,52.31447,3,4,7,6,60,16.0,4.0,1.0,1,1.0,2,6,Afternoon,1.3333333333333333,1,0,4,1
-0.24886,51.54717,1,1,7,9,20,,9.0,4.0,1,1.0,1,3,Evening,1.0,1,0,1,1
0.07921,51.39051,2,2,1,6,30,0.0,,4.0,1,2.0,1,3,Night,1.0,0,0,1,0
-2.85921,56.47503,1,1,3,6,30,0.0,,1.0,3,4.0,1,1,Afternoon,1.0,1,0,1,2
-3.53423,52.93831,2,1,3,6,60,19.0,4.0,1.0,1,1.0,2,4,Evening,0.5,1,0,4,1
-1.92621,52.99475,1,2,2,6,30,0.0,,1.0,1,1.0,2,7,Afternoon,2.0,0,1,1,0
-0.15601,51.49752,2,1,5,6,20,13.0,2.0,1.0,5,2.0,1,3,Afternoon,0.5,1,0,3,3
0.14564,52.17663,2,1,2,1,30,,4.0,1.0,1,1.0,1,8,Afternoon,0.5,1,0,4,4
-3.02719,53.18795,2,1,2,6,20,13.0,4.0,1.0,1,1.0,1,7,Morning,0.5,1,0,4,1
0.15144,51.44388,1,1,3,6,30,19.0,4.0,1.0,1,1.0,1,7,Afternoon,1.0,1,0,4,1
-1.51539,53.67944,2,1,2,6,30,13.0,4.0,1.0,1,1.0,1,5,Afternoon,0.5,1,0,1,1
-0.22152,51.5328,2,1,4,6,30,13.0,4.0,1.0,9,9.0,1,2,Afternoon,0.5,1,0,1,1
-0.10857,51.51099,2,1,3,6,20,0.0,,1.0,1,1.0,1,9,Morning,0.5,1,0,4,4
-1.62013,55.0056,1,1,5,6,30,13.0,,1.0,8,1.0,1,9,Morning,1.0,1,0,1,3
-1.20454,52.9334,2,1,5,3,30,19.0,4.0,1.0,2,2.0,1,2,Night,0.5,1,0,4,4
-4.88195,50.37706,1,1,6,6,20,0.0,,1.0,8,1.0,2,10,Morning,1.0,1,0,3,1
-0.09048,51.47561,1,1,4,9,20,18.0,4.0,1.0,1,1.0,1,7,Afternoon,1.0,1,0,1,1
-1.47362,53.32702,2,1,6,3,30,,4.0,1.0,1,1.0,2,8,Afternoon,0.5,1,0,4,4
-1.30493,50.91075,1,1,7,6,30,0.0,,1.0,1,2.0,1,5,Morning,1.0,0,0,1,0
-3.22226,55.85615,2,4,5,6,60,0.0,,1.0,1,1.0,2,7,Afternoon,2.0,1,0,4,1
-1.81213,51.41455,2,1,7,6,60,0.0,,1.0,1,1.0,2,8,Morning,0.5,0,0,4,0
-3.20409,56.133,2,1,6,6,40,,4.0,1.0,1,1.0,1,5,Afternoon,0.5,1,0,4,4
-5.12036,50.34651,2,1,6,6,60,13.0,4.0,1.0,1,1.0,2,8,Morning,0.5,1,0,3,1
-3.67765,55.90011,2,1,1,6,60,,4.0,4.0,1,2.0,2,3,Evening,0.5,1,0,4,4
-1.46911,53.81046,2,1,7,1,30,,4.0,1.0,1,1.0,1,5,Evening,0.5,1,0,1,1
-1.53343,55.00485,3,1,2,6,30,16.0,4.0,1.0,1,1.0,1,5,Evening,0.3333333333333333,1,0,1,1
-4.13856,50.41078,2,1,6,6,30,13.0,4.0,1.0,1,1.0,1,11,Morning,0.5,1,0,3,1
-2.68716,53.76026,2,1,3,6,30,16.0,2.0,4.0,1,1.0,1,11,Evening,0.5,1,0,4,4
-0.33255,51.25397,2,1,7,6,30,0.0,,1.0,1,1.0,1,9,Morning,0.5,1,0,1,1
-2.95288,53.47891,2,1,1,6,20,0.0,,1.0,1,1.0,1,4,Afternoon,0.5,0,0,1,0
-1.55367,53.77763,1,1,3,6,30,13.0,4.0,1.0,1,1.0,1,5,Afternoon,1.0,1,0,1,1
-1.13066,52.62432,1,3,6,3,30,0.0,,4.0,1,1.0,1,2,Night,3.0,0,1,4,0
-1.58306,54.97678,1,1,6,6,30,0.0,,1.0,1,1.0,1,9,Afternoon,1.0,1,0,3,1
-0.26705,51.5067,1,1,3,3,20,13.0,2.0,1.0,1,1.0,1,2,Afternoon,1.0,1,0,4,1
-2.13826,51.45494,2,1,3,6,30,13.0,4.0,1.0,1,1.0,1,7,Afternoon,0.5,1,0,3,1
-0.23095,51.46362,2,1,5,6,20,13.0,4.0,1.0,1,1.0,1,6,Evening,0.5,1,0,4,1
-0.01406,51.5759,2,1,2,6,20,13.0,4.0,4.0,1,1.0,1,4,Night,0.5,1,0,4,1
-2.18258,53.89058,1,1,5,6,60,0.0,,1.0,3,1.0,2,9,Afternoon,1.0,1,0,3,1
-2.25107,53.47571,4,1,1,6,30,16.0,2.0,1.0,1,1.0,1,4,Afternoon,0.25,1,0,4,4
1.19526,52.0324,2,1,6,6,30,13.0,4.0,1.0,1,1.0,1,8,Morning,0.5,1,0,1,1
-1.30634,53.01801,2,1,3,6,30,13.0,4.0,1.0,1,1.0,1,11,Afternoon,0.5,1,0,1,1
-0.43161,53.84489,2,2,7,6,30,17.0,2.0,4.0,1,1.0,1,3,Evening,1.0,1,0,3,1
-0.43196,51.58007,2,1,4,9,30,19.0,9.0,1.0,2,9.0,1,9,Morning,0.5,1,0,4,1
-0.0304,51.51868,3,1,4,6,20,13.0,4.0,4.0,1,1.0,1,1,Evening,0.3333333333333333,1,0,4,1
-3.58306,50.54536,2,1,7,7,30,,3.0,1.0,1,1.0,2,7,Evening,0.5,1,0,4,4
-1.51704,55.12625,2,4,4,6,30,13.0,4.0,1.0,1,1.0,1,5,Afternoon,2.0,1,0,4,1
-1.89651,52.45835,2,1,1,6,20,0.0,,1.0,8,1.0,1,10,Afternoon,0.5,1,0,1,1
-0.48125,52.43309,2,1,5,6,60,0.0,,1.0,1,1.0,2,6,Afternoon,0.5,0,1,4,0
-0.61716,52.01096,1,2,5,6,60,0.0,,1.0,1,2.0,2,10,Morning,2.0,1,0,1,1
-3.27768,51.40186,4,2,1,6,20,0.0,,1.0,1,1.0,1,6,Morning,0.5,0,0,4,0
-0.79321,52.11294,2,1,6,3,70,0.0,,1.0,1,1.0,2,9,Afternoon,0.5,0,0,6,0
-3.1942,51.58941,2,1,4,6,40,13.0,4.0,1.0,1,1.0,1,9,Morning,0.5,1,0,4,1
0.01504,51.44277,1,1,2,6,20,0.0,,1.0,1,1.0,1,6,Evening,1.0,0,0,4,0
-1.47514,51.21365,2,1,7,6,30,0.0,,1.0,1,2.0,1,2,Afternoon,0.5,0,0,4,0
-0.11117,51.45983,1,1,6,6,20,13.0,4.0,1.0,1,1.0,1,7,Afternoon,1.0,1,0,1,1
-0.28839,53.76644,1,1,1,3,30,17.0,2.0,4.0,2,2.0,1,2,Morning,1.0,1,0,4,1
-4.19356,55.85922,1,1,4,6,30,13.0,2.0,4.0,1,1.0,1,11,Evening,1.0,1,0,1,1
1.16885,52.05946,2,1,5,6,20,13.0,4.0,1.0,1,1.0,1,10,Afternoon,0.5,1,0,4,1
-2.44024,53.11128,1,1,7,1,30,,4.0,1.0,1,2.0,1,10,Afternoon,1.0,1,0,2,1
-2.505,53.49827,1,1,2,6,20,0.0,,1.0,1,1.0,1,11,Morning,1.0,1,0,1,1
-2.96862,52.26729,1,3,6,6,60,0.0,,6.0,1,1.0,2,5,Night,3.0,0,1,3,0
-0.34971,51.53161,1,1,5,6,30,13.0,4.0,4.0,1,1.0,1,4,Morning,1.0,1,0,4,1
-1.45,52.91529,2,1,1,1,40,0.0,4.0,4.0,1,1.0,1,3,Evening,0.5,1,0,1,1
-1.05481,50.90213,2,1,4,6,30,16.0,4.0,1.0,1,1.0,2,10,Afternoon,0.5,1,0,1,1
-2.51782,51.51262,5,1,2,3,70,0.0,,1.0,1,1.0,2,5,Morning,0.2,0,0,6,0
-1.47803,52.90691,2,1,2,6,30,13.0,4.0,1.0,1,1.0,1,6,Afternoon,0.5,1,0,1,1
-0.11443,51.38598,2,1,7,9,30,,9.0,7.0,9,9.0,1,1,Night,0.5,1,0,2,1
-0.92349,51.02134,2,1,2,3,70,0.0,,1.0,1,1.0,2,6,Afternoon,0.5,0,0,4,0
-0.70039,51.99188,2,1,6,3,30,16.0,2.0,1.0,1,1.0,2,8,Afternoon,0.5,1,0,4,1
-0.16385,51.43222,2,1,4,6,20,13.0,4.0,1.0,1,1.0,1,8,Afternoon,0.5,1,0,4,1
-1.27857,51.78804,2,1,4,6,30,0.0,,1.0,1,1.0,1,8,Afternoon,0.5,0,0,4,0
-1.52397,53.86712,3,1,6,6,30,13.0,4.0,1.0,1,1.0,2,7,Afternoon,0.3333333333333333,1,0,4,1
-1.57704,53.15232,1,1,2,6,30,13.0,4.0,1.0,1,1.0,1,10,Afternoon,1.0,1,0,1,4
-1.87413,52.47297,2,1,4,1,30,,4.0,1.0,1,1.0,1,7,Afternoon,0.5,1,0,4,3
-1.0458,50.83975,2,1,6,6,30,13.0,4.0,1.0,1,1.0,1,6,Morning,0.5,1,0,1,1
-0.0145,51.46458,1,1,4,2,20,13.0,2.0,4.0,1,1.0,1,6,Night,1.0,1,0,4,4
1.17268,52.04954,2,1,6,6,30,0.0,,1.0,1,1.0,1,2,Morning,0.5,1,0,4,1
-0.18125,51.54128,1,1,4,6,20,0.0,,1.0,1,1.0,1,11,Afternoon,1.0,0,0,3,0
-4.3085,55.86925,2,1,6,6,30,19.0,2.0,1.0,1,1.0,1,1,Afternoon,0.5,1,0,3,3
-0.01765,51.5311,2,1,4,3,40,0.0,,6.0,1,1.0,1,4,Evening,0.5,0,0,4,0
-2.26733,53.05265,1,1,5,6,40,0.0,,1.0,8,1.0,2,2,Afternoon,1.0,1,0,3,1
-0.47209,51.43385,3,1,2,9,30,0.0,,1.0,1,1.0,1,9,Afternoon,0.3333333333333333,0,1,1,0
-0.61359,51.51267,2,1,4,6,30,13.0,4.0,4.0,1,1.0,1,1,Evening,0.5,1,0,4,1
-3.19622,51.50169,2,1,6,3,30,0.0,,4.0,1,1.0,1,10,Evening,0.5,0,0,4,0
-0.04315,51.52415,2,1,6,9,20,13.0,4.0,1.0,9,9.0,1,5,Afternoon,0.5,1,0,2,1
-0.27071,51.50711,2,1,1,1,20,0.0,1.0,4.0,1,2.0,1,11,Night,0.5,1,0,4,4
-1.98038,52.30749,2,2,3,6,40,0.0,,1.0,1,2.0,2,7,Morning,1.0,0,1,3,0
-2.67904,54.56107,2,1,4,3,70,0.0,,1.0,1,1.0,2,6,Afternoon,0.5,0,1,6,0
-2.29308,53.56765,2,1,4,6,30,19.0,4.0,1.0,1,1.0,1,5,Afternoon,0.5,1,0,1,4
-3.04049,53.43276,1,1,4,6,30,0.0,,4.0,1,1.0,1,1,Evening,1.0,0,0,1,0
-3.29488,55.94247,1,1,6,3,40,19.0,4.0,1.0,1,1.0,1,9,Afternoon,1.0,1,0,4,4
-0.74744,51.38971,2,1,4,6,30,0.0,,1.0,1,1.0,1,4,Morning,0.5,0,0,1,0
-1.78432,55.28518,2,1,7,6,60,13.0,4.0,1.0,1,1.0,2,5,Morning,0.5,1,0,4,3
0.30745,51.42018,2,1,3,6,30,16.0,4.0,6.0,8,1.0,2,12,Evening,0.5,1,0,1,3
-0.58258,53.5001,2,1,2,6,60,16.0,4.0,1.0,2,2.0,2,4,Morning,0.5,1,0,1,3
-0.07462,51.39925,1,1,5,6,30,16.0,2.0,1.0,1,1.0,1,8,Evening,1.0,1,0,4,4
-1.33649,53.48885,4,2,7,6,30,0.0,,4.0,4,2.0,1,12,Evening,0.5,1,0,1,1
-0.13606,51.50695,2,1,3,9,20,,9.0,1.0,9,9.0,1,4,Afternoon,0.5,1,0,1,1
-1.93614,52.30561,1,1,7,6,30,13.0,4.0,4.0,1,1.0,1,10,Night,1.0,1,0,3,1
0.1511,51.53449,1,1,3,6,30,13.0,4.0,1.0,1,1.0,1,7,Morning,1.0,1,0,1,1
-0.10345,51.37882,2,1,6,6,20,0.0,,1.0,2,2.0,1,9,Morning,0.5,0,0,4,0
-0.30859,51.05922,1,1,3,6,30,0.0,,1.0,1,1.0,1,1,Morning,1.0,1,0,1,1
-0.72797,51.64618,3,1,1,6,30,18.0,4.0,1.0,8,1.0,2,6,Evening,0.3333333333333333,1,0,4,1
-0.36897,52.74484,2,2,6,6,40,16.0,4.0,1.0,1,1.0,2,6,Afternoon,1.0,1,0,4,2
-2.99146,53.45449,3,3,2,6,30,17.0,2.0,1.0,1,1.0,1,4,Afternoon,1.0,1,0,4,4
-4.02004,50.91082,2,3,2,6,60,13.0,3.0,1.0,1,1.0,2,6,Afternoon,1.5,1,0,4,1
-1.15313,51.90735,2,1,5,6,30,13.0,4.0,1.0,1,1.0,1,5,Evening,0.5,1,0,1,1
-0.28509,51.50105,2,1,7,3,40,16.0,2.0,4.0,1,1.0,1,4,Evening,0.5,1,0,4,4
0.09222,51.77962,2,1,2,1,30,,4.0,4.0,1,1.0,2,9,Night,0.5,1,0,4,4
-2.66264,53.73284,2,1,1,6,30,0.0,,4.0,2,2.0,1,9,Evening,0.5,1,0,3,1
-0.53333,51.1551,1,1,4,6,60,0.0,,1.0,1,1.0,2,5,Afternoon,1.0,0,1,4,0
-0.11434,50.86678,2,1,5,6,20,0.0,,1.0,2,2.0,1,7,Afternoon,0.5,0,1,1,0
-2.52696,55.68812,1,1,4,6,60,13.0,4.0,1.0,4,1.0,2,1,Morning,1.0,1,0,4,1
-0.0074,51.42642,2,1,6,6,30,13.0,3.0,1.0,2,2.0,1,3,Morning,0.5,1,0,4,1
-2.5675,51.43508,1,1,6,6,30,13.0,4.0,4.0,5,2.0,1,12,Evening,1.0,1,0,4,3
-2.51919,53.26245,1,1,5,6,20,0.0,,4.0,1,1.0,1,11,Evening,1.0,0,1,1,0
-3.6265,51.65859,1,1,1,6,30,0.0,,4.0,1,1.0,2,12,Evening,1.0,0,0,4,0
-0.14377,51.44917,2,1,3,6,20,13.0,4.0,1.0,1,1.0,1,10,Afternoon,0.5,1,0,2,1
-0.25667,51.56127,2,1,7,3,30,0.0,4.0,1.0,1,1.0,1,5,Morning,0.5,1,0,4,4
-0.14462,51.62103,1,1,7,6,30,0.0,,1.0,1,1.0,1,5,Morning,1.0,0,0,2,0
-2.11773,52.79596,3,1,5,6,30,13.0,4.0,1.0,1,1.0,1,8,Afternoon,0.3333333333333333,1,0,4,1
-0.43254,53.84434,1,1,7,6,20,0.0,,1.0,1,1.0,1,2,Morning,1.0,1,0,3,1
-0.01541,51.57238,5,1,7,6,20,0.0,,4.0,1,1.0,1,7,Night,0.2,0,0,1,0
-0.7784,50.7459,4,4,2,6,40,,4.0,1.0,1,1.0,2,6,Afternoon,1.0,1,0,1,1
-0.07364,51.44841,2,1,2,6,20,0.0,,4.0,1,1.0,1,12,Afternoon,0.5,0,0,4,0
-2.92322,53.45517,2,1,5,6,20,16.0,4.0,4.0,1,1.0,1,2,Evening,0.5,1,0,1,1
-2.89898,53.45473,2,1,6,6,20,13.0,4.0,1.0,1,1.0,1,3,Afternoon,0.5,1,0,1,1
-1.546,51.49592,2,1,7,6,60,0.0,,1.0,7,2.0,2,9,Morning,0.5,0,0,3,0
0.22256,52.53482,2,2,5,6,60,0.0,,1.0,1,1.0,2,10,Morning,1.0,1,0,1,1
-1.19985,51.7625,2,1,3,6,30,13.0,4.0,1.0,1,1.0,1,5,Afternoon,0.5,1,0,4,1
-1.01211,51.26614,1,2,5,3,70,0.0,,1.0,2,2.0,2,2,Morning,2.0,0,0,6,0
-1.10392,52.62443,2,1,5,6,30,,4.0,1.0,1,1.0,1,10,Afternoon,0.5,1,0,2,1
-1.85621,52.48306,1,2,1,6,30,0.0,,1.0,1,1.0,1,9,Evening,2.0,0,1,3,0
-2.70983,52.73209,3,1,4,6,60,0.0,,4.0,1,1.0,2,1,Afternoon,0.3333333333333333,1,0,4,1
-1.63187,51.4823,1,1,2,6,60,0.0,,1.0,1,4.0,2,1,Morning,1.0,0,0,3,0
0.92312,52.3291,1,1,1,6,60,16.0,4.0,6.0,2,2.0,2,12,Evening,1.0,1,0,4,1
-0.10449,51.50852,1,2,4,6,20,19.0,4.0,1.0,1,1.0,1,9,Afternoon,2.0,1,0,4,4
-2.90329,51.28502,2,1,5,3,70,0.0,,1.0,1,1.0,2,10,Afternoon,0.5,0,0,6,0
-0.63431,51.36323,2,2,5,6,30,17.0,4.0,1.0,1,1.0,2,6,Afternoon,1.0,1,0,1,1
-0.79438,51.3884,1,1,3,6,40,0.0,,6.0,1,2.0,2,3,Afternoon,1.0,0,0,1,0
-2.46285,51.62062,2,2,6,3,70,0.0,,1.0,1,1.0,2,3,Afternoon,1.0,0,0,6,0
-2.64091,51.48616,2,1,5,6,30,13.0,4.0,1.0,1,1.0,1,10,Morning,0.5,1,0,3,1
-1.43941,54.98102,2,2,4,6,30,0.0,,1.0,1,1.0,1,11,Morning,1.0,1,0,1,1
-0.04179,51.48162,2,1,4,6,30,13.0,4.0,1.0,1,1.0,1,3,Morning,0.5,1,0,3,1
-2.63224,53.70283,2,3,7,3,70,0.0,,1.0,1,1.0,2,1,Afternoon,1.5,0,1,6,0
-0.12362,51.53015,1,1,4,2,20,16.0,2.0,4.0,8,1.0,1,8,Evening,1.0,1,0,4,1
-3.73171,53.29582,2,1,5,6,20,16.0,4.0,1.0,2,2.0,1,8,Evening,0.5,1,0,1,1
-0.62309,52.94346,2,1,2,6,50,18.0,4.0,1.0,1,1.0,2,2,Afternoon,0.5,1,0,4,1
0.54576,51.30589,2,1,5,6,60,0.0,,1.0,1,2.0,2,10,Morning,0.5,1,0,1,1
-0.15498,50.82687,2,1,6,6,20,16.0,4.0,1.0,1,1.0,1,6,Morning,0.5,1,0,1,1
-4.00883,57.77949,3,1,1,6,60,0.0,,1.0,1,1.0,2,5,Morning,0.3333333333333333,0,1,3,0
-0.07211,51.58425,1,1,6,6,20,16.0,2.0,1.0,1,1.0,1,8,Afternoon,1.0,1,0,4,4
-1.52373,54.53269,2,1,6,6,30,13.0,4.0,1.0,1,1.0,1,9,Night,0.5,1,0,1,1
0.38113,52.74194,1,1,5,3,70,0.0,,1.0,1,1.0,2,6,Afternoon,1.0,0,1,4,0
-3.11188,55.92918,2,1,3,6,30,0.0,,1.0,1,1.0,1,11,Morning,0.5,0,1,4,0
-1.02425,53.31862,1,1,4,6,50,0.0,,6.0,1,1.0,2,6,Night,1.0,1,0,4,1
-0.25874,51.40638,2,1,6,9,30,0.0,,1.0,9,9.0,1,10,Morning,0.5,0,0,1,0
0.06603,50.79802,1,1,1,6,60,0.0,,1.0,1,2.0,2,9,Morning,1.0,0,1,4,0
-2.21278,53.16608,2,1,3,1,30,,4.0,1.0,1,1.0,1,12,Afternoon,0.5,1,0,1,4
-2.14639,53.41263,2,2,4,3,40,17.0,2.0,4.0,2,2.0,1,12,Afternoon,1.0,1,0,4,1
-2.16221,57.22448,2,2,5,6,60,19.0,4.0,6.0,1,1.0,2,10,Afternoon,1.0,1,0,3,1
-0.62883,53.08385,1,2,6,6,60,0.0,,6.0,7,2.0,2,12,Afternoon,2.0,0,0,2,0
-2.58632,53.39209,1,1,7,3,30,0.0,,1.0,1,1.0,1,5,Afternoon,1.0,0,0,4,0
-0.16243,50.82372,1,1,6,6,20,0.0,,4.0,1,1.0,1,10,Evening,1.0,1,0,1,1
-1.8337,52.41187,2,1,5,6,30,18.0,4.0,1.0,1,1.0,1,6,Morning,0.5,1,0,1,1
-0.39762,52.87551,1,1,1,6,60,0.0,,6.0,1,1.0,2,10,Evening,1.0,0,0,4,0
-0.23407,53.7431,2,1,2,3,40,0.0,,1.0,1,1.0,1,6,Afternoon,0.5,0,1,4,0
-2.22889,53.47913,1,1,5,6,30,13.0,4.0,1.0,1,1.0,1,5,Afternoon,1.0,1,0,1,1
-0.53739,50.82012,2,2,2,6,40,13.0,4.0,1.0,1,2.0,1,3,Morning,1.0,1,0,1,1
-1.53017,53.64886,6,2,5,7,40,0.0,,4.0,1,1.0,2,2,Night,0.3333333333333333,1,0,6,4
-0.09778,51.37582,1,1,5,3,30,0.0,,4.0,1,2.0,1,11,Evening,1.0,0,0,4,0
-3.4836,50.62538,1,1,3,6,60,0.0,,1.0,1,1.0,2,7,Morning,1.0,1,0,1,1
-1.84835,52.54956,2,1,4,6,30,13.0,4.0,1.0,1,1.0,1,7,Afternoon,0.5,1,0,4,1
-2.29266,52.32486,4,1,6,6,30,16.0,4.0,4.0,1,1.0,1,8,Evening,0.25,1,0,3,1
-0.14782,51.50582,2,1,6,9,20,,9.0,4.0,1,1.0,1,11,Night,0.5,1,0,1,1
0.38295,51.67233,2,1,4,6,30,13.0,4.0,1.0,1,1.0,2,6,Evening,0.5,1,0,1,1
-0.18805,51.51018,2,1,3,6,30,13.0,4.0,1.0,9,9.0,1,7,Afternoon,0.5,1,0,4,1
-1.44697,52.88152,2,1,5,6,30,0.0,,1.0,1,1.0,1,5,Night,0.5,0,0,4,0
0.40104,52.74975,3,1,2,3,30,13.0,4.0,4.0,1,1.0,1,12,Afternoon,0.3333333333333333,1,0,4,1
-1.46174,50.95208,1,1,1,3,70,0.0,,6.0,1,1.0,2,3,Evening,1.0,0,0,6,0
0.17284,51.58651,2,1,6,3,50,17.0,2.0,4.0,2,2.0,1,7,Evening,0.5,1,0,4,3
-4.35411,50.63162,1,1,7,6,30,0.0,,1.0,1,1.0,2,1,Morning,1.0,1,0,1,4
-1.50067,55.10751,2,1,1,3,50,0.0,,4.0,1,2.0,2,12,Evening,0.5,0,1,4,0
-0.20621,51.65345,2,1,7,6,30,13.0,4.0,1.0,1,1.0,1,3,Afternoon,0.5,1,0,1,1
-4.16027,55.84934,1,1,3,6,30,16.0,4.0,1.0,1,1.0,1,11,Afternoon,1.0,1,0,1,3
-2.19081,51.19055,3,3,6,1,60,0.0,4.0,1.0,1,1.0,2,3,Afternoon,1.0,1,0,4,4
1.13736,52.04903,2,3,6,6,30,0.0,,1.0,1,1.0,1,10,Evening,1.5,1,0,1,1
-1.74619,51.54537,2,1,1,6,40,0.0,4.0,1.0,1,1.0,2,6,Afternoon,0.5,1,0,4,3
-3.55697,54.64168,1,1,4,6,30,13.0,4.0,4.0,9,1.0,1,12,Morning,1.0,1,0,1,1
-0.13341,51.51116,2,1,4,6,20,13.0,2.0,1.0,2,2.0,1,1,Afternoon,0.5,1,0,4,1
-0.05454,51.56512,2,1,3,6,20,13.0,4.0,1.0,1,1.0,1,7,Morning,0.5,1,0,1,1
-0.106,51.58296,2,1,5,6,20,19.0,4.0,1.0,1,1.0,1,4,Evening,0.5,1,0,3,1
1.05871,52.15018,2,1,2,6,30,13.0,4.0,1.0,1,1.0,2,1,Afternoon,0.5,1,0,3,1
-2.69923,53.69774,2,1,3,6,20,0.0,,1.0,2,2.0,1,8,Afternoon,0.5,1,0,1,1
-2.25391,53.47424,1,1,5,6,20,0.0,,1.0,1,2.0,1,1,Afternoon,1.0,1,0,1,1
1.38188,51.38776,2,1,3,3,30,0.0,,1.0,1,1.0,1,8,Afternoon,0.5,1,0,3,3
-3.14484,52.76334,2,1,4,6,60,0.0,,6.0,4,4.0,2,1,Evening,0.5,0,1,1,0
-1.73381,53.68251,2,1,3,6,40,13.0,4.0,1.0,1,1.0,2,1,Afternoon,0.5,1,0,4,1
-2.05126,51.66461,2,1,2,6,60,13.0,4.0,1.0,1,2.0,2,12,Morning,0.5,1,0,4,1
0.7711,51.5354,1,1,5,6,20,0.0,,7.0,9,,1,10,Evening,1.0,0,1,1,0
-0.33853,51.43292,1,1,7,6,20,13.0,4.0,1.0,1,1.0,1,10,Afternoon,1.0,1,0,4,3
-0.39465,53.01052,2,1,3,6,30,13.0,4.0,1.0,1,1.0,1,8,Morning,0.5,1,0,1,1
0.082,51.53983,1,2,4,3,30,0.0,,1.0,1,1.0,1,1,Morning,2.0,0,0,2,0
-0.44381,51.88865,2,1,7,6,30,16.0,2.0,1.0,9,,1,9,Afternoon,0.5,1,0,1,1
-1.42507,54.88865,2,1,4,6,30,16.0,4.0,1.0,1,1.0,1,5,Morning,0.5,1,0,1,1
-0.246,51.38123,2,3,6,3,30,16.0,2.0,1.0,1,1.0,1,5,Evening,1.5,1,0,4,1
-2.79066,53.55664,2,2,2,3,70,0.0,,1.0,8,2.0,2,11,Morning,1.0,0,1,4,0
-0.60515,53.1844,2,1,4,6,30,18.0,4.0,1.0,1,1.0,1,4,Morning,0.5,1,0,4,1
-1.17683,53.14308,2,1,4,6,30,16.0,2.0,4.0,2,2.0,1,2,Morning,0.5,1,0,3,1
-2.52806,51.4815,2,1,3,6,20,13.0,2.0,1.0,1,1.0,1,4,Evening,0.5,1,0,4,1
-0.26766,51.60015,2,1,2,6,30,13.0,4.0,1.0,1,1.0,1,6,Evening,0.5,1,0,2,1
-1.99935,52.39601,2,2,5,3,40,0.0,,4.0,2,2.0,1,2,Evening,1.0,1,0,4,1
-0.01305,52.04879,1,1,3,6,30,13.0,4.0,1.0,1,1.0,1,5,Afternoon,1.0,1,0,1,1
-0.10585,51.35771,2,1,7,1,20,0.0,4.0,4.0,1,1.0,1,2,Evening,0.5,1,0,2,1
-1.34971,50.97666,2,1,5,6,30,13.0,4.0,1.0,1,1.0,1,1,Morning,0.5,1,0,4,1
-0.12954,51.32703,1,1,4,6,30,13.0,4.0,1.0,1,2.0,1,1,Morning,1.0,1,0,4,3
-0.26533,51.08117,2,3,7,6,40,0.0,,6.0,1,1.0,2,2,Evening,1.5,1,0,1,1
-1.18725,51.12549,2,1,2,6,60,13.0,4.0,1.0,1,1.0,2,12,Afternoon,0.5,1,0,3,1
-0.8613,51.84855,2,3,3,6,60,0.0,,1.0,2,2.0,2,10,Morning,1.5,0,0,1,0
-1.93925,50.72773,1,1,3,6,30,0.0,,1.0,1,1.0,1,9,Morning,1.0,0,0,2,0
1.22428,52.34788,2,2,5,6,60,0.0,,1.0,1,1.0,2,4,Afternoon,1.0,0,1,3,0
-1.07414,53.96501,2,1,4,1,30,0.0,4.0,4.0,1,1.0,1,12,Afternoon,0.5,1,0,1,1
-1.63494,51.04258,1,1,2,6,30,13.0,4.0,1.0,1,1.0,2,7,Afternoon,1.0,1,0,1,1
-1.72828,54.46131,2,4,6,3,70,16.0,4.0,1.0,1,1.0,2,9,Morning,2.0,1,0,4,3
-1.35665,54.8701,2,1,1,6,50,0.0,,1.0,1,1.0,2,12,Afternoon,0.5,0,1,4,0
-2.89398,51.29548,1,1,4,6,40,0.0,,1.0,1,2.0,2,8,Morning,1.0,0,0,1,0
-0.22966,51.58738,1,1,6,6,30,0.0,,1.0,1,1.0,1,1,Afternoon,1.0,0,0,4,0
-3.09437,51.03237,1,1,6,6,30,13.0,2.0,1.0,1,1.0,1,5,Morning,1.0,1,0,1,1
-0.23637,51.58482,2,1,5,6,30,13.0,4.0,1.0,1,1.0,1,2,Afternoon,0.5,1,0,1,1
-2.71981,52.0521,2,1,1,3,30,0.0,,1.0,1,1.0,1,1,Afternoon,0.5,0,1,4,0
-2.74564,53.85199,2,1,3,6,30,0.0,,1.0,1,1.0,2,4,Afternoon,0.5,0,1,4,0
-1.87173,52.46946,2,1,7,3,30,,4.0,1.0,1,1.0,1,5,Evening,0.5,1,0,4,4
-2.94174,53.43979,1,1,6,3,40,16.0,2.0,1.0,1,1.0,1,12,Afternoon,1.0,1,0,4,1
-2.87804,56.46867,1,1,6,6,30,0.0,,1.0,2,2.0,1,5,Morning,1.0,1,0,4,1
-1.82086,50.74284,2,2,3,6,30,13.0,4.0,1.0,1,2.0,1,10,Afternoon,1.0,1,0,1,1
-0.21171,51.91733,2,1,3,3,40,0.0,,1.0,1,,1,5,Afternoon,0.5,0,1,4,0
-1.15534,52.98921,1,1,2,6,20,0.0,,1.0,1,1.0,1,11,Afternoon,1.0,1,0,1,1
0.18566,51.43147,2,1,6,6,30,13.0,4.0,1.0,1,1.0,1,12,Morning,0.5,1,0,1,1
-2.24828,52.38423,2,1,5,1,30,,4.0,1.0,1,1.0,1,11,Morning,0.5,1,0,1,1
-2.1173,51.89378,2,1,6,6,30,13.0,4.0,1.0,1,1.0,1,4,Morning,0.5,1,0,1,1
0.0522,51.5478,2,1,4,2,20,17.0,4.0,1.0,2,2.0,1,2,Afternoon,0.5,1,0,1,1
-0.27456,52.62639,3,2,7,6,30,16.0,2.0,4.0,1,2.0,1,11,Morning,0.6666666666666666,1,0,1,1
-1.04665,50.78872,2,1,7,6,30,13.0,4.0,1.0,1,1.0,1,3,Morning,0.5,1,0,1,1
1.48132,52.53527,2,1,2,6,30,13.0,4.0,4.0,1,2.0,2,9,Evening,0.5,1,0,1,1
0.3394,52.33064,4,4,1,6,30,0.0,,4.0,1,1.0,2,7,Night,1.0,1,0,1,1
-0.30374,53.77538,2,1,6,6,30,0.0,,4.0,1,1.0,1,4,Evening,0.5,1,0,1,1
-2.44618,53.56572,2,1,7,6,30,0.0,,4.0,1,,1,2,Afternoon,0.5,1,0,4,1
-0.05437,51.56528,2,1,5,6,20,19.0,4.0,1.0,1,1.0,1,5,Afternoon,0.5,1,0,1,1
-3.83344,50.71913,1,1,7,6,60,0.0,,1.0,2,4.0,2,11,Morning,1.0,1,0,1,1
-0.62452,51.01541,2,3,1,6,60,0.0,,1.0,1,1.0,2,9,Afternoon,1.5,1,0,4,1
-3.20994,55.94653,2,1,4,6,30,13.0,2.0,1.0,1,1.0,1,11,Afternoon,0.5,1,0,1,1
-0.30299,51.46493,2,1,5,3,40,18.0,4.0,1.0,1,1.0,1,6,Morning,0.5,1,0,4,1
-1.18103,52.96509,1,1,3,6,30,13.0,4.0,1.0,1,1.0,1,5,Afternoon,1.0,1,0,4,1
-0.2238,51.49316,2,1,1,2,20,13.0,2.0,1.0,8,1.0,1,7,Evening,0.5,1,0,4,4
-0.01805,51.52118,1,1,3,2,20,0.0,,4.0,1,1.0,1,11,Night,1.0,0,0,2,0
-2.60938,50.87318,2,1,2,6,60,0.0,,1.0,1,2.0,2,10,Afternoon,0.5,0,0,1,0
-1.60743,55.0403,2,1,2,6,30,0.0,,1.0,1,2.0,2,7,Morning,0.5,1,0,4,1
-2.57084,51.46324,2,1,5,3,40,16.0,2.0,1.0,1,1.0,1,5,Morning,0.5,1,0,4,4
-4.34789,55.82945,2,1,5,3,30,0.0,,1.0,1,1.0,1,9,Afternoon,0.5,1,0,1,1
-0.22612,51.5054,2,1,3,6,20,0.0,,4.0,9,1.0,1,1,Evening,0.5,0,0,4,0
-0.54163,51.32386,1,1,2,6,30,0.0,,4.0,2,2.0,1,7,Evening,1.0,1,0,1,1
-1.23819,54.66168,2,1,3,6,30,0.0,,1.0,1,1.0,1,8,Morning,0.5,0,1,1,0
-1.77692,52.4116,1,1,4,6,30,,4.0,1.0,1,2.0,1,11,Afternoon,1.0,1,0,1,1
-2.04172,52.47469,1,1,1,6,30,0.0,,1.0,1,1.0,1,7,Afternoon,1.0,0,1,1,0
-0.19216,53.94019,1,1,6,6,30,18.0,4.0,1.0,1,1.0,2,4,Afternoon,1.0,1,0,1,1
-0.72735,52.02356,2,3,3,3,70,19.0,4.0,4.0,1,1.0,1,11,Afternoon,1.5,0,1,3,0
-3.31127,55.92529,2,1,6,1,50,,2.0,1.0,1,1.0,1,6,Morning,0.5,1,0,4,1
-0.05745,51.53579,1,1,5,2,20,13.0,4.0,4.0,1,2.0,1,2,Evening,1.0,1,0,1,4
-0.17273,50.86099,1,1,3,3,70,0.0,,1.0,1,1.0,2,8,Afternoon,1.0,1,0,4,4
-3.08394,53.40191,1,1,6,6,20,0.0,,1.0,1,1.0,2,11,Afternoon,1.0,0,0,1,0
0.15667,51.76079,1,1,2,6,40,19.0,4.0,1.0,1,1.0,2,7,Afternoon,1.0,1,0,1,1
1.13374,52.06678,4,1,5,6,30,0.0,,1.0,1,1.0,1,4,Afternoon,0.25,1,0,1,1
-4.30604,51.94036,1,1,2,6,20,0.0,,4.0,2,2.0,2,12,Evening,1.0,0,1,1,0
-3.59626,52.90057,1,1,7,6,60,0.0,,1.0,1,1.0,2,7,Morning,1.0,0,0,3,0
-2.39044,53.53936,1,1,3,3,70,0.0,,4.0,1,2.0,1,1,Morning,1.0,1,0,6,6
-1.08314,50.77992,2,1,4,6,30,0.0,,4.0,1,2.0,1,12,Afternoon,0.5,0,0,1,0
-0.0782,51.52725,1,1,7,3,20,,2.0,4.0,9,1.0,1,5,Evening,1.0,1,0,4,4
-2.61086,51.44056,1,1,4,6,20,13.0,4.0,4.0,2,2.0,1,1,Evening,1.0,1,0,3,1
-2.74407,52.00861,2,2,1,6,60,13.0,4.0,1.0,1,1.0,2,7,Morning,1.0,1,0,1,1
-1.04115,52.26497,2,1,7,6,60,16.0,4.0,1.0,1,1.0,2,6,Morning,0.5,1,0,2,2
-0.25538,51.49303,2,1,1,6,20,13.0,2.0,1.0,1,1.0,1,4,Afternoon,0.5,1,0,4,4
-2.13328,52.43931,3,2,5,6,40,0.0,,1.0,1,2.0,1,9,Evening,0.6666666666666666,1,0,4,1
-1.78418,53.78999,2,1,3,6,30,19.0,4.0,1.0,1,1.0,1,5,Afternoon,0.5,1,0,1,1
-2.66726,51.64727,2,1,5,6,30,,4.0,1.0,1,1.0,1,11,Afternoon,0.5,1,0,1,1
-0.70072,52.0589,2,2,1,1,40,0.0,2.0,1.0,1,1.0,2,3,Afternoon,1.0,1,0,4,6
0.38255,52.09675,2,4,7,6,60,0.0,,6.0,1,1.0,2,11,Afternoon,2.0,0,1,4,0
0.22982,51.81238,2,1,2,6,40,0.0,,1.0,1,1.0,2,1,Morning,0.5,0,1,4,0
-1.30443,52.91484,2,1,5,3,70,0.0,,4.0,1,2.0,2,2,Afternoon,0.5,0,0,4,0
0.63465,52.70798,2,2,2,6,60,0.0,,1.0,1,1.0,2,2,Afternoon,1.0,1,0,1,1
-1.39537,50.91999,2,1,5,6,30,16.0,2.0,4.0,1,1.0,1,8,Evening,0.5,1,0,1,1
-4.7977,50.39905,2,1,7,6,30,0.0,,1.0,1,1.0,2,6,Evening,0.5,1,0,1,1
-1.65004,54.62734,1,1,6,6,30,13.0,4.0,1.0,9,1.0,2,2,Morning,1.0,1,0,3,1
-1.66798,54.98034,2,1,2,6,30,19.0,,1.0,1,1.0,1,11,Morning,0.5,1,0,1,3
-0.62235,51.5137,2,1,5,6,30,18.0,4.0,1.0,1,1.0,1,6,Afternoon,0.5,1,0,1,1
-0.18889,52.33484,2,1,6,6,30,16.0,4.0,1.0,2,2.0,1,6,Afternoon,0.5,1,0,1,3
-0.27047,51.38823,2,1,2,3,50,0.0,,4.0,1,2.0,1,2,Night,0.5,0,0,4,0
-0.59773,52.02521,3,2,2,3,70,0.0,,1.0,1,1.0,2,4,Afternoon,0.6666666666666666,1,0,6,6
-0.4376,51.33605,3,2,2,6,40,0.0,,1.0,1,1.0,1,4,Afternoon,0.6666666666666666,1,0,4,1
-1.80233,52.59118,2,1,5,6,30,16.0,2.0,1.0,2,2.0,1,2,Morning,0.5,1,0,1,3
0.02211,51.53198,1,1,7,6,30,13.0,4.0,1.0,1,1.0,1,8,Afternoon,1.0,1,0,4,1
-0.83279,51.23423,2,1,6,6,60,0.0,,6.0,2,2.0,2,12,Afternoon,0.5,0,0,1,0
0.54243,51.22916,2,1,1,6,30,17.0,1.0,1.0,1,1.0,2,4,Morning,0.5,1,0,3,1
-1.64023,52.60283,2,2,1,1,50,,2.0,1.0,1,1.0,2,8,Afternoon,1.0,1,0,4,6
-2.44705,57.23488,2,1,7,2,20,18.0,,1.0,1,1.0,1,12,Afternoon,0.5,1,0,1,1
-0.29448,51.59487,2,1,6,6,20,0.0,4.0,1.0,1,1.0,1,11,Afternoon,0.5,1,0,2,1
-0.05381,51.55577,2,1,3,6,20,0.0,,4.0,2,2.0,1,2,Evening,0.5,0,0,1,0
-0.04061,51.54879,2,1,7,6,20,13.0,4.0,4.0,1,1.0,1,11,Night,0.5,1,0,4,1
-0.36561,51.67023,2,2,5,7,70,0.0,,4.0,1,1.0,2,9,Evening,1.0,0,1,6,0
0.08075,51.55992,2,1,3,1,20,0.0,2.0,1.0,1,1.0,1,2,Morning,0.5,1,0,4,4
0.90636,51.86098,2,1,5,6,30,13.0,4.0,1.0,2,2.0,1,2,Morning,0.5,1,0,1,1
-1.62847,53.66473,1,1,5,6,30,19.0,4.0,4.0,1,1.0,1,10,Afternoon,1.0,1,0,1,1
-0.7878,50.82905,3,2,5,3,70,0.0,,1.0,1,1.0,1,6,Morning,0.6666666666666666,0,1,4,0
-0.76421,51.63575,2,1,5,6,30,0.0,,1.0,1,1.0,1,5,Afternoon,0.5,0,0,1,0
-0.21642,52.90206,2,3,6,6,60,0.0,,1.0,1,1.0,2,1,Morning,1.5,0,0,4,0
-1.3406,51.25107,2,2,5,3,70,0.0,,1.0,1,1.0,2,9,Afternoon,1.0,0,0,4,0
-2.75882,51.34147,1,1,2,6,60,0.0,,7.0,1,2.0,2,3,Night,1.0,0,0,4,0
-0.73839,51.52313,1,1,2,6,30,13.0,4.0,4.0,2,2.0,1,12,Afternoon,1.0,1,0,1,1
-0.02167,51.52787,3,1,2,6,20,13.0,2.0,1.0,1,1.0,1,7,Evening,0.3333333333333333,1,0,4,2
-1.07875,50.84552,2,1,2,6,30,0.0,,4.0,1,1.0,1,2,Evening,0.5,0,0,1,0
0.31612,53.14897,2,1,6,6,30,0.0,,1.0,1,1.0,2,9,Afternoon,0.5,0,0,1,0
0.11636,52.18084,1,1,3,3,30,13.0,4.0,1.0,2,2.0,2,4,Morning,1.0,1,0,4,4
-1.97971,52.58881,2,1,5,3,30,16.0,2.0,1.0,2,2.0,1,12,Morning,0.5,1,0,4,1
-1.03219,52.72514,2,1,5,6,40,13.0,4.0,1.0,1,4.0,2,11,Morning,0.5,1,0,2,4
-0.26782,52.54099,2,1,5,6,20,,4.0,1.0,1,2.0,1,1,Morning,0.5,1,0,1,1
-2.92273,53.54225,2,2,6,3,60,0.0,,1.0,1,2.0,2,8,Morning,1.0,0,1,4,0
-1.19983,52.77815,1,2,2,6,20,16.0,4.0,1.0,1,1.0,1,6,Afternoon,2.0,1,0,1,1
-0.39936,51.57917,2,1,7,9,20,,9.0,1.0,1,1.0,1,1,Afternoon,0.5,1,0,2,1
-2.45786,53.09273,1,1,5,6,30,13.0,4.0,1.0,1,1.0,1,6,Afternoon,1.0,1,0,2,1
-1.31689,53.36668,1,1,5,6,30,0.0,,1.0,1,1.0,1,12,Afternoon,1.0,1,0,1,1
-1.94096,52.68733,1,1,5,6,30,16.0,4.0,1.0,1,1.0,1,4,Afternoon,1.0,1,0,1,1
-2.11498,52.57066,2,3,4,6,30,16.0,4.0,1.0,8,2.0,1,1,Evening,1.5,1,0,1,1
-1.46351,53.37179,2,2,7,6,30,16.0,2.0,1.0,1,1.0,1,11,Afternoon,1.0,1,0,1,4
-2.47236,53.2504,2,1,3,3,70,0.0,,1.0,1,1.0,2,8,Afternoon,0.5,0,0,4,0
0.17156,53.37414,1,1,4,6,60,0.0,,6.0,2,2.0,2,7,Night,1.0,0,0,2,0
-2.29779,53.00896,2,3,7,6,50,0.0,,4.0,1,1.0,2,11,Evening,1.5,0,1,4,0
-0.36384,51.51516,2,1,4,6,20,,4.0,1.0,4,1.0,1,12,Morning,0.5,1,0,2,1
-2.19461,51.85785,2,2,5,6,30,0.0,,1.0,1,1.0,1,6,Morning,1.0,1,0,1,1
-2.78667,53.96141,2,2,6,6,60,0.0,,1.0,1,1.0,2,8,Afternoon,1.0,1,0,1,1
-6.76397,57.9864,1,1,7,6,60,0.0,,1.0,2,2.0,2,10,Morning,1.0,0,1,4,0
0.24373,51.42688,2,1,7,3,70,,,1.0,1,,2,3,Afternoon,0.5,1,0,4,4
-1.28197,51.78824,2,1,6,3,30,0.0,,1.0,1,2.0,1,1,Afternoon,0.5,0,0,4,0
-2.24742,52.39078,2,1,6,1,40,,4.0,1.0,1,1.0,1,2,Morning,0.5,1,0,4,4
-1.80704,54.61398,2,1,1,6,20,0.0,,1.0,1,1.0,2,6,Afternoon,0.5,1,0,1,1
1.73284,52.50227,2,2,3,6,30,0.0,,4.0,2,2.0,1,11,Afternoon,1.0,0,1,4,0
-1.50584,51.4631,9,1,1,3,70,0.0,,6.0,1,1.0,2,1,Evening,0.1111111111111111,0,0,6,0
-1.59569,54.9159,3,3,4,3,50,0.0,,1.0,1,1.0,2,6,Evening,1.0,0,1,4,0
-0.12692,51.1492,3,1,4,6,50,18.0,4.0,1.0,1,2.0,2,10,Morning,0.3333333333333333,1,0,3,1
-1.5663,53.86192,1,2,2,6,30,13.0,4.0,4.0,1,2.0,1,5,Night,2.0,1,0,1,1
1.16201,51.20013,2,1,2,6,30,16.0,4.0,1.0,2,2.0,2,9,Morning,0.5,1,0,1,1
-3.37362,52.51408,3,1,6,6,60,0.0,,1.0,1,1.0,2,9,Afternoon,0.3333333333333333,0,1,4,0
-3.07558,51.59399,2,1,3,3,70,0.0,,1.0,1,1.0,2,4,Afternoon,0.5,0,0,4,0
-2.92657,54.89421,2,1,6,6,30,13.0,4.0,1.0,1,1.0,1,9,Evening,0.5,1,0,1,1
-0.69261,53.40879,1,1,4,6,60,0.0,,1.0,1,1.0,2,8,Evening,1.0,0,0,4,0
-0.2788,51.53039,2,1,2,1,30,,9.0,4.0,1,1.0,1,12,Morning,0.5,1,0,1,1
-0.01273,51.37306,1,1,4,6,30,13.0,4.0,1.0,1,1.0,1,7,Afternoon,1.0,1,0,2,1
-0.43718,51.41083,2,1,4,3,70,0.0,,1.0,1,1.0,2,10,Afternoon,0.5,0,1,6,0
-3.04102,53.2132,2,1,1,6,20,13.0,4.0,1.0,1,1.0,1,2,Morning,0.5,1,0,1,3
-0.79636,53.08711,2,1,3,6,30,0.0,,1.0,1,1.0,1,6,Afternoon,0.5,1,0,3,1
-0.27741,51.62006,3,1,4,6,30,13.0,4.0,1.0,1,1.0,1,3,Afternoon,0.3333333333333333,1,0,2,1
-1.81736,51.17755,1,1,7,3,70,0.0,,1.0,9,1.0,2,9,Afternoon,1.0,0,0,4,0
-3.23692,51.07339,2,2,4,6,60,0.0,,1.0,1,1.0,2,7,Evening,1.0,0,0,3,0
-0.43226,51.97135,2,4,1,7,70,0.0,,6.0,5,2.0,2,12,Afternoon,2.0,1,0,1,4
0.57517,51.8751,1,1,3,6,30,13.0,4.0,1.0,1,1.0,1,12,Afternoon,1.0,1,0,1,1
-1.90352,50.76911,2,1,5,6,30,17.0,2.0,1.0,1,1.0,1,8,Afternoon,0.5,1,0,4,1
-0.21335,51.56084,1,1,6,6,30,13.0,4.0,4.0,2,2.0,1,3,Evening,1.0,1,0,1,1
-0.05355,51.6733,3,2,2,6,20,0.0,4.0,1.0,1,1.0,1,6,Afternoon,0.6666666666666666,1,0,1,4
-4.29696,51.74766,2,1,3,1,40,,4.0,4.0,2,2.0,2,2,Evening,0.5,1,0,4,4
-1.33292,53.44011,4,4,4,6,40,0.0,,1.0,1,1.0,1,7,Morning,1.0,1,0,4,1
-1.86041,52.53794,2,2,5,6,30,0.0,,1.0,1,1.0,1,3,Morning,1.0,0,1,1,0
-2.38801,53.80288,2,2,4,6,50,13.0,4.0,1.0,1,1.0,2,8,Morning,1.0,1,0,4,1
0.07494,51.49077,2,2,6,3,20,0.0,,1.0,1,1.0,1,8,Evening,1.0,0,0,4,0
0.25747,50.79492,2,1,1,1,30,,4.0,1.0,1,1.0,1,4,Morning,0.5,1,0,4,4
-0.2357,51.50636,1,1,1,6,20,13.0,4.0,7.0,2,2.0,1,2,Evening,1.0,1,0,4,2
-2.20501,51.24668,1,1,3,6,30,0.0,,1.0,1,2.0,1,7,Morning,1.0,0,0,4,0
-1.18154,52.9848,2,1,1,6,30,13.0,2.0,1.0,2,2.0,1,3,Evening,0.5,1,0,3,3
-0.20893,51.48887,2,2,4,6,20,16.0,4.0,1.0,1,1.0,1,3,Afternoon,1.0,1,0,1,1
-1.54732,54.00031,3,1,7,6,30,0.0,,4.0,1,1.0,1,11,Afternoon,0.3333333333333333,0,0,4,0
-0.30583,52.5446,2,2,6,6,30,13.0,4.0,1.0,1,1.0,2,7,Afternoon,1.0,1,0,1,1
-1.91506,52.50008,2,1,1,6,20,0.0,,4.0,4,2.0,1,12,Night,0.5,0,1,1,0
-0.05312,51.47815,2,1,2,3,20,19.0,2.0,1.0,1,1.0,1,8,Morning,0.5,1,0,4,3
0.61147,51.7814,2,4,6,3,70,0.0,,1.0,1,1.0,2,8,Afternoon,2.0,0,1,4,0
-1.48884,54.91276,2,1,6,6,30,0.0,,1.0,1,2.0,1,10,Morning,0.5,1,0,1,1
-1.57329,54.93451,1,1,5,6,30,0.0,,1.0,1,4.0,1,1,Afternoon,1.0,1,0,1,1
-2.86154,51.3908,3,1,7,3,70,0.0,,6.0,1,2.0,2,6,Night,0.3333333333333333,0,0,6,0
-1.44598,54.97825,1,1,7,1,30,,4.0,1.0,1,1.0,1,5,Morning,1.0,1,0,3,4
-0.00725,51.54753,1,1,3,6,20,,9.0,1.0,1,1.0,2,11,Afternoon,1.0,1,0,1,1
-1.90279,52.5012,4,3,6,6,30,0.0,,4.0,1,1.0,1,8,Evening,0.75,1,0,3,1
-0.22642,51.76154,3,1,4,1,30,,4.0,1.0,1,1.0,1,4,Afternoon,0.3333333333333333,1,0,3,1
-0.17111,51.37923,2,1,7,2,30,13.0,4.0,1.0,1,1.0,1,9,Afternoon,0.5,1,0,2,1
-1.40199,52.53551,2,1,7,6,30,16.0,2.0,1.0,1,1.0,1,5,Morning,0.5,1,0,3,1
-0.13156,51.67869,3,1,3,6,50,0.0,,1.0,1,1.0,2,6,Evening,0.3333333333333333,0,0,4,0
-1.47517,53.54859,2,1,3,3,30,16.0,2.0,1.0,1,1.0,1,11,Morning,0.5,1,0,4,4
-0.45874,51.56011,1,1,2,6,30,,9.0,1.0,1,1.0,1,7,Afternoon,1.0,1,0,1,1
1.67772,52.40678,2,1,6,6,60,0.0,,6.0,1,4.0,2,11,Afternoon,0.5,1,0,4,1
-0.40188,51.67213,2,2,4,6,40,13.0,4.0,4.0,1,1.0,1,12,Afternoon,1.0,1,0,1,1
-0.65951,53.2738,1,1,6,6,30,13.0,4.0,5.0,8,2.0,2,12,Afternoon,1.0,1,0,2,1
-0.35071,51.43612,2,1,4,6,20,16.0,2.0,1.0,1,1.0,1,10,Afternoon,0.5,1,0,3,4
-1.16743,50.79559,2,3,7,6,30,0.0,,1.0,1,1.0,2,3,Morning,1.5,0,0,1,0
0.86677,51.90468,2,1,3,3,70,0.0,,6.0,1,1.0,2,9,Night,0.5,0,1,4,0
-0.11647,51.55949,1,1,3,6,20,13.0,4.0,4.0,1,1.0,1,12,Night,1.0,1,0,4,1
-0.29143,51.4092,2,1,5,9,20,0.0,,4.0,8,1.0,1,2,Evening,0.5,0,0,2,0
-0.08113,51.01182,1,1,3,6,30,0.0,,4.0,4,2.0,1,1,Evening,1.0,1,0,3,3
-1.99465,52.51865,2,1,4,6,30,19.0,4.0,7.0,1,1.0,1,12,Afternoon,0.5,1,0,1,1
-0.27346,51.46418,2,1,3,6,20,13.0,4.0,4.0,1,1.0,1,12,Evening,0.5,1,0,4,1
-2.73006,53.44342,2,2,1,3,30,0.0,,1.0,1,1.0,1,7,Afternoon,1.0,0,0,1,0
1.18236,52.05906,2,1,5,6,30,16.0,2.0,4.0,1,1.0,1,10,Evening,0.5,1,0,1,1
-4.14798,50.37764,1,1,3,1,30,,4.0,1.0,2,2.0,1,9,Afternoon,1.0,1,0,4,1
-1.45674,50.93881,2,2,5,6,30,0.0,4.0,1.0,1,2.0,2,2,Afternoon,1.0,1,0,1,4
-2.23605,53.21892,1,1,5,6,50,18.0,4.0,6.0,2,4.0,2,11,Evening,1.0,1,0,4,1
-2.97807,53.39859,2,1,4,6,20,16.0,4.0,1.0,1,1.0,1,5,Evening,0.5,1,0,1,1
1.01171,51.08743,2,1,3,6,60,0.0,,1.0,1,1.0,2,4,Morning,0.5,1,0,3,1
-3.08252,51.6151,1,4,7,6,60,0.0,,6.0,5,2.0,2,4,Evening,4.0,0,0,1,0
0.73399,51.54379,2,2,6,6,20,13.0,4.0,1.0,1,1.0,1,3,Afternoon,1.0,1,0,1,1
-1.63354,53.71397,2,1,3,2,20,0.0,,1.0,1,1.0,1,6,Afternoon,0.5,1,0,1,1
-2.53023,51.59694,3,1,4,6,30,13.0,4.0,1.0,8,2.0,2,8,Afternoon,0.3333333333333333,1,0,3,1
-0.00139,51.45865,2,1,2,6,20,13.0,4.0,1.0,1,1.0,1,3,Afternoon,0.5,1,0,4,1
0.10963,51.53304,2,1,5,1,30,0.0,,1.0,1,1.0,1,4,Evening,0.5,0,0,4,0
-1.29257,53.78151,2,1,5,6,60,0.0,,6.0,1,1.0,2,8,Evening,0.5,0,0,3,0
-2.51409,50.93833,2,2,7,6,60,16.0,4.0,1.0,1,1.0,2,5,Afternoon,1.0,1,0,4,1
-0.03999,51.59277,3,1,3,6,30,13.0,4.0,1.0,1,1.0,1,6,Morning,0.3333333333333333,1,0,3,1
-2.00428,51.44042,2,1,2,1,30,0.0,4.0,1.0,9,1.0,1,3,Morning,0.5,1,0,1,1
0.0347,51.60216,4,1,1,6,30,0.0,,4.0,1,1.0,1,4,Night,0.25,0,0,2,0
0.55842,51.26156,2,1,1,6,30,13.0,2.0,1.0,1,2.0,2,7,Afternoon,0.5,1,0,1,1
-2.5946,51.4151,2,1,4,1,40,0.0,2.0,4.0,1,1.0,1,10,Evening,0.5,1,0,4,4
-2.73554,53.82407,1,1,7,6,40,0.0,,1.0,1,1.0,2,9,Afternoon,1.0,1,0,4,1
-2.16001,52.57517,1,1,1,6,30,13.0,4.0,1.0,1,1.0,1,6,Evening,1.0,1,0,1,1
-0.0937,51.39724,1,1,7,6,20,13.0,4.0,1.0,1,1.0,1,12,Afternoon,1.0,1,0,1,1
-0.85607,51.8039,2,1,7,6,30,13.0,4.0,1.0,1,1.0,2,3,Afternoon,0.5,1,0,4,1
-3.52151,55.92144,2,1,4,6,40,0.0,,1.0,2,2.0,2,5,Afternoon,0.5,1,0,4,4
-4.39622,56.03752,2,2,7,6,60,19.0,4.0,1.0,1,1.0,2,7,Afternoon,1.0,1,0,4,3
0.15843,53.26436,2,1,2,6,30,0.0,,1.0,1,1.0,2,7,Afternoon,0.5,0,0,2,0
-0.04728,51.65738,2,1,3,6,30,19.0,4.0,4.0,2,2.0,1,10,Evening,0.5,1,0,4,1
-2.02558,51.12182,3,2,7,6,60,0.0,,6.0,1,2.0,2,1,Night,0.6666666666666666,0,0,4,0
-1.55241,52.91376,3,1,5,6,30,13.0,4.0,1.0,9,1.0,1,3,Afternoon,0.3333333333333333,1,0,1,1
-0.1293,51.52722,1,1,3,6,20,0.0,,4.0,1,2.0,1,12,Evening,1.0,0,0,1,0
-1.89993,50.76872,2,2,7,6,30,0.0,,1.0,1,1.0,1,11,Afternoon,1.0,0,0,4,0
-1.75084,53.79807,1,1,6,6,20,0.0,,1.0,1,1.0,1,6,Afternoon,1.0,1,0,1,1
-3.05838,53.55455,1,1,2,6,30,0.0,4.0,1.0,1,1.0,1,12,Afternoon,1.0,1,0,1,1
-0.12474,51.47026,2,1,3,6,20,13.0,4.0,1.0,1,1.0,1,9,Evening,0.5,1,0,4,1
-2.75675,52.68645,1,1,3,3,40,0.0,,1.0,1,1.0,1,10,Evening,1.0,1,0,4,1
-0.05428,51.54625,2,1,5,3,20,13.0,2.0,1.0,1,1.0,1,8,Afternoon,0.5,1,0,3,1
-3.41932,51.51575,2,1,1,6,30,13.0,4.0,1.0,1,1.0,2,7,Afternoon,0.5,1,0,1,1
-0.32943,51.31312,3,1,5,3,70,0.0,,4.0,5,2.0,2,2,Evening,0.3333333333333333,0,1,6,0
-0.27395,50.84025,2,1,7,6,30,19.0,4.0,1.0,1,1.0,1,5,Morning,0.5,1,0,1,1
-2.29955,53.13342,1,2,7,6,50,16.0,2.0,1.0,1,1.0,2,10,Afternoon,2.0,1,0,4,1
-3.77058,56.06848,1,2,2,3,20,13.0,4.0,1.0,1,1.0,2,6,Afternoon,2.0,1,0,4,1
-1.84597,52.52388,2,1,1,6,30,13.0,3.0,1.0,1,1.0,1,5,Evening,0.5,1,0,1,1
-2.43521,53.70526,1,2,7,6,30,19.0,4.0,1.0,2,2.0,2,1,Afternoon,2.0,1,0,1,1
-3.90942,50.94255,1,1,3,6,60,0.0,,1.0,1,2.0,2,12,Morning,1.0,1,0,4,1
-0.04751,51.56136,2,1,1,6,30,13.0,4.0,1.0,1,1.0,2,8,Morning,0.5,1,0,4,1
0.08708,51.47976,1,1,6,6,30,13.0,4.0,1.0,1,1.0,1,7,Afternoon,1.0,1,0,2,1
-1.90323,52.51558,2,1,2,6,30,13.0,4.0,4.0,1,2.0,1,12,Evening,0.5,1,0,4,1
-1.14013,53.53543,1,1,7,6,30,0.0,,1.0,1,1.0,2,8,Morning,1.0,1,0,1,1
-1.07829,53.43041,3,1,4,6,40,0.0,,1.0,1,1.0,2,11,Afternoon,0.3333333333333333,0,1,4,0
-0.319,51.511,1,1,4,9,20,,9.0,7.0,9,9.0,1,10,Night,1.0,1,0,4,3
-0.10976,51.08833,1,1,1,6,60,0.0,,6.0,1,1.0,2,12,Night,1.0,1,0,1,1
-0.52489,51.7457,2,1,7,6,50,13.0,4.0,1.0,1,1.0,2,9,Morning,0.5,1,0,4,1
0.17534,51.58327,2,1,4,6,30,13.0,4.0,4.0,1,1.0,1,12,Afternoon,0.5,1,0,4,1
-0.73205,50.78747,3,2,7,6,60,0.0,,6.0,1,1.0,2,9,Evening,0.6666666666666666,1,0,1,1
-1.14919,52.74312,1,2,4,3,70,0.0,,1.0,1,1.0,2,7,Afternoon,2.0,0,1,4,0
-1.05443,50.91314,1,1,4,6,30,13.0,4.0,1.0,1,2.0,2,4,Morning,1.0,1,0,1,1
-1.5787,52.27871,2,1,6,1,30,,4.0,1.0,1,1.0,1,8,Morning,0.5,1,0,4,1
-2.46337,53.72595,2,3,1,6,30,16.0,2.0,1.0,1,1.0,1,11,Afternoon,1.5,1,0,1,1
-0.58888,51.5034,2,1,3,1,30,0.0,4.0,1.0,1,1.0,1,8,Afternoon,0.5,1,0,4,3
1.02446,52.18561,2,1,2,7,70,0.0,,1.0,2,2.0,2,4,Afternoon,0.5,1,0,4,4
-0.07676,51.50189,2,1,2,3,20,13.0,4.0,4.0,1,2.0,1,12,Morning,0.5,1,0,4,1
-3.05544,53.80839,2,1,7,6,30,0.0,,1.0,1,1.0,1,7,Afternoon,0.5,1,0,4,1
-2.57988,53.41407,2,1,7,6,30,0.0,,1.0,1,1.0,1,11,Afternoon,0.5,0,1,1,0
-1.68961,53.9019,2,1,7,6,30,13.0,4.0,1.0,1,2.0,1,1,Morning,0.5,1,0,1,1
-0.5736,53.03792,1,1,5,6,60,0.0,,1.0,1,4.0,2,1,Afternoon,1.0,0,0,2,0
-2.60748,51.45056,2,1,3,6,30,0.0,2.0,1.0,1,1.0,1,5,Afternoon,0.5,1,0,4,3
-0.05493,51.5471,1,1,4,9,20,16.0,4.0,1.0,1,1.0,1,9,Evening,1.0,1,0,4,4
-3.37758,56.31149,2,1,6,3,70,0.0,,1.0,1,1.0,2,9,Afternoon,0.5,0,1,6,0
0.56157,51.86921,2,1,7,6,30,0.0,,1.0,1,1.0,1,6,Morning,0.5,1,0,1,1
-0.37818,53.73372,4,1,3,6,30,13.0,4.0,1.0,1,1.0,1,7,Afternoon,0.25,1,0,1,1
-1.26492,51.77709,2,1,1,6,20,0.0,,4.0,2,2.0,1,11,Afternoon,0.5,0,0,1,0
-2.71304,53.69915,2,2,6,6,30,16.0,2.0,1.0,1,1.0,1,2,Morning,1.0,1,0,3,1
0.38899,51.60135,2,1,7,6,60,13.0,4.0,1.0,1,1.0,2,7,Morning,0.5,1,0,1,1
-3.3145,55.92675,3,2,5,3,50,0.0,,1.0,1,1.0,1,11,Morning,0.6666666666666666,1,0,4,4
-1.57107,55.02617,1,1,2,6,30,0.0,,1.0,1,1.0,1,6,Evening,1.0,0,1,1,0
-1.56979,52.38945,2,1,3,6,20,18.0,4.0,1.0,1,1.0,1,7,Morning,0.5,1,0,1,1
-3.30179,52.6659,1,1,4,6,50,13.0,4.0,6.0,7,2.0,2,12,Morning,1.0,1,0,4,3
-0.11209,51.38978,2,1,3,9,30,,4.0,4.0,9,9.0,1,1,Afternoon,0.5,1,0,4,1
-0.06386,51.47398,2,1,5,6,20,13.0,4.0,1.0,1,1.0,1,8,Morning,0.5,1,0,4,1
-0.58384,53.65351,1,2,7,6,60,0.0,,4.0,1,1.0,2,9,Evening,2.0,1,0,3,1
-1.83477,52.63762,4,1,4,3,30,16.0,4.0,1.0,2,2.0,2,9,Morning,0.25,1,0,1,1
-1.50548,52.09101,1,1,4,6,30,0.0,,1.0,1,1.0,2,3,Morning,1.0,1,0,1,1
-1.54059,53.99144,1,1,5,2,30,13.0,4.0,1.0,1,1.0,1,6,Morning,1.0,1,0,1,1
-1.95138,52.36165,3,1,7,3,70,0.0,,4.0,2,2.0,2,9,Night,0.3333333333333333,0,1,6,0
-0.15882,51.38895,2,1,4,2,20,19.0,9.0,1.0,1,2.0,1,11,Afternoon,0.5,1,0,4,2
-1.22545,53.16089,1,1,3,3,30,13.0,2.0,1.0,1,1.0,1,4,Afternoon,1.0,1,0,4,1
-1.74097,53.78712,2,1,6,6,30,,4.0,4.0,1,1.0,1,8,Evening,0.5,1,0,1,4
-1.68231,52.56175,2,2,2,6,50,13.0,4.0,1.0,1,2.0,2,10,Morning,1.0,1,0,4,1
-1.12253,51.24685,2,2,6,6,40,0.0,,1.0,1,1.0,1,5,Afternoon,1.0,0,0,4,0
-0.97343,51.40511,1,1,5,6,30,0.0,,4.0,2,2.0,2,2,Afternoon,1.0,0,0,3,0
-1.17921,52.68638,2,1,5,6,50,0.0,,6.0,1,1.0,2,8,Evening,0.5,0,1,2,0
-1.89921,53.86528,2,1,5,6,30,13.0,4.0,1.0,1,1.0,1,3,Morning,0.5,1,0,1,1
-0.09452,51.54133,1,1,7,6,20,13.0,2.0,1.0,2,2.0,1,6,Afternoon,1.0,1,0,4,1
-3.03328,53.91212,1,1,1,6,30,0.0,,1.0,1,1.0,1,6,Afternoon,1.0,1,0,1,1
-2.04432,52.48368,2,1,4,6,30,0.0,,1.0,1,1.0,1,5,Afternoon,0.5,0,1,3,0
-0.37745,51.8841,1,1,5,6,30,0.0,,4.0,1,1.0,1,10,Evening,1.0,0,1,1,0
-1.83008,52.45352,1,1,2,3,30,18.0,4.0,1.0,1,1.0,1,7,Morning,1.0,1,0,4,1
-1.31423,53.68905,2,2,2,6,30,,4.0,1.0,1,1.0,1,7,Afternoon,1.0,1,0,4,4
-1.8429,53.65829,1,1,2,6,30,13.0,4.0,1.0,2,2.0,1,4,Afternoon,1.0,1,0,1,1
-0.82017,51.27812,2,1,5,6,30,16.0,4.0,1.0,1,1.0,1,2,Afternoon,0.5,1,0,1,1
0.1024,50.77319,3,2,2,6,30,16.0,4.0,1.0,1,1.0,1,9,Afternoon,0.6666666666666666,1,0,4,1
-0.08306,51.53234,2,1,2,6,20,13.0,4.0,4.0,1,1.0,1,12,Afternoon,0.5,1,0,2,1
-0.0385,52.94645,2,3,1,6,60,0.0,,1.0,1,1.0,2,9,Afternoon,1.5,0,0,4,0
-1.60546,54.98243,1,1,6,3,30,0.0,,4.0,2,2.0,1,12,Evening,1.0,0,1,5,0
-0.84533,51.39699,1,2,6,6,30,0.0,,1.0,1,2.0,1,4,Afternoon,2.0,0,0,1,0
-0.24262,51.33664,2,6,1,6,30,0.0,,4.0,1,1.0,1,12,Evening,3.0,1,0,4,1
-4.37689,52.10131,2,1,1,6,40,19.0,4.0,1.0,2,2.0,2,12,Morning,0.5,1,0,4,1
-0.16289,51.52258,1,1,6,6,20,,9.0,1.0,1,1.0,1,9,Evening,1.0,1,0,1,1
0.67914,51.55709,2,1,5,6,30,13.0,4.0,1.0,1,1.0,1,4,Afternoon,0.5,1,0,4,1
-0.0613,51.47397,2,1,6,6,20,13.0,4.0,4.0,1,1.0,1,2,Evening,0.5,1,0,4,1
-0.07193,51.45102,2,2,6,6,20,,9.0,1.0,2,2.0,1,9,Afternoon,1.0,1,0,3,1
0.01727,51.40019,1,1,2,7,30,19.0,9.0,1.0,1,1.0,1,4,Afternoon,1.0,1,0,2,1
-0.21744,51.41027,2,1,1,6,30,0.0,,4.0,2,2.0,1,1,Afternoon,0.5,0,0,4,0
-1.5475,53.74381,2,1,2,6,20,16.0,4.0,1.0,1,1.0,1,1,Morning,0.5,1,0,1,1
-2.12173,53.56536,1,1,6,6,30,16.0,2.0,4.0,2,2.0,1,10,Evening,1.0,1,0,4,3
-0.7631,51.33547,2,1,7,6,30,13.0,4.0,1.0,1,1.0,1,6,Morning,0.5,1,0,4,1
-1.75339,53.78902,2,1,4,6,30,16.0,2.0,1.0,1,1.0,1,3,Afternoon,0.5,1,0,4,4
0.3391,50.80663,4,2,6,6,50,18.0,4.0,1.0,1,1.0,2,8,Afternoon,0.5,1,0,4,1
-0.53317,51.24463,1,1,5,6,30,0.0,,1.0,1,2.0,1,9,Afternoon,1.0,1,0,4,1
-5.05284,50.26116,2,1,6,6,20,13.0,4.0,4.0,2,2.0,1,12,Evening,0.5,1,0,1,1
-0.72305,51.98935,2,1,7,6,20,0.0,,1.0,1,1.0,1,8,Evening,0.5,0,0,1,0
-1.96742,50.74998,2,1,4,6,30,0.0,4.0,1.0,1,1.0,1,12,Morning,0.5,1,0,3,3
-0.84953,52.25602,2,2,4,6,30,16.0,4.0,1.0,1,1.0,1,6,Evening,1.0,1,0,1,1
-2.01003,52.51001,1,1,4,6,30,13.0,4.0,1.0,1,2.0,1,1,Afternoon,1.0,1,0,4,1
1.7205,52.57136,2,1,3,6,30,19.0,4.0,1.0,1,1.0,1,9,Afternoon,0.5,1,0,3,1
1.26352,52.04101,2,2,4,3,70,16.0,4.0,1.0,1,1.0,2,2,Afternoon,1.0,1,0,4,1
-0.01762,51.43324,2,1,6,3,20,16.0,2.0,1.0,1,2.0,1,3,Afternoon,0.5,1,0,4,4
-4.26353,55.8543,2,1,5,6,30,0.0,,1.0,1,1.0,1,12,Afternoon,0.5,1,0,4,4
-3.14991,53.38164,3,2,7,6,30,0.0,,1.0,1,1.0,2,7,Afternoon,0.6666666666666666,0,0,3,0
0.29485,51.43054,2,1,4,3,70,0.0,,4.0,1,2.0,2,12,Afternoon,0.5,0,1,4,0
-0.0774,51.61634,3,1,4,6,30,13.0,4.0,4.0,1,2.0,1,1,Evening,0.3333333333333333,1,0,2,1
-2.84231,51.40333,1,1,1,6,40,0.0,,1.0,1,2.0,2,6,Morning,1.0,0,0,3,0
-1.1357,51.08331,3,5,7,6,30,0.0,,4.0,1,2.0,2,1,Evening,1.6666666666666667,0,0,3,0
-0.37307,51.36886,1,1,4,6,30,0.0,,1.0,1,1.0,1,9,Afternoon,1.0,1,0,4,1
-0.22463,51.51236,2,1,4,3,20,18.0,4.0,1.0,1,1.0,1,7,Morning,0.5,1,0,4,1
-1.75341,51.57552,2,1,2,6,30,13.0,4.0,1.0,1,1.0,1,3,Afternoon,0.5,1,0,3,1
-2.15889,51.84576,4,1,3,6,30,13.0,2.0,1.0,2,2.0,1,10,Morning,0.25,1,0,1,1
-3.39521,52.15014,2,1,1,6,30,13.0,4.0,4.0,1,1.0,2,6,Night,0.5,1,0,1,1
-2.30483,52.11484,1,1,2,6,30,0.0,,1.0,2,2.0,1,7,Afternoon,1.0,1,0,1,1
-1.54505,55.12869,1,1,5,6,30,0.0,,1.0,1,1.0,1,10,Afternoon,1.0,0,1,1,0
-0.62968,52.90418,2,2,6,6,30,13.0,4.0,1.0,1,1.0,1,8,Afternoon,1.0,1,0,4,1
-1.93497,50.72863,1,1,1,6,30,13.0,4.0,1.0,1,1.0,1,4,Afternoon,1.0,1,0,3,1
-0.4398,51.89531,2,2,2,3,30,0.0,,1.0,1,1.0,1,3,Afternoon,1.0,1,0,4,1
-2.97121,55.00747,2,1,3,6,30,0.0,,1.0,1,1.0,2,3,Afternoon,0.5,1,0,4,1
-2.1353,52.58503,1,1,5,1,30,,4.0,4.0,1,1.0,1,7,Night,1.0,1,0,4,4
-0.22585,51.59907,2,1,4,2,40,,2.0,1.0,1,1.0,1,6,Evening,0.5,1,0,4,1
0.44781,51.30345,2,4,6,3,60,0.0,,1.0,1,1.0,1,6,Evening,2.0,0,1,6,0
-1.67181,54.44267,4,1,1,1,70,0.0,2.0,1.0,1,1.0,2,5,Afternoon,0.25,1,0,4,4
-0.26804,52.58225,2,1,6,6,30,13.0,4.0,1.0,1,1.0,1,6,Morning,0.5,1,0,1,1
-0.53468,53.19614,1,1,1,6,30,13.0,2.0,1.0,1,1.0,2,6,Evening,1.0,1,0,4,4
-2.38437,53.49963,2,2,6,3,70,0.0,,1.0,1,1.0,2,1,Afternoon,1.0,1,0,6,6
-1.82978,53.67273,2,2,7,3,70,0.0,,1.0,1,1.0,1,3,Morning,1.0,1,0,6,6
0.30426,50.89609,2,1,2,6,60,19.0,4.0,1.0,1,9.0,2,5,Afternoon,0.5,1,0,1,1
0.05497,51.59185,2,1,1,6,30,0.0,,4.0,1,1.0,1,12,Evening,0.5,0,0,2,0
-0.28049,53.76909,2,1,6,6,30,19.0,4.0,4.0,1,2.0,1,10,Night,0.5,1,0,1,4
-2.94896,53.84585,2,1,5,6,40,0.0,,1.0,1,2.0,1,1,Morning,0.5,1,0,3,1
0.62684,51.79063,1,1,3,6,40,0.0,,6.0,1,1.0,1,8,Night,1.0,1,0,3,1
-3.34399,58.48306,1,2,7,6,60,0.0,,1.0,4,1.0,2,4,Afternoon,2.0,1,0,4,1
1.12095,52.08153,3,1,6,6,30,0.0,,1.0,1,2.0,2,12,Morning,0.3333333333333333,0,1,4,0
-0.10504,51.54295,1,1,4,9,20,13.0,2.0,1.0,1,1.0,1,1,Afternoon,1.0,1,0,2,1
-2.92796,53.29569,1,1,4,3,70,0.0,,1.0,1,2.0,2,2,Afternoon,1.0,0,0,6,0
-0.04874,51.54178,2,1,3,2,20,13.0,2.0,1.0,2,2.0,1,5,Morning,0.5,1,0,4,4
0.43653,52.08457,2,1,3,6,30,19.0,4.0,1.0,1,1.0,1,4,Evening,0.5,1,0,1,4
-0.69366,50.85519,4,1,4,3,70,0.0,,1.0,1,1.0,2,7,Afternoon,0.25,1,0,4,3
-1.58254,52.85429,2,1,6,6,40,0.0,4.0,1.0,1,1.0,2,6,Evening,0.5,1,0,4,4
-0.09155,53.56231,2,6,2,6,30,17.0,2.0,1.0,1,2.0,1,7,Afternoon,3.0,1,0,4,4
-0.34997,53.76114,3,2,7,6,30,16.0,2.0,1.0,1,1.0,1,12,Afternoon,0.6666666666666666,1,0,4,1
1.04859,51.34433,2,1,2,6,40,0.0,,1.0,1,1.0,1,8,Evening,0.5,1,0,1,1
-1.14291,53.15277,2,1,1,6,30,13.0,4.0,1.0,1,1.0,1,9,Afternoon,0.5,1,0,1,1
-0.31638,53.75182,2,1,2,3,30,16.0,2.0,4.0,1,1.0,1,2,Evening,0.5,1,0,4,4
-1.57184,50.82199,1,1,4,6,30,13.0,4.0,1.0,2,2.0,2,9,Afternoon,1.0,1,0,4,1
-1.79055,53.66917,2,1,2,6,30,0.0,,1.0,2,2.0,1,4,Morning,0.5,1,0,1,1
-0.21081,51.51496,2,1,5,1,20,0.0,4.0,1.0,1,1.0,1,8,Afternoon,0.5,1,0,2,2
-1.97845,50.73355,2,1,4,6,30,13.0,4.0,1.0,1,1.0,1,6,Afternoon,0.5,1,0,4,1
-1.48459,53.35619,2,1,5,6,30,0.0,,1.0,1,1.0,1,7,Afternoon,0.5,1,0,4,1
-1.8442,51.59371,2,1,1,6,60,0.0,,1.0,1,1.0,2,4,Afternoon,0.5,0,0,3,0
-1.78153,52.43513,2,1,6,3,30,17.0,2.0,1.0,2,2.0,1,7,Evening,0.5,1,0,3,1
0.7923,51.43829,1,1,4,6,40,0.0,,4.0,1,1.0,2,1,Evening,1.0,1,0,1,1
-0.34172,52.8713,1,1,2,6,30,13.0,4.0,4.0,1,2.0,2,11,Afternoon,1.0,1,0,3,1
-0.41739,51.90827,1,1,4,6,60,13.0,4.0,1.0,1,1.0,1,4,Morning,1.0,1,0,1,1
0.83537,52.5693,2,1,5,6,30,13.0,4.0,1.0,1,1.0,2,9,Afternoon,0.5,1,0,1,1
-2.81837,54.77604,1,1,4,6,60,0.0,,1.0,1,2.0,2,3,Evening,1.0,0,1,1,0
-0.90516,51.30529,2,1,3,6,30,13.0,4.0,1.0,1,1.0,2,4,Afternoon,0.5,1,0,3,1
-0.2855,53.77681,2,1,2,6,30,13.0,4.0,1.0,1,2.0,1,9,Afternoon,0.5,1,0,1,3
0.33909,51.42881,1,1,2,6,20,0.0,,1.0,1,1.0,1,6,Afternoon,1.0,1,0,1,1
-2.54567,53.19206,5,1,6,6,30,0.0,,1.0,1,1.0,1,5,Morning,0.2,0,0,3,0
-1.90703,53.87618,2,2,6,3,70,,2.0,1.0,8,1.0,1,9,Morning,1.0,1,0,4,4
-1.64816,54.97781,1,1,4,6,20,19.0,4.0,1.0,1,2.0,1,10,Morning,1.0,1,0,1,1
-0.48426,53.30605,2,2,7,6,30,13.0,4.0,1.0,9,1.0,2,9,Morning,1.0,1,0,2,2
-1.73076,53.83311,2,1,4,6,30,0.0,,1.0,1,1.0,1,10,Afternoon,0.5,0,1,1,0
0.50569,51.56312,3,1,7,1,30,0.0,,1.0,1,1.0,2,8,Afternoon,0.3333333333333333,1,0,4,4
-0.28316,51.66788,2,1,7,6,30,0.0,,1.0,1,2.0,1,3,Afternoon,0.5,1,0,1,1
-0.01097,51.52735,2,1,6,7,30,0.0,2.0,4.0,1,2.0,1,9,Evening,0.5,1,0,4,1
1.72333,52.60736,2,2,3,3,30,19.0,2.0,1.0,1,1.0,1,6,Afternoon,1.0,1,0,3,1
-0.36259,51.42275,2,1,6,6,20,13.0,4.0,4.0,9,1.0,1,11,Evening,0.5,1,0,2,2
-1.74322,53.79312,2,3,5,6,40,13.0,2.0,1.0,2,2.0,1,2,Afternoon,1.5,1,0,4,4
-0.87921,52.24323,2,1,7,2,30,16.0,4.0,1.0,1,1.0,1,4,Evening,0.5,1,0,1,1
-1.62208,53.79175,2,1,3,6,30,16.0,2.0,4.0,1,1.0,1,10,Evening,0.5,1,0,1,1
-3.67885,50.43038,1,1,3,6,30,0.0,,1.0,1,1.0,2,3,Morning,1.0,1,0,1,1
-2.89082,53.4058,2,3,2,6,30,16.0,2.0,1.0,2,2.0,1,1,Morning,1.5,1,0,4,1
-1.09107,52.68133,1,1,3,6,30,0.0,,7.0,1,1.0,1,8,Evening,1.0,0,1,1,0
0.05973,51.51877,2,1,4,9,20,0.0,,1.0,1,1.0,1,7,Morning,0.5,0,0,4,0
-1.54837,53.82872,2,1,5,6,30,0.0,,1.0,1,1.0,1,5,Afternoon,0.5,1,0,1,1
-2.86566,53.17587,2,1,7,6,30,0.0,,1.0,1,1.0,1,4,Morning,0.5,0,0,3,0
1.72678,52.49347,2,1,6,6,40,0.0,,1.0,1,1.0,1,9,Morning,0.5,0,1,4,0
0.21664,52.21575,2,1,2,3,40,16.0,2.0,1.0,1,1.0,2,8,Morning,0.5,1,0,4,3
0.21413,51.98321,1,1,4,6,30,0.0,,1.0,9,1.0,2,11,Morning,1.0,1,0,3,1
-1.35397,52.52766,2,1,3,6,20,13.0,4.0,1.0,2,2.0,1,7,Morning,0.5,1,0,1,1
-3.58689,53.28495,2,1,6,6,20,13.0,4.0,1.0,1,1.0,1,1,Afternoon,0.5,1,0,4,1
1.0474,51.94596,1,1,3,6,60,0.0,,1.0,1,2.0,2,10,Afternoon,1.0,0,1,4,0
-0.13441,51.6347,2,1,1,6,30,19.0,4.0,1.0,2,2.0,1,11,Afternoon,0.5,1,0,4,1
-1.17376,50.93494,2,1,7,6,30,0.0,,1.0,1,1.0,2,5,Afternoon,0.5,0,0,1,0
-4.21103,51.02141,3,1,4,6,30,,4.0,4.0,1,1.0,1,10,Evening,0.3333333333333333,1,0,1,2
-2.11097,52.7913,1,1,1,6,20,19.0,2.0,1.0,1,2.0,1,12,Morning,1.0,1,0,1,1
-0.52082,53.10511,2,2,1,6,30,0.0,,1.0,1,1.0,2,10,Morning,1.0,0,0,1,0
-0.19885,51.89991,2,1,4,3,30,0.0,,4.0,1,,1,12,Afternoon,0.5,1,0,4,1
-0.93207,52.25102,2,2,3,6,30,13.0,4.0,4.0,1,2.0,2,3,Evening,1.0,1,0,4,1
-0.29915,51.72716,3,2,7,6,30,13.0,4.0,1.0,2,2.0,1,11,Morning,0.6666666666666666,1,0,1,1
1.27158,52.64763,2,3,3,6,30,16.0,4.0,4.0,1,1.0,1,10,Evening,1.5,1,0,1,1
-2.06813,52.68308,2,2,7,6,50,16.0,4.0,1.0,1,1.0,2,4,Morning,1.0,1,0,4,1
-0.13414,51.51006,1,1,1,2,20,17.0,2.0,4.0,1,1.0,1,6,Night,1.0,1,0,4,4
-0.03656,52.98134,2,2,1,6,30,16.0,2.0,4.0,1,2.0,1,11,Evening,1.0,1,0,1,4
-0.39185,51.5846,1,1,5,6,30,0.0,,1.0,2,2.0,1,2,Morning,1.0,0,0,2,0
-2.19004,51.39213,2,2,4,1,30,0.0,4.0,1.0,1,1.0,2,9,Morning,1.0,1,0,4,1
-2.44926,53.09531,2,1,1,6,30,0.0,,4.0,1,1.0,1,7,Night,0.5,0,0,2,0
-0.77472,52.03308,1,1,7,3,70,0.0,,1.0,2,2.0,2,7,Morning,1.0,0,0,4,0
0.32369,52.27702,1,1,7,6,30,0.0,,1.0,1,1.0,2,4,Morning,1.0,1,0,1,1
-2.24445,52.18716,1,1,4,6,30,13.0,2.0,1.0,1,1.0,1,7,Morning,1.0,1,0,4,1
-0.83827,51.26004,2,1,7,6,30,0.0,,1.0,1,1.0,1,11,Morning,0.5,0,0,1,0
-0.42687,51.87847,2,1,1,6,30,0.0,,5.0,1,1.0,1,1,Night,0.5,1,0,1,1
-1.31095,51.41386,2,1,1,6,30,13.0,4.0,1.0,1,1.0,1,6,Afternoon,0.5,1,0,3,1
-0.42761,51.49367,2,2,3,3,60,0.0,,4.0,1,2.0,1,11,Afternoon,1.0,0,0,6,0
-0.41048,51.48258,2,1,1,1,20,0.0,4.0,4.0,2,2.0,1,2,Evening,0.5,1,0,2,1
-1.83226,52.44494,1,1,7,6,30,0.0,,1.0,1,1.0,1,5,Afternoon,1.0,0,1,4,0
-1.50834,52.43984,1,1,1,6,30,19.0,4.0,1.0,2,2.0,1,9,Morning,1.0,1,0,1,1
-0.67966,54.40713,1,1,2,6,60,0.0,,1.0,1,1.0,2,7,Afternoon,1.0,0,0,4,0
-0.74395,51.24022,2,1,4,6,30,13.0,4.0,1.0,1,1.0,1,7,Morning,0.5,1,0,1,1
0.09354,51.77364,1,1,5,6,20,0.0,,1.0,1,2.0,1,11,Afternoon,1.0,0,1,1,0
-0.08442,51.37985,3,1,1,6,30,13.0,4.0,1.0,8,2.0,1,4,Evening,0.3333333333333333,1,0,4,1
-1.74818,53.79998,2,1,1,3,40,0.0,,1.0,1,1.0,1,8,Afternoon,0.5,1,0,4,1
-2.90153,54.98613,1,1,5,6,30,0.0,,1.0,1,1.0,2,6,Afternoon,1.0,1,0,1,1
-0.23475,51.58743,1,1,2,7,30,0.0,4.0,1.0,1,1.0,1,8,Afternoon,1.0,1,0,4,4
-1.42933,52.89366,2,1,7,6,30,13.0,4.0,1.0,1,1.0,1,8,Afternoon,0.5,1,0,1,1
-0.72832,52.00629,2,1,5,6,60,13.0,4.0,1.0,1,1.0,1,4,Afternoon,0.5,1,0,3,1
-0.05727,51.51772,2,1,5,6,20,13.0,4.0,1.0,2,2.0,1,12,Afternoon,0.5,1,0,2,1
-3.56083,50.44713,2,1,6,6,30,0.0,,1.0,1,1.0,1,6,Afternoon,0.5,1,0,1,1
-1.21732,54.54257,1,1,5,6,30,13.0,4.0,4.0,1,1.0,1,10,Evening,1.0,1,0,1,1
1.12073,51.09135,2,2,2,6,40,0.0,,1.0,1,1.0,2,6,Morning,1.0,0,1,4,0
-1.92296,53.87181,2,1,4,6,30,16.0,4.0,1.0,1,1.0,1,5,Evening,0.5,1,0,1,1
-2.25903,52.26729,2,1,4,6,40,19.0,4.0,1.0,1,1.0,2,8,Afternoon,0.5,1,0,4,1
-4.15245,50.36978,1,1,2,6,30,0.0,,1.0,1,1.0,1,8,Evening,1.0,0,1,4,0
-3.00794,57.62232,2,1,7,6,60,13.0,4.0,1.0,1,1.0,2,10,Morning,0.5,1,0,1,3
-1.55188,53.814,2,1,7,6,30,16.0,4.0,4.0,1,1.0,1,9,Evening,0.5,1,0,1,1
0.49099,51.73599,2,1,7,6,30,16.0,4.0,1.0,1,2.0,1,6,Afternoon,0.5,1,0,1,1
1.15496,51.8062,1,1,3,6,30,13.0,4.0,1.0,1,1.0,1,8,Afternoon,1.0,1,0,3,1
-0.80437,53.143,3,1,2,3,70,0.0,,6.0,1,1.0,2,12,Evening,0.3333333333333333,0,1,4,0
-3.00379,53.34122,2,2,4,6,30,0.0,,1.0,1,1.0,1,10,Afternoon,1.0,0,0,3,0
1.07672,51.29152,2,1,3,1,30,,4.0,1.0,2,2.0,1,12,Morning,0.5,1,0,1,1
-1.92268,52.42914,3,1,1,3,30,,4.0,4.0,8,1.0,1,5,Night,0.3333333333333333,1,0,4,1
-1.54229,53.78384,1,1,5,3,30,0.0,,1.0,1,2.0,1,3,Afternoon,1.0,1,0,4,1
-4.99902,51.93922,2,1,6,6,60,13.0,4.0,1.0,2,2.0,2,2,Afternoon,0.5,1,0,4,1
-1.49573,54.97754,2,1,3,6,30,16.0,4.0,4.0,1,2.0,1,12,Afternoon,0.5,1,0,3,1
-3.09465,53.34738,2,1,4,6,30,17.0,2.0,4.0,1,1.0,1,10,Evening,0.5,1,0,3,1
-1.8229,52.57114,1,1,6,3,30,19.0,2.0,4.0,1,1.0,1,1,Evening,1.0,1,0,4,4
0.52845,51.3821,2,5,2,3,30,19.0,4.0,1.0,1,1.0,1,4,Morning,2.5,1,0,4,1
-2.9369,54.89656,2,1,3,6,30,16.0,4.0,1.0,1,1.0,1,4,Afternoon,0.5,1,0,1,1
-1.45524,52.92585,2,1,6,6,30,13.0,4.0,1.0,1,1.0,1,8,Evening,0.5,1,0,1,1
-1.49544,55.00731,2,1,1,3,50,0.0,,1.0,1,1.0,1,8,Morning,0.5,1,0,4,4
-3.31438,55.9237,3,2,4,3,70,0.0,,1.0,1,1.0,2,8,Afternoon,0.6666666666666666,0,1,6,0
-1.58877,53.81328,1,1,7,6,20,0.0,,1.0,1,1.0,1,6,Evening,1.0,1,0,1,1
-0.02725,51.50928,2,1,2,1,20,0.0,4.0,4.0,1,1.0,1,6,Evening,0.5,1,0,1,1
-0.03949,51.63723,3,1,5,6,30,13.0,4.0,1.0,1,1.0,1,10,Morning,0.3333333333333333,1,0,1,1
-2.93312,54.8085,2,1,7,6,60,13.0,4.0,1.0,1,1.0,2,7,Afternoon,0.5,1,0,1,1
-1.71954,53.77801,1,1,3,6,30,19.0,2.0,1.0,1,1.0,1,4,Afternoon,1.0,1,0,1,1
0.06106,51.49326,2,1,4,6,20,0.0,4.0,4.0,1,1.0,1,11,Afternoon,0.5,1,0,4,4
-1.2347,52.97978,2,1,2,1,30,,4.0,1.0,1,1.0,2,9,Morning,0.5,1,0,4,4
-2.17209,52.54614,2,1,6,3,60,0.0,,1.0,1,1.0,1,9,Afternoon,0.5,1,0,4,1
-0.09972,51.5847,2,1,7,6,20,13.0,4.0,4.0,1,1.0,1,1,Evening,0.5,1,0,4,1
0.27476,52.40253,2,1,7,6,30,19.0,4.0,1.0,1,1.0,1,8,Afternoon,0.5,1,0,3,1
-1.05601,51.44065,2,1,1,1,40,0.0,4.0,1.0,1,1.0,1,3,Afternoon,0.5,1,0,4,1
-0.53979,52.35077,1,1,6,6,40,13.0,4.0,6.0,1,1.0,2,10,Evening,1.0,1,0,3,1
1.17367,52.05735,2,1,4,6,30,0.0,,1.0,1,1.0,1,6,Afternoon,0.5,1,0,1,1
-1.30855,51.55524,1,1,4,6,60,0.0,,1.0,1,4.0,2,1,Morning,1.0,0,0,1,0
-0.5479,53.39842,3,1,1,6,50,13.0,4.0,1.0,1,1.0,2,6,Afternoon,0.3333333333333333,1,0,4,1
-2.68844,51.67072,1,1,2,6,60,0.0,,1.0,1,1.0,2,5,Afternoon,1.0,0,0,4,0
-4.96747,51.80506,2,1,3,1,20,,4.0,1.0,2,2.0,1,3,Afternoon,0.5,1,0,4,4
0.27715,51.45121,1,1,3,3,40,0.0,,4.0,1,1.0,1,12,Night,1.0,0,1,4,0
-2.59457,51.4607,2,1,2,6,20,0.0,,4.0,2,2.0,1,12,Afternoon,0.5,0,0,1,0
-0.08062,51.65436,1,1,7,6,30,0.0,,4.0,8,1.0,1,9,Evening,1.0,0,0,2,0
0.09524,51.57597,2,1,7,3,40,13.0,4.0,4.0,2,2.0,1,4,Evening,0.5,1,0,4,1
-0.14018,51.50159,2,1,4,6,20,0.0,,1.0,1,1.0,1,5,Morning,0.5,0,0,2,0
-0.41044,51.4456,1,5,7,6,20,0.0,,1.0,1,1.0,1,3,Morning,5.0,0,0,4,0
-5.30917,50.0834,2,1,1,6,20,0.0,,1.0,1,1.0,2,8,Morning,0.5,0,1,1,0
-4.71356,50.67757,1,1,6,6,60,0.0,,6.0,1,1.0,2,4,Evening,1.0,1,0,3,1
-4.23023,55.82392,2,4,6,6,30,16.0,4.0,4.0,2,2.0,1,4,Night,2.0,1,0,1,1
-1.24509,53.10584,2,1,2,6,30,0.0,,1.0,2,2.0,1,4,Afternoon,0.5,1,0,1,3
-0.1811,50.90208,2,2,5,3,70,0.0,,1.0,1,2.0,2,10,Morning,1.0,1,0,4,4
-0.12759,51.52857,1,1,6,6,20,13.0,2.0,4.0,1,1.0,1,9,Evening,1.0,1,0,4,2
-0.12215,51.45093,2,2,6,6,20,13.0,4.0,1.0,1,1.0,1,8,Morning,1.0,1,0,4,1
-2.58663,53.39109,2,1,3,2,20,13.0,4.0,1.0,1,1.0,1,8,Evening,0.5,1,0,1,4
-2.53034,53.28633,1,1,1,6,40,0.0,,5.0,8,2.0,2,9,Evening,1.0,0,1,2,0
-0.34783,51.43949,2,1,7,6,20,13.0,4.0,4.0,2,2.0,1,11,Evening,0.5,1,0,4,1
-1.8725,50.81279,2,1,1,1,60,0.0,4.0,1.0,1,1.0,1,4,Morning,0.5,1,0,4,4
0.06634,52.44333,4,2,2,6,50,0.0,,1.0,1,1.0,2,6,Afternoon,0.5,1,0,4,1
0.51101,52.32527,3,1,4,3,70,13.0,4.0,1.0,1,1.0,2,7,Afternoon,0.3333333333333333,1,0,4,1
-0.2677,51.43446,1,1,7,6,20,0.0,,1.0,1,1.0,2,7,Afternoon,1.0,0,0,1,0
-2.20087,51.84913,1,1,1,3,30,0.0,,1.0,1,1.0,1,12,Afternoon,1.0,1,0,1,1
-1.28115,51.78471,1,1,6,6,20,13.0,4.0,1.0,2,2.0,1,3,Morning,1.0,1,0,1,1
-1.05148,53.96034,2,1,3,6,30,16.0,4.0,1.0,1,1.0,1,1,Afternoon,0.5,1,0,1,1
-0.33377,53.77298,2,1,2,6,30,13.0,4.0,1.0,9,1.0,1,7,Afternoon,0.5,1,0,1,1
-1.77111,51.5628,2,1,4,1,30,0.0,4.0,4.0,2,2.0,1,12,Afternoon,0.5,1,0,4,1
-0.4758,52.03133,2,1,5,6,30,13.0,4.0,1.0,1,1.0,2,3,Afternoon,0.5,1,0,1,1
1.15615,52.55954,3,2,3,6,50,13.0,4.0,1.0,1,1.0,2,6,Evening,0.6666666666666666,1,0,1,1
-3.02312,53.48235,2,1,2,6,30,13.0,4.0,1.0,1,1.0,1,10,Morning,0.5,1,0,1,1
-0.11917,51.36411,2,1,2,6,30,0.0,,1.0,1,1.0,1,4,Morning,0.5,0,0,3,0
0.43515,51.2953,1,1,1,6,30,0.0,,1.0,1,1.0,1,10,Evening,1.0,1,0,1,1
1.70307,52.41937,1,1,5,1,40,0.0,,4.0,5,2.0,2,12,Evening,1.0,0,1,4,0
0.03253,51.17239,2,1,3,6,30,0.0,,1.0,1,1.0,2,6,Morning,0.5,1,0,3,1
-2.25124,51.63593,3,5,7,6,60,0.0,,1.0,1,1.0,2,8,Afternoon,1.6666666666666667,1,0,4,1
-0.42486,51.85424,2,1,1,1,30,,,1.0,2,2.0,2,3,Morning,0.5,1,0,4,6
-0.76661,52.03218,2,2,4,1,70,0.0,4.0,1.0,1,2.0,1,10,Night,1.0,1,0,1,1
-1.42553,52.89355,2,1,4,6,30,13.0,4.0,1.0,2,1.0,1,4,Afternoon,0.5,1,0,1,1
-2.638,54.6512,3,1,2,6,60,0.0,,1.0,8,2.0,2,5,Morning,0.3333333333333333,1,0,4,4
-0.25414,51.58971,2,1,5,6,30,13.0,4.0,1.0,1,1.0,1,6,Afternoon,0.5,1,0,4,2
-5.32322,55.49874,2,2,5,6,60,18.0,4.0,1.0,9,1.0,2,8,Afternoon,1.0,1,0,1,1
-2.0549,52.56888,2,1,7,3,50,19.0,4.0,1.0,1,1.0,1,8,Afternoon,0.5,1,0,4,4
-0.36008,51.55489,2,1,6,1,20,,9.0,4.0,2,2.0,1,1,Evening,0.5,1,0,4,4
-0.38107,51.8768,2,1,4,6,30,19.0,,1.0,1,1.0,1,8,Morning,0.5,1,0,1,1
-1.53779,53.83844,2,1,3,6,30,13.0,4.0,1.0,2,2.0,1,10,Morning,0.5,1,0,1,1
-3.4398,56.2087,2,1,6,6,40,13.0,4.0,1.0,1,2.0,1,6,Afternoon,0.5,1,0,4,1
-0.37906,53.74371,2,1,5,6,30,0.0,,4.0,2,2.0,1,8,Evening,0.5,1,0,4,1
-0.01535,51.47267,1,1,4,6,20,13.0,4.0,1.0,1,1.0,1,7,Afternoon,1.0,1,0,4,4
-0.21064,51.45931,2,1,6,9,20,18.0,9.0,7.0,9,9.0,1,8,Morning,0.5,1,0,4,1
-0.10825,51.58647,2,1,3,9,20,13.0,4.0,1.0,1,1.0,1,10,Afternoon,0.5,1,0,3,1
-0.88433,51.46835,2,1,5,6,30,0.0,,1.0,1,1.0,2,4,Morning,0.5,0,0,1,0
-2.51958,53.59805,2,1,7,6,30,0.0,,1.0,1,1.0,2,5,Evening,0.5,1,0,3,1
-2.4558,52.83048,3,3,5,6,60,13.0,4.0,1.0,1,1.0,2,7,Morning,1.0,1,0,4,4
-1.13936,54.00325,2,1,7,6,60,0.0,,1.0,1,1.0,2,6,Afternoon,0.5,0,0,4,0
-0.83037,51.26247,3,1,4,6,30,13.0,4.0,1.0,1,2.0,1,11,Afternoon,0.3333333333333333,1,0,1,1
-1.94828,51.5245,3,3,6,6,60,18.0,4.0,1.0,2,2.0,2,7,Morning,1.0,1,0,4,1
-2.28773,53.45779,2,1,7,6,20,0.0,,4.0,1,1.0,1,4,Evening,0.5,1,0,4,1
-2.30147,51.33821,1,1,1,6,30,0.0,,1.0,1,1.0,2,6,Afternoon,1.0,0,0,1,0
-1.49199,52.40849,2,1,7,6,30,16.0,2.0,4.0,9,1.0,1,11,Afternoon,0.5,1,0,4,4
-1.34877,50.90359,2,1,4,6,20,13.0,4.0,1.0,1,1.0,1,4,Afternoon,0.5,1,0,1,1
-1.77128,52.6612,2,1,4,6,30,13.0,4.0,1.0,1,1.0,2,4,Afternoon,0.5,1,0,1,1
-3.02058,51.00016,2,2,5,3,70,13.0,4.0,1.0,1,2.0,2,12,Afternoon,1.0,1,0,4,4
-0.78231,51.21938,2,1,2,6,30,17.0,4.0,1.0,1,2.0,1,9,Morning,0.5,1,0,4,1
-1.8958,53.75119,1,1,4,6,20,16.0,4.0,4.0,1,1.0,1,10,Evening,1.0,1,0,1,4
-2.53654,53.7805,3,3,6,6,30,16.0,4.0,1.0,1,1.0,2,6,Afternoon,1.0,1,0,4,1
-0.21573,51.52979,2,1,3,6,30,13.0,4.0,1.0,9,9.0,1,4,Afternoon,0.5,1,0,3,3
-4.68064,55.65383,2,1,7,6,30,0.0,,1.0,1,1.0,1,5,Evening,0.5,1,0,1,1
-0.35719,51.15419,3,2,1,6,40,0.0,,1.0,1,1.0,2,5,Morning,0.6666666666666666,1,0,4,3
-0.39711,50.83416,1,1,6,6,30,0.0,,1.0,9,1.0,1,1,Afternoon,1.0,1,0,1,1
-1.15759,52.95746,3,2,6,6,30,0.0,,4.0,1,2.0,1,11,Night,0.6666666666666666,1,0,1,1
-1.0523,50.80008,2,1,5,6,20,13.0,4.0,4.0,1,2.0,1,1,Evening,0.5,1,0,1,1
-4.20657,55.86278,2,1,6,6,30,13.0,4.0,1.0,1,1.0,1,6,Morning,0.5,1,0,4,1
-1.58877,53.81874,2,1,4,6,20,0.0,,4.0,1,1.0,1,8,Night,0.5,1,0,1,1
0.54362,51.60348,3,2,4,6,30,0.0,,1.0,1,1.0,1,4,Afternoon,0.6666666666666666,1,0,1,1
0.18611,51.57775,2,3,6,3,30,0.0,2.0,1.0,1,1.0,1,7,Afternoon,1.5,1,0,2,2
-3.58459,50.44306,2,1,4,6,30,17.0,4.0,1.0,1,1.0,1,8,Afternoon,0.5,1,0,1,1
-1.58155,55.01262,1,1,6,3,30,0.0,,1.0,1,1.0,1,8,Morning,1.0,1,0,4,1
0.121,51.49189,2,2,7,6,20,0.0,,4.0,1,1.0,1,11,Evening,1.0,0,0,1,0
-1.92055,53.73736,1,1,7,6,60,0.0,,4.0,5,2.0,2,12,Evening,1.0,0,1,1,0
-1.2226,50.8674,2,1,4,3,70,0.0,,1.0,1,1.0,2,5,Morning,0.5,0,0,6,0
-3.1805,51.41714,1,1,4,6,30,0.0,,1.0,8,1.0,1,10,Morning,1.0,0,0,3,0
0.06606,51.66226,2,1,7,6,30,13.0,4.0,1.0,1,1.0,2,6,Morning,0.5,1,0,4,1
-0.76192,50.83692,2,1,7,6,20,0.0,,1.0,1,1.0,1,9,Morning,0.5,1,0,3,1
-1.98995,50.71061,1,1,2,6,30,13.0,4.0,1.0,1,1.0,1,4,Afternoon,1.0,1,0,1,1
-0.10924,51.49826,2,1,1,2,20,,2.0,1.0,1,1.0,1,9,Morning,0.5,1,0,4,4
-1.37633,54.91279,2,1,5,6,20,13.0,4.0,1.0,1,1.0,1,10,Afternoon,0.5,1,0,1,1
-0.53134,51.59833,2,1,4,3,70,0.0,,1.0,1,1.0,2,6,Afternoon,0.5,0,0,6,0
-2.00193,52.57763,1,1,5,6,30,13.0,4.0,4.0,2,2.0,1,12,Afternoon,1.0,1,0,1,1
-1.38329,52.87143,2,3,7,3,70,0.0,,1.0,1,1.0,2,6,Morning,1.5,0,0,4,0
-3.98963,51.00088,2,1,7,6,60,19.0,4.0,1.0,1,1.0,2,5,Afternoon,0.5,1,0,4,3
-0.06055,53.5702,2,1,1,6,30,16.0,4.0,4.0,1,1.0,1,1,Afternoon,0.5,1,0,1,1
-2.49865,53.08441,2,1,7,9,20,19.0,4.0,1.0,1,1.0,2,7,Afternoon,0.5,1,0,1,4
-1.88857,52.4267,2,1,2,6,30,17.0,4.0,1.0,1,1.0,1,1,Morning,0.5,1,0,4,1
-2.10849,53.33491,1,1,6,6,30,13.0,4.0,7.0,1,2.0,2,11,Afternoon,1.0,1,0,1,1
0.03155,51.43145,2,1,2,6,20,16.0,2.0,4.0,1,1.0,1,9,Evening,0.5,1,0,3,2
-2.63872,53.69241,1,1,7,6,40,0.0,,1.0,1,1.0,1,5,Morning,1.0,1,0,4,1
-3.26569,52.53163,2,1,2,6,60,0.0,,6.0,2,2.0,2,10,Evening,0.5,1,0,3,1
-3.05203,53.38179,2,2,2,6,30,16.0,2.0,1.0,1,1.0,1,9,Afternoon,1.0,1,0,3,1
0.05701,52.12053,2,2,4,6,50,0.0,,7.0,1,1.0,2,10,Evening,1.0,1,0,4,1
0.28923,50.7688,2,3,7,6,30,19.0,4.0,1.0,1,1.0,1,3,Afternoon,1.5,1,0,4,1
-5.07141,50.17963,1,1,3,6,20,18.0,4.0,1.0,2,2.0,2,7,Morning,1.0,1,0,1,1
-1.78007,53.64706,2,4,6,2,20,16.0,2.0,4.0,1,2.0,1,11,Night,2.0,1,0,1,1
-3.47413,53.31463,2,1,2,6,20,13.0,1.0,4.0,1,2.0,1,11,Afternoon,0.5,1,0,4,1
-3.63669,50.76576,2,1,4,6,60,0.0,,1.0,1,1.0,2,1,Morning,0.5,1,0,1,1
1.35325,52.76755,1,2,6,6,60,0.0,,6.0,8,1.0,2,11,Evening,2.0,1,0,1,1
-2.02425,52.68933,2,2,5,6,30,13.0,4.0,4.0,1,1.0,1,1,Evening,1.0,1,0,4,1
-0.39897,51.55618,2,1,6,6,30,13.0,4.0,1.0,2,2.0,1,8,Evening,0.5,1,0,2,1
-2.69792,53.77993,1,1,3,6,30,19.0,4.0,1.0,1,1.0,1,10,Morning,1.0,1,0,1,1
-1.89563,52.99081,1,1,7,6,30,0.0,,1.0,1,1.0,2,10,Morning,1.0,1,0,1,1
-0.09294,51.50143,2,1,7,9,20,16.0,2.0,4.0,1,1.0,1,9,Night,0.5,1,0,4,4
-1.79816,52.29031,2,1,5,6,60,13.0,4.0,1.0,1,1.0,2,6,Afternoon,0.5,1,0,4,1
-0.98533,51.14146,2,1,3,6,30,13.0,4.0,1.0,1,1.0,1,8,Evening,0.5,1,0,4,1
-2.13706,57.18523,2,1,3,3,30,0.0,,1.0,1,1.0,2,12,Morning,0.5,1,0,4,4
-1.3917,53.40555,2,2,7,3,70,0.0,,1.0,1,2.0,1,1,Afternoon,1.0,0,1,6,0
-0.35669,51.40655,1,1,5,6,30,13.0,4.0,7.0,9,1.0,1,5,Evening,1.0,1,0,1,1
-0.31147,51.52788,2,1,7,3,40,0.0,,1.0,1,1.0,1,6,Morning,0.5,0,0,1,0
-1.61269,54.9794,2,2,7,3,30,,2.0,1.0,1,1.0,1,11,Morning,1.0,1,0,3,3
1.39117,51.3833,1,1,1,6,30,0.0,,1.0,1,1.0,1,8,Evening,1.0,1,0,1,1
-2.6513,51.87667,1,1,6,6,60,0.0,,1.0,1,2.0,2,12,Morning,1.0,1,0,4,1
-1.42915,50.92216,2,1,2,6,30,0.0,,1.0,1,1.0,1,1,Morning,0.5,0,0,1,0
-0.56326,51.31949,1,2,5,6,30,16.0,2.0,1.0,1,1.0,1,8,Night,2.0,1,0,4,4
-2.04512,52.49634,4,1,3,6,30,0.0,,4.0,1,2.0,1,12,Afternoon,0.25,1,0,1,1
0.30435,51.44736,1,1,1,6,30,0.0,,1.0,4,1.0,1,11,Afternoon,1.0,1,0,1,1
-2.65548,51.89192,2,1,7,6,60,16.0,4.0,1.0,1,2.0,2,11,Morning,0.5,1,0,4,1
-0.27969,51.41302,2,1,3,6,30,16.0,2.0,1.0,1,9.0,1,7,Morning,0.5,1,0,1,4
-0.10069,51.59951,2,1,4,9,20,13.0,4.0,1.0,9,9.0,1,6,Evening,0.5,1,0,4,2
-1.78689,53.78513,2,1,2,6,30,,4.0,1.0,2,2.0,1,10,Afternoon,0.5,1,0,1,1
-1.81267,53.72542,2,1,2,6,30,16.0,2.0,4.0,2,2.0,1,1,Afternoon,0.5,1,0,4,4
-2.2943,53.40173,2,1,4,6,20,13.0,4.0,1.0,1,1.0,1,8,Evening,0.5,1,0,1,1
-2.58219,51.47983,2,1,4,6,20,0.0,,1.0,1,1.0,1,10,Afternoon,0.5,0,0,1,0
-2.19457,53.4816,2,1,6,7,30,0.0,,1.0,1,1.0,1,9,Morning,0.5,1,0,4,4
-1.72178,53.73286,2,1,3,1,40,,2.0,1.0,1,1.0,1,4,Afternoon,0.5,1,0,4,1
0.14348,51.45453,2,1,6,9,30,0.0,,4.0,1,1.0,1,10,Evening,0.5,0,0,2,0
-1.62336,53.31694,1,1,5,6,60,0.0,,1.0,7,1.0,2,9,Afternoon,1.0,0,0,4,0
-1.81186,50.74139,2,1,3,6,30,13.0,4.0,1.0,2,2.0,1,4,Afternoon,0.5,1,0,4,1
-0.23637,51.54256,1,2,3,2,30,16.0,4.0,1.0,1,1.0,1,6,Morning,2.0,1,0,4,1
1.16903,52.05674,2,2,5,6,30,16.0,2.0,1.0,1,1.0,1,2,Afternoon,1.0,1,0,3,1
-0.12483,51.76355,1,2,2,6,60,0.0,,1.0,1,1.0,2,4,Afternoon,2.0,1,0,1,1
0.01063,51.51694,3,1,6,6,30,19.0,4.0,1.0,1,1.0,1,8,Evening,0.3333333333333333,1,0,4,1
-1.14054,53.55177,2,2,5,6,30,16.0,4.0,1.0,8,1.0,1,7,Morning,1.0,1,0,1,1
-0.57992,53.20291,1,1,7,6,40,13.0,2.0,1.0,1,1.0,1,3,Afternoon,1.0,1,0,3,1
-3.05726,50.9816,1,1,4,6,30,13.0,4.0,1.0,1,1.0,2,10,Morning,1.0,1,0,1,1
-0.99253,50.93636,2,1,2,3,70,0.0,,1.0,1,1.0,2,6,Evening,0.5,0,0,4,0
-2.77393,53.4141,2,1,6,6,30,0.0,,1.0,1,1.0,1,6,Afternoon,0.5,0,0,1,0
-1.14249,52.61245,1,1,1,6,30,0.0,,1.0,1,1.0,1,6,Evening,1.0,0,1,4,0
-0.00513,51.56074,4,1,2,2,20,0.0,,1.0,1,1.0,1,7,Morning,0.25,0,0,1,0
-2.06021,52.58911,3,1,2,6,30,17.0,4.0,1.0,1,1.0,1,8,Afternoon,0.3333333333333333,1,0,1,1
0.54331,51.36953,2,1,4,6,30,13.0,4.0,7.0,9,1.0,1,1,Afternoon,0.5,1,0,1,1
-3.06315,54.21706,1,1,3,6,50,0.0,,1.0,2,2.0,2,6,Afternoon,1.0,1,0,4,4
0.06872,52.55788,3,1,1,6,30,13.0,,1.0,2,2.0,1,12,Afternoon,0.3333333333333333,1,0,3,1
-1.73877,54.97523,2,1,5,6,40,0.0,,1.0,1,1.0,1,12,Morning,0.5,0,1,2,0
-1.5713,53.71689,1,1,6,6,20,13.0,4.0,4.0,8,2.0,1,11,Night,1.0,1,0,1,1
-1.3106,52.87677,2,1,1,3,50,0.0,,1.0,1,1.0,2,8,Morning,0.5,0,0,6,0
0.13624,51.13419,3,2,3,6,60,0.0,,1.0,8,1.0,2,8,Afternoon,0.6666666666666666,1,0,4,1
-0.17161,51.47012,2,1,4,6,30,16.0,2.0,4.0,1,1.0,1,1,Evening,0.5,1,0,4,2
-1.15946,52.98738,2,1,6,1,30,,4.0,1.0,9,,1,2,Afternoon,0.5,1,0,4,4
-1.85881,52.49021,1,1,3,2,30,0.0,,1.0,1,1.0,1,11,Morning,1.0,0,1,1,0
-2.21398,52.19571,2,3,5,6,30,13.0,2.0,4.0,1,1.0,1,2,Night,1.5,1,0,3,3
-0.01671,51.46477,2,1,4,6,20,19.0,2.0,1.0,1,1.0,1,9,Afternoon,0.5,1,0,4,1
-0.476,53.02996,2,1,3,6,60,0.0,,1.0,1,1.0,2,7,Morning,0.5,0,0,2,0
-1.64776,54.9823,1,1,7,6,30,13.0,4.0,4.0,1,1.0,1,10,Evening,1.0,1,0,1,1
-2.11378,52.98694,3,1,1,6,30,0.0,,1.0,1,1.0,1,4,Afternoon,0.3333333333333333,1,0,1,1
-1.81162,53.78083,1,1,5,6,30,13.0,4.0,1.0,1,1.0,1,5,Afternoon,1.0,1,0,1,1
-0.82519,51.3245,2,1,3,6,50,13.0,4.0,1.0,1,2.0,2,2,Morning,0.5,1,0,1,1
-2.94392,51.22602,1,4,2,6,60,19.0,4.0,6.0,1,2.0,2,5,Night,4.0,1,0,1,1
-0.11299,51.37109,2,1,5,3,30,19.0,4.0,1.0,4,2.0,1,3,Afternoon,0.5,1,0,2,1
-1.82482,52.49739,2,1,7,3,30,16.0,2.0,1.0,1,1.0,1,2,Afternoon,0.5,1,0,4,1
-0.96105,51.43354,1,1,6,6,30,0.0,,1.0,1,1.0,1,7,Morning,1.0,0,0,1,0
-1.60763,53.83151,3,2,4,6,30,0.0,,4.0,1,2.0,1,4,Evening,0.6666666666666666,1,0,1,1
0.19713,50.84344,1,1,6,6,60,0.0,,1.0,1,4.0,2,11,Morning,1.0,0,1,1,0
-3.37605,53.33936,3,2,4,6,20,13.0,4.0,1.0,1,1.0,2,4,Afternoon,0.6666666666666666,1,0,4,1
-1.82046,52.42074,2,3,3,6,30,16.0,2.0,1.0,1,1.0,1,6,Afternoon,1.5,1,0,3,1
-0.07899,51.65218,2,1,1,2,20,13.0,4.0,1.0,1,1.0,1,4,Afternoon,0.5,1,0,4,1
-3.20673,55.94951,1,1,6,6,20,0.0,,1.0,8,1.0,1,2,Afternoon,1.0,1,0,4,1
-1.35683,50.99731,2,1,4,6,40,0.0,4.0,1.0,1,1.0,2,1,Afternoon,0.5,1,0,1,1
-0.13536,51.50994,1,1,1,6,20,17.0,2.0,4.0,1,1.0,1,12,Evening,1.0,1,0,4,4
-1.63312,53.81419,1,1,7,6,30,17.0,4.0,4.0,1,1.0,1,11,Evening,1.0,1,0,4,1
-1.99145,52.39338,2,2,3,3,30,13.0,2.0,4.0,1,1.0,1,9,Evening,1.0,1,0,3,1
-3.03699,55.87222,2,1,1,6,30,0.0,,1.0,1,1.0,1,9,Afternoon,0.5,1,0,1,1
-1.61971,52.82071,1,1,6,6,30,13.0,4.0,1.0,1,1.0,1,7,Afternoon,1.0,1,0,1,1
-7.33835,57.41757,1,1,6,6,40,13.0,4.0,4.0,1,2.0,2,4,Evening,1.0,1,0,4,3
-1.5037,53.41132,2,1,2,6,30,16.0,1.0,1.0,1,1.0,1,6,Afternoon,0.5,1,0,4,1
-0.18575,51.36844,1,1,6,6,20,,9.0,1.0,1,1.0,1,1,Afternoon,1.0,1,0,1,1
0.16333,51.29819,2,1,6,3,60,0.0,,1.0,1,1.0,1,4,Morning,0.5,0,1,6,0
-0.13112,51.50991,2,1,1,2,20,13.0,4.0,4.0,1,1.0,1,8,Evening,0.5,1,0,1,1
-2.32078,53.70128,2,3,1,6,30,13.0,4.0,1.0,1,1.0,1,4,Afternoon,1.5,1,0,4,1
-3.59839,50.416,1,1,1,6,60,0.0,,6.0,1,2.0,2,12,Afternoon,1.0,1,0,1,1
-5.19988,50.29173,2,2,7,6,60,0.0,,7.0,2,2.0,2,2,Night,1.0,1,0,1,1
-2.23784,51.86428,1,1,5,3,40,0.0,,1.0,1,1.0,1,6,Afternoon,1.0,1,0,4,4
-1.78801,53.78826,1,1,6,6,30,0.0,,1.0,1,1.0,1,6,Afternoon,1.0,0,1,1,0
-0.20458,51.53466,2,1,7,6,30,17.0,2.0,1.0,8,1.0,1,11,Afternoon,0.5,1,0,3,2
-2.23749,53.50147,1,1,7,6,30,0.0,,1.0,1,2.0,1,10,Afternoon,1.0,1,0,1,1
-2.35262,53.3994,1,2,7,6,30,17.0,2.0,4.0,1,1.0,1,10,Evening,2.0,1,0,1,4
-1.52261,50.94627,3,2,3,3,70,0.0,4.0,1.0,1,1.0,2,5,Afternoon,0.6666666666666666,1,0,6,4
-1.25083,52.9364,2,1,5,1,30,,4.0,4.0,2,2.0,1,2,Evening,0.5,1,0,4,4
-0.16799,51.1165,2,1,1,6,30,13.0,4.0,4.0,1,1.0,1,12,Evening,0.5,1,0,1,1
-0.2617,52.59887,2,1,5,1,40,,2.0,1.0,1,1.0,1,4,Evening,0.5,1,0,4,4
-4.57606,50.44185,2,4,1,6,50,16.0,4.0,1.0,1,1.0,2,9,Evening,2.0,1,0,4,1
-0.04502,51.66359,2,1,5,6,30,18.0,4.0,1.0,1,1.0,1,4,Evening,0.5,1,0,4,1
-0.6968,51.3302,2,2,6,6,50,0.0,,1.0,1,1.0,2,6,Afternoon,1.0,1,0,3,1
-2.89345,51.29605,3,2,2,3,70,0.0,,1.0,1,1.0,2,4,Morning,0.6666666666666666,0,0,6,0
-0.39654,51.46038,2,1,5,6,30,13.0,2.0,1.0,8,1.0,1,5,Evening,0.5,1,0,4,1
-0.21687,51.46069,2,1,6,6,20,16.0,2.0,1.0,1,1.0,1,6,Evening,0.5,1,0,4,4
-2.94039,53.29814,2,2,7,6,40,13.0,4.0,6.0,1,2.0,2,2,Afternoon,1.0,1,0,1,1
-0.15209,51.4208,2,1,3,6,20,13.0,4.0,1.0,1,1.0,1,11,Morning,0.5,1,0,2,1
-4.18311,55.61119,1,1,2,6,60,16.0,2.0,1.0,2,2.0,2,4,Afternoon,1.0,1,0,4,4
1.74133,52.46009,1,1,7,6,-1,0.0,,4.0,1,1.0,1,11,Night,1.0,0,1,1,0
-1.13967,52.32334,1,1,2,3,70,0.0,,1.0,1,1.0,2,1,Morning,1.0,0,1,6,0
-0.09969,51.53035,2,1,4,6,20,13.0,4.0,1.0,1,1.0,1,3,Morning,0.5,1,0,4,1
-1.38524,54.043,3,2,4,6,60,13.0,4.0,1.0,1,1.0,2,5,Morning,0.6666666666666666,1,0,4,1
-2.39704,50.89359,1,1,1,6,60,0.0,,1.0,1,1.0,2,8,Morning,1.0,0,0,2,0
-2.81429,53.40374,2,1,2,6,30,0.0,,1.0,1,1.0,1,2,Afternoon,0.5,0,0,4,0
-1.77128,53.78939,3,1,6,6,20,19.0,4.0,1.0,1,1.0,1,6,Afternoon,0.3333333333333333,1,0,1,1
-0.10375,51.56515,1,1,6,9,30,13.0,2.0,1.0,1,1.0,1,7,Morning,1.0,1,0,4,1
-0.03392,51.45946,2,1,3,6,30,13.0,4.0,4.0,1,1.0,1,10,Evening,0.5,1,0,3,1
-0.13198,51.47493,3,1,3,6,20,16.0,4.0,1.0,1,1.0,1,4,Morning,0.3333333333333333,1,0,4,1
-1.42027,52.53697,2,1,3,6,40,13.0,2.0,4.0,1,1.0,1,2,Evening,0.5,1,0,4,4
-0.22515,51.58999,1,1,3,6,30,19.0,4.0,4.0,1,2.0,1,12,Afternoon,1.0,1,0,4,1
-1.34573,50.7026,3,1,2,6,60,16.0,4.0,1.0,1,1.0,2,4,Afternoon,0.3333333333333333,1,0,4,1
-2.7411,53.45568,1,1,3,6,30,13.0,4.0,1.0,1,1.0,1,1,Afternoon,1.0,1,0,1,1
0.74717,52.04818,1,1,7,1,30,,4.0,1.0,2,2.0,1,12,Afternoon,1.0,1,0,3,1
-0.13437,50.82697,2,1,6,6,20,13.0,4.0,1.0,1,1.0,1,5,Evening,0.5,1,0,1,4
-2.67059,53.3179,2,1,4,6,30,0.0,,1.0,1,1.0,1,9,Morning,0.5,0,1,1,0
-0.0314,51.6115,1,1,7,6,20,17.0,2.0,4.0,2,2.0,1,10,Night,1.0,1,0,4,4
-0.12186,51.59867,1,1,5,9,30,0.0,4.0,1.0,9,9.0,1,2,Morning,1.0,1,0,2,2
-0.28343,51.47475,4,2,3,6,20,0.0,,1.0,1,1.0,1,8,Morning,0.5,0,0,1,0
-0.07292,51.57601,2,1,6,6,20,17.0,4.0,1.0,1,2.0,1,5,Evening,0.5,1,0,4,1
-3.73216,55.97507,2,2,6,6,60,0.0,,1.0,1,1.0,1,5,Morning,1.0,1,0,1,1
-0.11163,51.48167,2,1,6,6,30,0.0,,1.0,1,1.0,1,4,Afternoon,0.5,0,0,4,0
-0.27876,53.76976,2,1,6,3,30,13.0,4.0,1.0,1,1.0,1,7,Morning,0.5,1,0,4,1
-3.25887,51.76148,1,1,1,6,60,0.0,,1.0,1,1.0,2,3,Morning,1.0,0,0,3,0
-2.91582,53.54908,1,1,6,1,60,,4.0,1.0,1,1.0,2,4,Morning,1.0,1,0,4,1
-0.83807,52.25379,2,1,1,6,30,19.0,2.0,4.0,1,1.0,1,2,Night,0.5,1,0,4,4
-2.91852,53.20738,2,1,7,6,20,0.0,,1.0,1,1.0,1,10,Afternoon,0.5,0,1,2,0
-2.03981,52.80095,1,1,3,6,60,0.0,,1.0,1,2.0,2,4,Morning,1.0,0,1,1,0
-4.07074,52.10659,2,2,6,6,30,0.0,,1.0,1,1.0,2,5,Afternoon,1.0,0,1,4,0
-4.67268,55.61108,1,1,2,6,30,0.0,,1.0,1,1.0,1,8,Afternoon,1.0,1,0,1,1
-0.98808,51.18438,2,1,4,6,60,16.0,3.0,1.0,1,2.0,2,10,Morning,0.5,1,0,3,1
-0.00052,51.53904,1,2,1,3,20,0.0,,4.0,1,1.0,1,2,Night,2.0,0,0,4,0
-0.11498,51.56028,2,1,1,9,20,16.0,2.0,1.0,1,1.0,1,9,Evening,0.5,1,0,4,4
-1.19867,53.09462,2,1,5,6,60,0.0,,1.0,1,1.0,2,5,Morning,0.5,0,1,3,0
-0.07708,51.53117,2,1,4,6,20,13.0,4.0,1.0,1,1.0,1,5,Morning,0.5,1,0,4,1
-0.72558,51.08802,3,1,3,6,30,17.0,4.0,1.0,1,1.0,1,6,Evening,0.3333333333333333,1,0,3,1
-0.16694,51.51396,2,1,5,6,20,0.0,,1.0,1,1.0,1,1,Morning,0.5,0,0,1,0
-3.7707,51.5854,2,1,6,6,30,16.0,2.0,1.0,1,1.0,1,3,Afternoon,0.5,1,0,4,1
-0.38344,53.76199,1,1,4,6,30,16.0,2.0,1.0,1,2.0,1,8,Morning,1.0,1,0,1,1
-0.22974,51.51661,4,1,6,6,20,0.0,,1.0,1,1.0,1,11,Morning,0.25,0,0,2,0
-1.38496,52.42609,1,1,3,6,50,0.0,,6.0,1,2.0,2,12,Evening,1.0,0,1,3,0
-1.42601,54.92244,1,1,3,6,30,13.0,2.0,1.0,1,1.0,1,7,Afternoon,1.0,1,0,2,1
-1.21793,53.37488,2,2,6,6,40,17.0,4.0,1.0,1,1.0,1,7,Morning,1.0,1,0,3,1
-0.33451,51.66574,1,2,2,6,30,13.0,4.0,6.0,2,2.0,2,4,Evening,2.0,1,0,1,1
-1.51472,52.85574,2,1,4,6,50,13.0,4.0,1.0,1,1.0,2,10,Morning,0.5,1,0,4,2
-0.25542,51.45059,1,1,3,6,20,0.0,,1.0,1,1.0,2,7,Evening,1.0,0,0,1,0
-2.32893,53.77938,2,2,2,3,70,0.0,,1.0,1,1.0,2,7,Morning,1.0,1,0,4,4
-1.48637,53.54447,2,1,3,6,30,0.0,,1.0,2,2.0,2,4,Morning,0.5,1,0,4,1
-1.42499,53.22684,2,1,3,6,30,13.0,4.0,1.0,1,1.0,1,6,Morning,0.5,1,0,4,1
-0.07466,51.37475,2,1,7,6,30,,9.0,1.0,2,2.0,1,11,Morning,0.5,1,0,4,1
-0.39588,53.75045,2,1,2,3,40,0.0,,1.0,1,1.0,1,7,Morning,0.5,1,0,1,1
-1.35933,53.80744,1,2,1,6,40,0.0,,1.0,1,1.0,2,4,Morning,2.0,0,1,3,0
-1.78185,52.33717,2,1,6,3,70,0.0,,6.0,1,1.0,2,11,Afternoon,0.5,0,1,6,0
-0.7384,51.25841,2,1,3,6,30,13.0,4.0,1.0,1,1.0,2,9,Morning,0.5,1,0,1,1
-2.86274,53.01047,1,1,1,6,60,0.0,,1.0,1,1.0,2,3,Afternoon,1.0,0,0,3,0
-0.49291,51.3707,2,1,6,6,30,16.0,2.0,4.0,1,1.0,1,5,Evening,0.5,1,0,1,4
-1.8842,53.30683,1,1,2,6,50,13.0,1.0,6.0,3,3.0,2,11,Evening,1.0,1,0,4,1
-2.17799,53.0078,2,1,5,6,30,0.0,,1.0,1,1.0,1,8,Afternoon,0.5,1,0,4,1
-1.66676,54.98637,2,1,3,6,30,16.0,2.0,1.0,2,2.0,1,9,Afternoon,0.5,1,0,1,1
-0.83046,51.26622,2,1,4,6,30,13.0,4.0,4.0,2,2.0,1,2,Afternoon,0.5,1,0,3,1
0.3218,51.63987,2,2,5,3,70,0.0,,1.0,1,1.0,2,6,Afternoon,1.0,0,1,4,0
-0.40324,51.56309,1,1,4,6,30,13.0,4.0,1.0,1,2.0,1,10,Morning,1.0,1,0,2,1
0.61895,51.34935,2,3,6,6,60,0.0,,1.0,1,2.0,2,12,Afternoon,1.5,0,1,1,0
-0.10286,51.42974,2,1,3,2,20,13.0,4.0,1.0,1,1.0,1,4,Morning,0.5,1,0,2,1
-0.16818,51.42785,2,1,2,6,20,16.0,2.0,1.0,1,1.0,1,9,Afternoon,0.5,1,0,4,4
-0.16829,51.1266,2,2,3,1,30,,4.0,1.0,8,1.0,1,9,Afternoon,1.0,1,0,4,1
-1.74113,55.51213,2,3,7,3,70,13.0,4.0,1.0,1,1.0,2,3,Afternoon,1.5,1,0,4,1
0.45186,51.56845,2,1,7,6,30,0.0,,1.0,1,1.0,1,5,Evening,0.5,1,0,4,4
-0.05713,51.56128,1,1,3,6,20,13.0,4.0,1.0,1,1.0,1,11,Afternoon,1.0,1,0,4,1
-2.76339,51.59497,1,1,2,3,50,0.0,,6.0,5,2.0,2,7,Evening,1.0,0,0,6,0
-0.17343,51.4952,2,1,2,6,20,16.0,2.0,1.0,1,1.0,1,8,Afternoon,0.5,1,0,4,2
0.55721,51.39462,1,1,4,3,40,0.0,,1.0,1,1.0,1,1,Afternoon,1.0,1,0,4,1
-1.01465,51.3079,2,2,7,6,60,0.0,,1.0,1,1.0,2,8,Afternoon,1.0,0,0,1,0
-2.931,53.03507,2,1,7,1,30,0.0,4.0,1.0,8,1.0,2,2,Morning,0.5,1,0,1,1
-1.89532,52.48134,1,1,2,6,30,16.0,2.0,4.0,1,1.0,1,11,Afternoon,1.0,1,0,1,1
0.17027,52.23269,2,1,6,3,70,0.0,,1.0,1,1.0,2,6,Evening,0.5,0,1,4,0
-1.43021,55.00306,2,1,6,6,30,0.0,,1.0,1,1.0,1,11,Afternoon,0.5,1,0,1,1
-0.26912,53.77317,2,1,1,1,30,,4.0,4.0,1,1.0,1,2,Afternoon,0.5,1,0,4,3
-1.41336,53.41098,2,1,4,3,30,0.0,,4.0,1,4.0,1,11,Afternoon,0.5,1,0,1,1
-0.14157,51.53766,2,1,2,2,20,0.0,,1.0,1,1.0,1,8,Afternoon,0.5,0,0,4,0
-4.01117,51.86635,1,1,2,6,60,0.0,,1.0,1,1.0,2,8,Afternoon,1.0,1,0,4,1
-1.54121,53.8049,1,3,5,6,40,0.0,,1.0,1,1.0,1,10,Afternoon,3.0,1,0,1,1
-0.21626,51.47377,2,1,2,3,20,16.0,4.0,1.0,9,1.0,1,6,Morning,0.5,1,0,1,1
0.46786,51.7732,2,1,6,6,20,13.0,,1.0,1,1.0,1,8,Afternoon,0.5,1,0,1,1
-2.02954,50.7385,1,1,3,6,30,0.0,,1.0,1,1.0,1,11,Morning,1.0,0,0,3,0
-3.22957,55.96916,1,1,3,6,20,0.0,,4.0,1,4.0,1,12,Evening,1.0,1,0,4,4
-1.08243,53.96682,2,1,4,6,30,13.0,4.0,1.0,1,1.0,1,9,Afternoon,0.5,1,0,3,1
-1.92635,50.73247,1,1,5,6,20,13.0,4.0,1.0,1,1.0,1,2,Morning,1.0,1,0,1,1
-1.25632,51.74648,2,1,7,6,20,0.0,,1.0,1,1.0,1,8,Evening,0.5,0,0,4,0
-1.47136,53.37777,1,1,3,6,20,0.0,,1.0,8,2.0,1,9,Morning,1.0,0,1,4,0
0.28729,51.5206,2,1,7,6,30,0.0,,1.0,1,1.0,2,1,Morning,0.5,1,0,1,1
-0.57656,50.80815,3,1,7,6,40,0.0,,1.0,1,1.0,2,8,Evening,0.3333333333333333,0,1,4,0
0.56812,52.74477,1,1,3,6,20,0.0,,1.0,9,,2,1,Morning,1.0,1,0,1,3
-2.13305,52.85881,1,1,3,3,60,0.0,,1.0,1,1.0,2,12,Afternoon,1.0,1,0,4,1
-0.30098,51.60707,4,1,6,6,30,17.0,2.0,4.0,1,1.0,1,9,Evening,0.25,1,0,4,3
-0.12512,51.41601,2,1,2,9,20,16.0,4.0,1.0,1,1.0,1,7,Evening,0.5,1,0,1,4
-2.24436,53.02938,1,1,6,1,30,,4.0,1.0,1,2.0,1,11,Morning,1.0,1,0,1,1
0.47986,50.9522,2,1,4,6,30,13.0,4.0,1.0,1,1.0,2,8,Morning,0.5,1,0,1,1
-4.31194,51.85761,2,1,5,6,20,16.0,2.0,4.0,1,1.0,1,10,Evening,0.5,1,0,1,1
0.52339,51.38352,2,1,7,6,20,0.0,,1.0,1,1.0,1,9,Afternoon,0.5,1,0,1,1
-1.12703,52.95226,1,1,3,6,30,0.0,,1.0,1,1.0,1,4,Afternoon,1.0,1,0,1,1
-4.239,51.71517,1,1,6,6,20,18.0,4.0,1.0,1,1.0,2,9,Evening,1.0,1,0,1,1
-2.16486,52.56792,2,2,7,1,30,,1.0,1.0,1,1.0,1,5,Afternoon,1.0,1,0,1,1
-1.78768,52.37943,2,2,3,7,40,,2.0,1.0,1,1.0,2,6,Evening,1.0,1,0,4,1
-2.15064,53.52208,2,1,4,3,70,0.0,,1.0,1,1.0,1,3,Afternoon,0.5,1,0,6,6
-0.4032,51.67381,2,1,2,6,20,16.0,2.0,1.0,1,2.0,1,10,Afternoon,0.5,1,0,1,1
-0.09593,51.47983,1,1,6,6,20,13.0,4.0,4.0,1,1.0,1,7,Evening,1.0,1,0,1,1
-0.91512,52.23998,2,1,6,3,30,13.0,2.0,1.0,1,1.0,1,1,Morning,0.5,1,0,4,4
-1.50203,52.91716,2,1,3,6,40,0.0,,1.0,1,1.0,1,10,Night,0.5,1,0,4,1
-0.22021,51.55128,1,1,6,2,30,0.0,,1.0,1,1.0,1,2,Afternoon,1.0,0,0,1,0
-0.75168,51.6281,2,1,6,3,30,0.0,,1.0,1,1.0,1,8,Afternoon,0.5,0,0,4,0
-0.05654,51.43997,2,1,7,6,20,0.0,,1.0,1,1.0,1,9,Afternoon,0.5,0,0,4,0
-1.72984,52.4468,2,1,4,1,30,,4.0,1.0,1,1.0,2,1,Afternoon,0.5,1,0,3,3
-0.30435,51.40369,2,1,7,6,20,0.0,,1.0,1,1.0,1,3,Afternoon,0.5,0,0,4,0
-0.21182,51.59126,2,1,5,3,30,17.0,2.0,4.0,2,2.0,1,1,Evening,0.5,1,0,4,4
0.1483,51.48426,1,1,1,1,20,0.0,4.0,1.0,9,1.0,1,5,Evening,1.0,1,0,4,2
-0.44614,54.34391,1,3,3,6,60,13.0,4.0,1.0,1,2.0,2,11,Afternoon,3.0,1,0,1,1
0.28177,51.53917,2,1,1,3,70,0.0,,4.0,9,1.0,2,9,Evening,0.5,0,0,6,0
0.01736,51.48723,2,1,6,1,20,0.0,2.0,1.0,1,1.0,1,5,Morning,0.5,1,0,4,4
-0.76603,51.40212,2,1,6,3,40,0.0,,1.0,1,1.0,1,2,Afternoon,0.5,0,0,1,0
-0.64547,51.29359,2,1,7,6,30,16.0,4.0,1.0,1,1.0,1,5,Afternoon,0.5,1,0,4,1
-1.40324,50.91665,2,1,7,6,30,13.0,4.0,1.0,1,1.0,1,8,Morning,0.5,1,0,1,4
-2.37539,50.75496,1,1,7,6,60,0.0,,6.0,1,1.0,2,5,Evening,1.0,0,0,3,0
-1.63093,53.5252,1,1,6,6,30,19.0,1.0,1.0,1,1.0,1,9,Afternoon,1.0,1,0,1,1
-0.49083,51.92422,3,1,7,1,40,,,4.0,1,2.0,2,1,Evening,0.3333333333333333,1,0,3,1
-0.04145,51.55768,1,1,5,6,20,13.0,4.0,1.0,1,2.0,1,9,Morning,1.0,1,0,1,1
-2.1061,52.50272,2,1,5,3,40,0.0,,1.0,1,1.0,1,10,Afternoon,0.5,1,0,4,4
-2.62179,51.44765,1,1,5,2,20,13.0,4.0,1.0,1,1.0,1,6,Afternoon,1.0,1,0,4,1
-1.24389,51.75018,2,1,5,1,20,0.0,4.0,1.0,9,1.0,1,5,Morning,0.5,1,0,4,4
-0.70092,51.37619,2,1,4,1,50,0.0,4.0,1.0,1,1.0,2,11,Evening,0.5,1,0,4,4
-3.54456,50.47038,2,1,4,6,30,16.0,4.0,1.0,1,1.0,1,7,Afternoon,0.5,1,0,4,1
-0.74743,51.40359,2,1,5,6,40,13.0,4.0,1.0,1,1.0,1,7,Morning,0.5,1,0,4,1
-0.87383,54.09978,2,1,6,3,60,0.0,,1.0,1,1.0,2,2,Morning,0.5,0,0,4,0
-0.76971,54.14955,2,1,5,3,70,0.0,4.0,6.0,1,1.0,2,5,Evening,0.5,1,0,4,4
-1.66371,51.26656,3,3,2,6,60,13.0,4.0,1.0,1,2.0,2,4,Afternoon,1.0,1,0,4,4
-2.26758,57.07864,3,9,7,6,60,0.0,,1.0,1,2.0,2,2,Afternoon,3.0,1,0,3,1
-3.71094,56.00637,2,1,6,6,30,13.0,4.0,1.0,1,1.0,1,7,Evening,0.5,1,0,1,1
-1.10988,53.81125,2,1,5,6,30,0.0,,1.0,1,1.0,2,4,Afternoon,0.5,0,0,2,0
0.2816,50.77465,2,1,3,6,30,19.0,4.0,1.0,1,1.0,1,7,Afternoon,0.5,1,0,1,1
-0.37707,51.5427,2,1,4,6,40,0.0,4.0,4.0,9,9.0,1,4,Night,0.5,1,0,4,4
-1.5361,52.2936,1,1,5,6,30,13.0,2.0,1.0,1,1.0,1,10,Afternoon,1.0,1,0,3,1
-0.16955,51.40785,2,1,5,3,20,17.0,4.0,4.0,1,2.0,1,1,Evening,0.5,1,0,4,1
-3.17037,51.46447,2,1,5,6,20,13.0,2.0,1.0,8,1.0,1,4,Afternoon,0.5,1,0,1,4
-1.26422,51.77549,2,1,2,6,20,13.0,4.0,1.0,1,1.0,1,11,Morning,0.5,1,0,4,1
-2.86335,53.4236,2,1,4,3,30,16.0,4.0,1.0,1,1.0,1,3,Morning,0.5,1,0,1,1
-1.02972,51.15496,1,1,6,6,60,13.0,4.0,6.0,1,2.0,2,9,Evening,1.0,1,0,1,1
-0.28712,51.51025,3,1,6,6,20,13.0,2.0,1.0,1,1.0,1,6,Morning,0.3333333333333333,1,0,4,1
-2.97643,56.45948,1,1,7,3,30,0.0,,1.0,4,1.0,1,4,Afternoon,1.0,1,0,4,1
-1.75816,51.59559,1,1,6,3,70,0.0,,1.0,5,2.0,2,9,Morning,1.0,0,0,4,0
-4.16835,50.37655,2,1,7,6,30,19.0,4.0,1.0,1,2.0,1,3,Morning,0.5,1,0,1,1
-2.972,55.00871,1,1,5,6,30,16.0,1.0,1.0,2,2.0,2,4,Afternoon,1.0,1,0,4,1
-1.95874,52.48672,2,1,2,6,30,0.0,,1.0,1,1.0,1,1,Afternoon,0.5,0,1,4,0
-1.40407,50.91929,2,1,4,6,30,0.0,,1.0,1,1.0,1,3,Morning,0.5,0,0,4,0
-0.50876,51.38827,2,1,3,3,30,16.0,2.0,1.0,4,1.0,1,4,Afternoon,0.5,1,0,4,1
-0.21694,51.51878,2,1,5,1,20,0.0,4.0,1.0,2,2.0,1,2,Morning,0.5,1,0,3,2
-1.62858,52.80705,2,1,3,6,30,0.0,,1.0,1,2.0,1,6,Afternoon,0.5,1,0,4,1
-1.26767,52.36252,3,1,3,6,30,13.0,2.0,1.0,1,1.0,1,7,Afternoon,0.3333333333333333,1,0,4,1
0.46926,51.73464,2,1,3,6,30,0.0,,4.0,1,1.0,1,12,Afternoon,0.5,1,0,4,1
-0.10469,51.3453,2,1,3,6,30,0.0,,1.0,1,1.0,1,5,Morning,0.5,0,0,4,0
-0.28693,53.77665,2,1,2,6,20,0.0,,1.0,1,1.0,1,9,Afternoon,0.5,1,0,1,3
-0.19057,51.46827,2,1,6,6,20,16.0,4.0,4.0,8,2.0,1,12,Evening,0.5,1,0,4,1
-0.07384,51.39737,1,1,5,2,20,13.0,4.0,4.0,2,2.0,1,12,Evening,1.0,1,0,1,1
0.04199,51.63857,1,1,6,6,30,0.0,,4.0,1,1.0,1,3,Evening,1.0,1,0,4,1
0.04547,51.61895,1,1,4,6,30,19.0,4.0,1.0,1,1.0,1,6,Morning,1.0,1,0,1,1
0.633,50.9426,1,1,7,6,60,0.0,,1.0,1,1.0,2,5,Morning,1.0,1,0,3,1
-1.83288,52.5301,1,1,7,6,30,0.0,,1.0,5,2.0,1,12,Afternoon,1.0,1,0,4,1
-1.062,52.60199,1,1,2,6,30,0.0,,1.0,1,1.0,1,7,Morning,1.0,0,1,1,0
-5.01313,54.87077,1,1,5,6,60,0.0,,6.0,1,2.0,2,12,Morning,1.0,1,0,4,1
-1.12104,53.89,1,1,2,6,60,18.0,4.0,1.0,1,2.0,2,10,Afternoon,1.0,1,0,1,1
-0.11362,51.55383,2,1,7,3,20,0.0,,4.0,1,1.0,1,11,Afternoon,0.5,0,0,4,0
-2.44916,53.54425,2,2,1,1,40,,2.0,1.0,1,1.0,1,3,Morning,1.0,1,0,4,6
-0.09345,51.39454,2,1,4,6,30,13.0,4.0,1.0,1,1.0,1,7,Morning,0.5,1,0,4,2
-2.88948,53.80685,1,2,4,3,70,0.0,,1.0,2,2.0,2,5,Afternoon,2.0,0,1,6,0
-0.0703,51.53597,2,2,5,6,20,13.0,4.0,4.0,1,1.0,1,10,Evening,1.0,1,0,3,1
-0.61347,51.51258,2,1,2,6,30,16.0,4.0,1.0,2,2.0,1,11,Afternoon,0.5,1,0,1,1
-4.77074,50.59457,2,1,2,6,60,16.0,3.0,1.0,1,1.0,2,8,Morning,0.5,1,0,3,1
-1.53553,54.91348,2,1,5,6,30,0.0,,4.0,1,1.0,1,1,Morning,0.5,1,0,1,1
-0.0716,51.58569,1,1,7,6,20,0.0,,1.0,1,1.0,1,10,Morning,1.0,0,0,4,0
0.12881,52.49936,2,1,3,6,50,16.0,4.0,1.0,1,1.0,2,8,Afternoon,0.5,1,0,3,3
-1.31663,50.89367,2,1,2,6,60,13.0,4.0,1.0,1,2.0,2,7,Morning,0.5,1,0,1,1
-2.08076,52.60824,2,1,3,3,30,0.0,,1.0,2,2.0,1,11,Morning,0.5,0,1,1,0
0.02473,51.59629,4,1,2,3,50,0.0,,4.0,1,1.0,1,6,Evening,0.25,0,0,4,0
-0.17672,51.63576,1,1,3,3,30,13.0,4.0,1.0,1,1.0,1,6,Evening,1.0,1,0,1,4
-2.33092,51.22931,1,1,3,6,30,0.0,,1.0,1,1.0,1,2,Morning,1.0,0,0,1,0
-2.43865,51.27003,1,1,2,6,30,13.0,3.0,1.0,1,1.0,2,8,Morning,1.0,1,0,3,1
-2.54361,51.36503,1,1,6,6,30,0.0,,6.0,2,2.0,2,8,Evening,1.0,0,0,1,0
-0.01943,51.74695,1,1,7,3,30,0.0,,1.0,1,1.0,1,11,Afternoon,1.0,1,0,4,1
0.0596,51.52033,2,1,6,7,30,0.0,2.0,1.0,1,1.0,1,7,Afternoon,0.5,1,0,4,4
-0.09501,51.56197,1,1,4,6,20,13.0,4.0,4.0,1,2.0,1,11,Evening,1.0,1,0,2,1
-4.08096,50.38661,2,1,5,7,70,0.0,,1.0,1,1.0,2,1,Afternoon,0.5,0,1,4,0
-1.01759,51.12407,2,1,2,3,60,0.0,,1.0,1,2.0,2,1,Morning,0.5,0,0,4,0
-1.90653,50.81818,2,1,4,1,60,0.0,4.0,1.0,1,1.0,2,8,Morning,0.5,1,0,4,4
-3.80293,56.04458,2,1,6,3,70,0.0,,1.0,1,1.0,2,5,Morning,0.5,0,1,6,0
-1.56228,53.77542,2,1,6,6,30,13.0,4.0,1.0,1,1.0,1,6,Evening,0.5,1,0,1,1
-3.54079,50.55462,1,1,1,6,30,0.0,,1.0,1,1.0,2,8,Afternoon,1.0,1,0,1,1
-3.0237,51.56132,2,1,4,6,20,13.0,4.0,7.0,2,2.0,1,12,Evening,0.5,1,0,1,1
1.12717,52.04223,1,1,5,6,30,0.0,,4.0,1,1.0,1,3,Evening,1.0,1,0,1,1
-0.62267,52.03591,1,1,1,6,50,0.0,,6.0,1,1.0,2,4,Night,1.0,1,0,1,1
-0.72365,51.99595,1,1,2,6,30,0.0,,6.0,2,2.0,1,11,Afternoon,1.0,0,0,1,0
-4.06619,52.411,1,1,4,6,20,,4.0,1.0,1,1.0,1,5,Morning,1.0,1,0,4,1
1.1456,52.0507,2,1,3,6,30,0.0,,4.0,1,2.0,1,10,Afternoon,0.5,1,0,3,1
-0.01682,51.29736,2,3,5,6,60,13.0,4.0,6.0,2,2.0,2,4,Evening,1.5,1,0,3,1
-2.71747,53.75386,3,3,7,6,30,0.0,,4.0,1,1.0,2,11,Afternoon,1.0,1,0,3,1
-0.87561,52.24214,4,1,4,6,30,13.0,4.0,1.0,1,1.0,1,5,Afternoon,0.25,1,0,4,1
-1.48611,53.72783,1,1,7,3,70,0.0,,6.0,1,1.0,2,9,Night,1.0,0,1,6,0
-2.40498,51.81769,1,2,6,6,60,0.0,,6.0,1,1.0,2,5,Evening,2.0,1,0,1,1
-1.77839,52.41516,2,1,5,3,30,16.0,2.0,1.0,1,1.0,1,8,Afternoon,0.5,1,0,3,1
-0.22844,53.56304,2,1,4,6,60,0.0,,6.0,8,4.0,2,1,Evening,0.5,0,0,4,0
-2.52335,53.58407,2,1,6,1,30,,4.0,1.0,1,1.0,1,4,Morning,0.5,1,0,4,4
-0.11415,51.46452,1,1,1,3,20,17.0,2.0,1.0,1,1.0,1,2,Afternoon,1.0,1,0,2,4
-2.09641,52.50966,5,1,6,6,30,18.0,4.0,1.0,1,1.0,1,5,Afternoon,0.2,1,0,1,1
-2.57485,50.94505,1,1,1,3,70,0.0,,1.0,1,1.0,2,3,Afternoon,1.0,0,0,4,0
-2.06746,52.47557,2,1,4,6,30,13.0,4.0,1.0,1,1.0,1,5,Morning,0.5,1,0,1,1
-1.62844,52.25487,3,3,1,3,70,0.0,,1.0,1,1.0,2,8,Evening,1.0,0,1,4,0
-4.27028,55.86854,1,1,1,6,30,0.0,,4.0,1,1.0,1,6,Evening,1.0,1,0,4,1
-1.0538,50.82269,1,1,5,6,30,0.0,,1.0,3,2.0,1,11,Morning,1.0,0,0,1,0
0.44823,51.74078,2,1,6,6,30,13.0,1.0,1.0,1,1.0,1,5,Morning,0.5,1,0,4,1
0.06483,51.20667,2,1,6,6,30,0.0,,4.0,1,2.0,2,12,Afternoon,0.5,1,0,1,1
-1.25677,53.48853,3,1,2,6,30,19.0,4.0,1.0,1,1.0,1,12,Morning,0.3333333333333333,1,0,1,1
-3.45451,51.40733,2,1,6,6,20,0.0,,4.0,1,1.0,1,10,Morning,0.5,0,0,1,0
-0.75999,51.33495,2,1,5,6,30,13.0,4.0,1.0,1,1.0,1,10,Morning,0.5,1,0,3,1
-2.74691,53.71751,2,1,4,6,60,0.0,,1.0,1,1.0,1,3,Afternoon,0.5,1,0,1,1
-0.87169,52.25554,2,1,2,6,30,0.0,,6.0,1,1.0,1,12,Afternoon,0.5,0,1,1,0
-1.85146,52.48899,2,1,3,6,30,17.0,2.0,1.0,1,1.0,1,5,Evening,0.5,1,0,1,3
0.13031,51.55125,2,1,6,1,30,0.0,4.0,1.0,1,1.0,1,6,Afternoon,0.5,1,0,4,2
-1.83578,51.41242,2,2,4,6,60,13.0,4.0,1.0,1,1.0,2,9,Afternoon,1.0,1,0,4,2
-1.87018,52.4886,2,5,3,6,30,16.0,4.0,4.0,1,1.0,1,10,Night,2.5,1,0,1,1
0.5798,51.70137,2,2,3,6,30,13.0,4.0,1.0,4,2.0,2,1,Afternoon,1.0,1,0,1,1
-1.9953,52.62337,2,1,4,6,30,0.0,,1.0,2,2.0,1,10,Morning,0.5,1,0,1,1
-2.38675,53.75521,2,1,2,6,30,,4.0,1.0,1,1.0,1,10,Afternoon,0.5,1,0,4,1
-0.13406,50.83167,1,1,4,7,30,17.0,4.0,1.0,1,1.0,1,9,Afternoon,1.0,1,0,4,4
-0.14979,51.44619,2,1,7,9,20,13.0,4.0,1.0,9,1.0,1,2,Afternoon,0.5,1,0,4,1
-4.35479,55.81071,2,1,3,3,40,13.0,2.0,1.0,1,1.0,1,6,Morning,0.5,1,0,4,1
-1.05815,53.83395,2,2,4,6,30,13.0,4.0,4.0,1,1.0,2,11,Afternoon,1.0,1,0,1,1
-2.25753,51.33049,2,1,3,6,60,16.0,4.0,1.0,1,1.0,2,3,Afternoon,0.5,1,0,3,1
-2.0471,52.46296,4,3,6,6,30,0.0,,4.0,1,1.0,1,1,Night,0.75,0,1,4,0
-2.61452,53.43021,2,1,4,6,40,13.0,4.0,1.0,1,1.0,2,6,Afternoon,0.5,1,0,2,2
-1.14892,52.55487,1,1,4,6,30,13.0,4.0,1.0,1,1.0,2,1,Morning,1.0,1,0,1,1
-1.32678,54.58197,1,1,5,6,30,16.0,2.0,1.0,1,1.0,1,12,Morning,1.0,1,0,4,1
-1.49764,52.88793,2,1,4,6,30,13.0,4.0,1.0,2,2.0,1,9,Afternoon,0.5,1,0,1,1
-2.07265,50.73359,2,1,2,6,60,13.0,4.0,1.0,1,1.0,2,6,Morning,0.5,1,0,4,1
-2.62337,51.44754,2,1,6,3,40,0.0,,1.0,2,2.0,2,2,Afternoon,0.5,0,0,4,0
-1.27725,53.49335,2,1,1,6,30,18.0,4.0,1.0,1,1.0,1,6,Afternoon,0.5,1,0,4,1
-2.7396,53.45759,2,1,4,6,30,16.0,4.0,1.0,1,1.0,1,7,Evening,0.5,1,0,1,1
-0.24961,51.58839,2,1,2,6,20,,9.0,1.0,8,1.0,1,11,Afternoon,0.5,1,0,1,1
-1.49221,50.91239,1,1,1,3,50,0.0,4.0,1.0,1,1.0,1,10,Morning,1.0,1,0,4,1
0.66467,51.5975,1,1,6,6,30,0.0,,1.0,2,2.0,1,2,Afternoon,1.0,0,1,3,0
-1.27987,51.81752,2,1,5,6,20,13.0,4.0,1.0,1,1.0,1,3,Afternoon,0.5,1,0,1,1
-0.35734,53.75848,2,1,5,6,30,0.0,,1.0,1,1.0,1,6,Afternoon,0.5,1,0,1,1
-4.16665,50.38332,1,1,4,6,20,0.0,,1.0,1,1.0,1,11,Afternoon,1.0,0,1,1,0
0.68178,51.7277,5,1,5,6,30,0.0,,4.0,1,1.0,1,8,Night,0.2,1,0,1,1
-1.64716,53.91853,1,1,4,6,40,0.0,,1.0,1,1.0,2,4,Morning,1.0,0,0,1,0
-2.31849,53.41282,2,1,3,6,30,13.0,4.0,4.0,1,1.0,1,4,Night,0.5,1,0,1,1
-2.42586,50.71028,1,1,1,6,30,0.0,,4.0,1,1.0,1,4,Evening,1.0,0,0,3,0
0.12175,52.20535,1,1,7,6,20,19.0,4.0,1.0,1,1.0,1,8,Afternoon,1.0,1,0,1,1
-3.45227,51.70492,1,2,4,6,40,0.0,,6.0,1,1.0,2,1,Evening,2.0,0,0,4,0
0.32733,53.14938,2,1,6,6,30,0.0,,1.0,1,1.0,1,6,Morning,0.5,0,0,1,0
-0.43393,50.82458,2,1,4,6,20,0.0,,1.0,1,1.0,2,7,Afternoon,0.5,1,0,1,1
-1.26881,54.6384,2,1,4,3,70,0.0,,6.0,1,2.0,2,10,Evening,0.5,0,1,4,0
-0.2229,51.39173,2,1,7,6,30,0.0,,1.0,9,9.0,1,3,Morning,0.5,0,0,3,0
-1.01057,51.46084,2,1,6,6,30,13.0,4.0,1.0,1,1.0,1,8,Afternoon,0.5,1,0,4,1
-2.10067,51.90526,2,1,2,6,30,0.0,,4.0,1,1.0,1,12,Afternoon,0.5,1,0,1,1
-0.88313,52.76674,1,1,5,6,30,13.0,2.0,1.0,1,1.0,1,10,Afternoon,1.0,1,0,4,1
-0.73104,51.52836,2,1,5,6,30,0.0,,1.0,1,1.0,1,6,Afternoon,0.5,0,0,4,0
-4.19477,56.39199,2,1,1,6,60,0.0,,1.0,1,1.0,2,6,Afternoon,0.5,1,0,4,1
-3.49877,53.31546,2,1,2,6,20,13.0,4.0,1.0,1,2.0,1,1,Morning,0.5,1,0,4,1
-4.33459,55.89365,2,1,3,3,30,16.0,4.0,1.0,2,2.0,1,1,Afternoon,0.5,1,0,4,1
-0.19585,51.55711,2,2,7,3,20,19.0,2.0,1.0,1,1.0,1,10,Morning,1.0,1,0,4,3
0.47641,50.86176,1,1,1,6,30,,4.0,1.0,1,1.0,2,8,Evening,1.0,1,0,4,4
-0.13786,50.82101,2,1,1,6,20,0.0,,1.0,1,1.0,1,8,Afternoon,0.5,1,0,4,3
-0.02,50.86708,2,1,2,3,70,0.0,,1.0,1,1.0,2,2,Morning,0.5,1,0,4,4
-0.16896,51.49676,2,1,3,6,30,,9.0,1.0,1,1.0,1,7,Evening,0.5,1,0,4,1
-5.16448,50.21195,2,2,4,6,60,13.0,4.0,1.0,1,1.0,2,4,Evening,1.0,1,0,4,1
-3.66764,50.59266,2,1,7,6,30,0.0,,4.0,1,1.0,2,10,Evening,0.5,0,1,1,0
-0.0322,51.34634,2,1,7,6,40,18.0,4.0,1.0,1,1.0,2,5,Afternoon,0.5,1,0,2,1
-2.72347,53.76538,2,1,3,6,20,13.0,4.0,6.0,5,2.0,1,12,Evening,0.5,1,0,1,1
-1.45479,55.01985,3,1,5,6,30,13.0,4.0,1.0,1,1.0,1,5,Afternoon,0.3333333333333333,1,0,3,1
-0.16609,51.40921,2,1,4,6,20,,9.0,1.0,1,1.0,1,7,Afternoon,0.5,1,0,1,1
-3.17433,55.93391,2,1,5,6,20,16.0,2.0,1.0,1,1.0,1,9,Morning,0.5,1,0,4,1
0.23243,52.6097,2,1,5,6,30,17.0,4.0,1.0,1,1.0,2,3,Afternoon,0.5,1,0,4,4
-0.17037,51.52032,3,1,3,3,20,0.0,,1.0,2,2.0,1,11,Morning,0.3333333333333333,0,0,4,0
-0.15429,51.13142,2,1,6,3,70,0.0,,1.0,1,2.0,2,9,Afternoon,0.5,1,0,4,1
-3.45055,55.90161,2,1,7,6,30,13.0,4.0,1.0,1,1.0,2,6,Evening,0.5,1,0,1,1
0.8169,51.13284,2,2,7,6,40,13.0,4.0,1.0,1,1.0,2,10,Afternoon,1.0,1,0,1,4
-2.12812,52.91514,2,1,3,6,60,0.0,,6.0,1,2.0,2,10,Evening,0.5,1,0,4,1
-2.27598,53.5921,2,1,6,6,20,0.0,,1.0,2,,1,9,Night,0.5,0,1,4,0
-3.42664,54.66956,2,2,7,6,60,13.0,4.0,1.0,1,1.0,2,1,Afternoon,1.0,1,0,1,1
-2.55875,51.41511,2,1,2,6,20,13.0,4.0,4.0,1,2.0,1,2,Night,0.5,1,0,1,1
-1.50771,52.91232,2,2,7,3,40,13.0,4.0,4.0,1,2.0,1,2,Evening,1.0,1,0,4,1
1.27946,52.6391,2,1,6,7,30,,2.0,1.0,1,1.0,1,3,Morning,0.5,1,0,4,1
-1.27711,54.63484,1,1,4,3,60,0.0,,6.0,2,2.0,2,12,Evening,1.0,0,1,4,0
-1.91605,52.46122,1,1,6,3,20,0.0,,1.0,1,1.0,1,6,Morning,1.0,1,0,1,1
-0.08822,51.50615,1,1,3,3,20,13.0,2.0,1.0,1,1.0,1,8,Evening,1.0,1,0,4,4
-2.49089,51.50551,1,1,1,3,30,0.0,2.0,4.0,5,2.0,2,11,Evening,1.0,1,0,4,4
-0.66512,53.57706,2,1,6,6,30,0.0,,4.0,7,2.0,1,1,Afternoon,0.5,1,0,1,1
-0.0681,51.66955,2,1,3,9,30,,9.0,1.0,9,9.0,2,6,Afternoon,0.5,1,0,1,1
-0.48532,51.89155,2,2,7,6,30,19.0,4.0,1.0,1,1.0,1,9,Evening,1.0,1,0,1,4
-0.08233,51.51743,2,1,7,6,20,0.0,,4.0,1,1.0,1,10,Morning,0.5,1,0,1,4
-0.4121,52.99878,1,1,5,6,30,0.0,,1.0,1,1.0,1,5,Evening,1.0,1,0,1,1
-1.04664,53.88309,2,1,4,6,40,0.0,,1.0,1,1.0,2,6,Morning,0.5,0,0,4,0
1.14606,51.79505,1,1,5,6,30,13.0,4.0,1.0,9,,1,5,Afternoon,1.0,1,0,1,1
-0.13676,51.53985,2,1,7,2,20,16.0,4.0,1.0,2,2.0,1,10,Morning,0.5,1,0,4,1
1.16936,51.85947,3,1,3,6,30,13.0,4.0,1.0,1,1.0,2,2,Afternoon,0.3333333333333333,1,0,3,1
-2.11896,52.81261,2,1,5,6,30,17.0,4.0,4.0,1,1.0,1,1,Afternoon,0.5,1,0,3,1
-4.30047,52.19967,2,1,1,6,60,0.0,,1.0,1,1.0,2,4,Afternoon,0.5,0,1,4,0
-1.74263,53.80392,3,1,4,6,30,13.0,4.0,1.0,9,1.0,1,2,Afternoon,0.3333333333333333,1,0,4,1
-0.15818,51.10864,2,1,4,6,30,13.0,4.0,7.0,1,1.0,1,5,Evening,0.5,1,0,1,1
-0.29619,51.46544,2,1,4,3,30,13.0,4.0,4.0,1,1.0,1,8,Evening,0.5,1,0,4,1
-2.23958,51.84107,2,1,5,6,30,0.0,,1.0,2,2.0,1,8,Morning,0.5,1,0,1,1
-0.5563,51.76551,2,1,4,6,30,13.0,4.0,1.0,1,1.0,2,5,Evening,0.5,1,0,1,1
-0.96881,51.45497,2,1,6,6,30,16.0,4.0,4.0,1,1.0,1,10,Evening,0.5,1,0,1,1
-1.97191,53.01219,2,3,5,6,30,16.0,4.0,1.0,1,1.0,2,6,Afternoon,1.5,1,0,4,1
-2.44747,51.56687,2,1,6,6,30,13.0,4.0,7.0,1,1.0,2,8,Evening,0.5,1,0,3,1
-0.37648,51.62085,2,1,6,6,40,13.0,4.0,7.0,1,1.0,1,1,Afternoon,0.5,1,0,1,1
0.82828,51.88797,2,1,6,3,30,,4.0,1.0,1,1.0,2,4,Afternoon,0.5,0,1,1,0
-4.42558,55.84146,2,1,3,3,30,19.0,4.0,1.0,1,1.0,1,1,Morning,0.5,1,0,4,1
0.06679,51.55721,2,1,7,3,30,17.0,1.0,4.0,1,1.0,1,9,Night,0.5,1,0,4,4
-2.53844,53.47124,3,1,6,3,60,0.0,,1.0,2,2.0,2,8,Morning,0.3333333333333333,1,0,4,4
-0.68465,51.36198,3,2,6,3,50,0.0,,1.0,2,2.0,2,9,Morning,0.6666666666666666,1,0,4,1
0.00089,52.97004,2,1,4,1,30,0.0,4.0,1.0,1,1.0,1,6,Morning,0.5,1,0,1,1
-0.20667,51.491,1,1,4,3,30,0.0,,1.0,1,1.0,1,2,Afternoon,1.0,0,0,4,0
0.01587,52.23874,1,1,3,6,30,0.0,,1.0,1,1.0,2,5,Morning,1.0,0,1,1,0
-3.2271,55.9075,1,1,6,6,30,13.0,4.0,4.0,1,1.0,1,2,Evening,1.0,1,0,1,1
-1.89641,52.52144,2,1,6,3,30,13.0,2.0,4.0,1,1.0,1,11,Evening,0.5,1,0,4,1
-0.20144,51.12131,2,1,4,3,50,0.0,,1.0,1,2.0,1,10,Morning,0.5,0,1,4,0
-1.03794,53.8085,3,2,3,6,60,0.0,,1.0,1,1.0,2,8,Afternoon,0.6666666666666666,0,0,4,0
-3.44823,51.6352,2,1,6,6,20,16.0,2.0,1.0,1,2.0,1,9,Afternoon,0.5,1,0,4,3
-2.90659,53.41656,1,1,4,3,40,0.0,,4.0,2,5.0,1,12,Evening,1.0,0,0,4,0
0.00751,51.44557,2,1,5,6,20,13.0,4.0,1.0,1,1.0,1,8,Afternoon,0.5,1,0,4,1
-0.13652,50.81974,2,1,2,1,30,,4.0,4.0,1,2.0,1,12,Evening,0.5,1,0,4,4
-0.25026,51.61335,2,2,3,6,30,0.0,4.0,4.0,1,2.0,1,1,Morning,1.0,1,0,4,2
-0.09932,51.5802,2,1,2,6,20,16.0,4.0,1.0,8,1.0,1,5,Evening,0.5,1,0,4,1
-3.07528,53.4216,2,2,7,6,20,16.0,2.0,1.0,1,1.0,1,8,Morning,1.0,1,0,1,4
-0.42497,51.88209,2,1,5,6,30,19.0,4.0,1.0,1,2.0,1,9,Afternoon,0.5,1,0,4,4
-0.09832,51.54783,1,1,3,6,20,19.0,4.0,1.0,1,1.0,1,6,Evening,1.0,1,0,4,2
-0.15332,50.86786,2,1,1,3,50,0.0,,1.0,1,2.0,2,1,Morning,0.5,1,0,4,1
-2.08332,52.79345,2,2,7,6,30,19.0,4.0,1.0,1,1.0,1,11,Morning,1.0,1,0,1,1
0.85255,51.13815,1,1,4,6,30,13.0,4.0,1.0,1,1.0,1,4,Afternoon,1.0,1,0,1,1
-1.18746,53.01535,3,1,4,6,30,0.0,,4.0,1,2.0,1,1,Evening,0.3333333333333333,1,0,4,1
-0.5163,51.89757,2,2,6,6,30,0.0,,1.0,1,1.0,1,5,Evening,1.0,1,0,1,1
-1.90878,53.71317,1,1,3,6,20,13.0,4.0,1.0,3,2.0,1,11,Morning,1.0,1,0,1,1
-0.45773,52.13096,2,2,3,3,30,0.0,,4.0,1,4.0,1,1,Evening,1.0,0,1,4,0
-0.0963,51.36724,2,1,6,6,30,17.0,2.0,1.0,1,1.0,1,11,Evening,0.5,1,0,3,4
-1.68275,54.99545,2,1,3,6,30,13.0,4.0,1.0,1,1.0,1,3,Morning,0.5,1,0,1,1
-3.06361,54.38221,1,2,3,6,60,0.0,,1.0,1,1.0,2,6,Afternoon,2.0,1,0,4,1
-0.04338,51.63103,2,1,4,9,30,16.0,4.0,1.0,1,1.0,1,12,Night,0.5,1,0,3,1
-1.30562,53.54916,1,1,3,6,30,0.0,,1.0,1,1.0,1,8,Afternoon,1.0,1,0,1,1
-0.66615,53.84513,2,2,3,6,60,0.0,,1.0,1,1.0,2,4,Morning,1.0,1,0,1,1
1.13648,51.80042,1,1,1,6,30,13.0,,1.0,9,1.0,1,11,Morning,1.0,1,0,1,1
-0.93992,50.84856,2,1,2,6,30,13.0,4.0,1.0,1,1.0,1,1,Morning,0.5,1,0,1,1
-0.32559,51.55853,1,1,5,6,30,,4.0,1.0,1,1.0,1,9,Morning,1.0,1,0,4,1
0.28393,51.43326,2,2,7,6,40,0.0,,1.0,7,1.0,2,12,Afternoon,1.0,1,0,4,3
-2.79864,51.61373,2,2,4,6,60,0.0,,1.0,1,1.0,2,6,Evening,1.0,0,0,4,0
-0.30419,51.65945,2,1,5,6,30,0.0,,1.0,1,1.0,2,6,Afternoon,0.5,1,0,4,1
-0.42603,51.88338,2,1,1,3,30,13.0,4.0,1.0,1,1.0,1,5,Afternoon,0.5,1,0,4,1
-2.71885,52.05336,2,1,2,6,30,19.0,4.0,1.0,1,1.0,1,6,Afternoon,0.5,1,0,1,1
-3.34843,57.71953,2,1,1,6,60,0.0,,1.0,1,1.0,2,9,Afternoon,0.5,0,1,3,0
-1.28282,51.67009,2,1,6,2,20,13.0,4.0,1.0,1,1.0,1,9,Afternoon,0.5,1,0,4,1
-1.9272,52.64382,1,1,3,6,30,0.0,,1.0,1,1.0,1,6,Evening,1.0,0,1,1,0
0.75932,50.94638,1,2,4,6,60,0.0,,6.0,1,1.0,2,5,Evening,2.0,0,1,1,0
-2.2599,53.42031,1,1,2,3,30,19.0,1.0,4.0,2,2.0,1,9,Evening,1.0,1,0,4,1
-0.11094,51.14556,1,1,7,6,50,0.0,,1.0,1,1.0,1,7,Evening,1.0,1,0,1,1
-1.47881,53.55781,2,2,2,6,30,0.0,,1.0,1,1.0,1,11,Afternoon,1.0,1,0,4,1
-0.11419,51.57026,2,1,3,6,20,13.0,4.0,1.0,9,1.0,1,4,Afternoon,0.5,1,0,4,1
-1.67563,54.66038,1,1,7,6,30,13.0,4.0,1.0,1,1.0,1,7,Evening,1.0,1,0,1,1
-0.10519,51.46748,1,1,4,6,20,13.0,4.0,1.0,1,1.0,1,4,Morning,1.0,1,0,2,1
-1.50146,52.91729,2,1,5,3,40,13.0,4.0,4.0,1,1.0,1,11,Evening,0.5,1,0,4,1
-0.37909,51.45051,1,1,4,3,30,0.0,,1.0,2,2.0,1,5,Morning,1.0,0,0,4,0
-1.86848,53.1503,1,2,1,6,60,0.0,,1.0,1,1.0,2,6,Afternoon,2.0,0,1,3,0
-1.88656,53.74646,2,1,3,6,30,19.0,4.0,1.0,1,1.0,1,6,Evening,0.5,1,0,4,1
-0.65031,51.34376,1,1,3,1,40,,4.0,1.0,1,1.0,2,5,Afternoon,1.0,1,0,4,3
0.59517,51.3736,1,1,4,6,30,13.0,1.0,1.0,1,1.0,1,3,Afternoon,1.0,1,0,1,1
-1.53663,55.0369,2,1,7,6,30,13.0,4.0,1.0,1,1.0,2,7,Afternoon,0.5,1,0,1,1
-3.40615,55.94013,2,1,3,3,40,13.0,4.0,4.0,1,1.0,2,1,Afternoon,0.5,1,0,4,1
-0.26725,51.60032,2,1,6,6,30,,9.0,1.0,1,1.0,1,5,Afternoon,0.5,1,0,4,2
-0.0914,51.48902,2,1,2,6,20,13.0,4.0,4.0,1,1.0,1,1,Evening,0.5,1,0,1,1
-1.83873,52.47617,2,1,4,6,30,13.0,4.0,4.0,1,1.0,1,12,Afternoon,0.5,1,0,1,1
0.03771,51.53852,2,1,3,6,30,0.0,,1.0,1,1.0,1,9,Afternoon,0.5,0,0,1,0
-1.45081,54.8172,1,1,4,6,30,0.0,,1.0,1,1.0,1,7,Afternoon,1.0,1,0,4,1
-1.59554,52.6237,2,1,6,6,60,16.0,4.0,6.0,1,1.0,2,2,Evening,0.5,1,0,1,1
-1.52956,54.79292,2,1,5,7,70,0.0,,4.0,1,1.0,2,12,Afternoon,0.5,1,0,5,4
-2.22084,52.39317,2,1,7,3,40,13.0,4.0,4.0,1,1.0,2,3,Night,0.5,1,0,4,1
1.72315,52.60683,2,1,3,3,30,16.0,2.0,1.0,1,1.0,1,5,Evening,0.5,1,0,4,4
-2.19555,52.58211,2,1,6,3,30,0.0,,1.0,1,1.0,1,4,Afternoon,0.5,0,1,4,0
0.31573,51.49506,2,1,6,6,30,0.0,,1.0,1,1.0,1,2,Afternoon,0.5,1,0,4,1
-0.0471,51.51003,2,1,7,2,20,13.0,4.0,4.0,1,2.0,1,11,Evening,0.5,1,0,4,1
-0.41474,53.7359,2,1,5,6,30,0.0,,1.0,1,1.0,1,6,Evening,0.5,1,0,1,1
-2.24015,53.37122,2,1,2,6,30,16.0,2.0,4.0,2,2.0,1,12,Afternoon,0.5,1,0,3,1
-0.27062,51.47747,1,1,5,9,20,13.0,4.0,4.0,8,2.0,1,12,Evening,1.0,1,0,2,1
-2.09928,57.52006,1,3,7,6,60,0.0,,1.0,8,2.0,2,6,Evening,3.0,0,1,3,0
-0.36395,51.59026,1,2,1,9,30,19.0,2.0,1.0,1,1.0,1,6,Afternoon,2.0,1,0,4,4
0.21548,51.59124,2,1,5,3,40,0.0,,1.0,1,1.0,1,11,Afternoon,0.5,0,0,4,0
-5.30327,50.20916,2,1,1,6,30,13.0,4.0,1.0,2,2.0,1,7,Evening,0.5,1,0,3,1
0.08135,51.75241,2,1,3,6,30,19.0,4.0,1.0,1,1.0,1,4,Afternoon,0.5,1,0,4,1
-0.40573,51.50677,2,1,6,3,40,0.0,,1.0,1,1.0,1,10,Morning,0.5,0,0,4,0
-2.1705,53.12118,1,1,4,1,30,,4.0,4.0,7,1.0,1,12,Morning,1.0,1,0,4,4
-2.16751,52.91427,1,1,6,1,40,,4.0,1.0,1,1.0,2,6,Morning,1.0,1,0,1,4
-0.89224,52.25594,4,1,1,6,20,19.0,4.0,1.0,1,1.0,1,4,Evening,0.25,1,0,1,4
0.01661,51.48742,1,1,6,3,50,0.0,,1.0,2,2.0,1,9,Morning,1.0,0,0,4,0
-3.30025,51.15524,2,1,4,6,50,0.0,,6.0,1,1.0,2,9,Evening,0.5,0,0,4,0
-0.00632,51.42605,2,1,6,7,30,18.0,4.0,1.0,1,2.0,1,2,Afternoon,0.5,1,0,4,1
-0.11558,51.55996,2,1,5,2,20,13.0,4.0,1.0,1,1.0,1,5,Evening,0.5,1,0,4,1
0.01658,53.47838,2,1,7,6,60,0.0,,1.0,1,1.0,2,7,Afternoon,0.5,0,0,4,0
-4.16922,50.36935,1,1,1,6,30,13.0,4.0,1.0,1,1.0,1,9,Morning,1.0,1,0,4,1
-1.96619,53.73615,2,2,2,6,60,0.0,,1.0,1,1.0,2,9,Afternoon,1.0,1,0,1,1
-1.78568,53.80037,4,1,5,6,20,16.0,4.0,4.0,1,1.0,1,11,Evening,0.25,1,0,1,1
-0.12416,53.55084,3,1,4,6,30,,4.0,1.0,2,2.0,1,3,Afternoon,0.3333333333333333,1,0,4,4
-2.35395,52.2938,2,2,7,6,40,0.0,,1.0,1,1.0,2,3,Afternoon,1.0,1,0,4,1
-0.00462,51.46019,1,1,7,6,20,0.0,,4.0,2,2.0,1,11,Afternoon,1.0,0,0,4,0
-0.01919,51.74701,2,2,3,7,30,,4.0,1.0,1,1.0,1,8,Morning,1.0,1,0,4,1
-0.61292,51.66323,2,1,3,1,60,0.0,4.0,7.0,2,2.0,1,1,Morning,0.5,1,0,4,4
-1.47939,52.49452,2,2,1,1,70,,4.0,4.0,1,1.0,2,9,Evening,1.0,1,0,4,1
-1.70912,53.52779,2,1,7,6,60,16.0,4.0,1.0,1,1.0,2,5,Morning,0.5,1,0,4,3
-0.28641,51.52663,1,1,5,9,20,,9.0,7.0,9,9.0,1,11,Afternoon,1.0,1,0,1,1
-3.01511,54.44699,2,2,7,6,60,0.0,,1.0,1,1.0,2,7,Afternoon,1.0,0,1,4,0
-2.87796,53.42307,2,1,4,6,20,16.0,4.0,1.0,2,2.0,1,7,Afternoon,0.5,1,0,1,1
-0.21058,51.98582,2,1,4,6,30,0.0,,1.0,1,1.0,1,4,Morning,0.5,0,1,1,0
-4.24516,55.6103,1,4,1,6,60,0.0,,1.0,1,1.0,2,3,Morning,4.0,1,0,4,1
-1.47032,52.90749,2,1,1,6,30,0.0,,1.0,2,2.0,1,11,Afternoon,0.5,0,1,1,0
-1.15647,51.92126,2,1,6,6,40,13.0,4.0,1.0,2,2.0,2,3,Morning,0.5,1,0,3,1
-0.01017,51.50753,3,2,3,7,30,0.0,4.0,4.0,4,2.0,1,1,Afternoon,0.6666666666666666,1,0,4,1
-0.33801,51.56561,2,1,5,6,30,13.0,1.0,1.0,1,1.0,1,4,Afternoon,0.5,1,0,4,1
-1.53228,53.66016,2,1,4,3,70,0.0,,6.0,1,1.0,2,11,Afternoon,0.5,0,1,6,0
-1.00415,50.9076,1,1,4,1,60,0.0,4.0,6.0,1,1.0,2,9,Evening,1.0,1,0,3,1
-1.85864,52.4641,1,1,6,3,40,0.0,,1.0,1,1.0,1,4,Afternoon,1.0,0,1,4,0
-0.44392,51.77272,3,1,2,6,40,19.0,4.0,1.0,1,1.0,1,6,Morning,0.3333333333333333,1,0,3,1
-0.23801,51.979,1,1,5,6,30,0.0,,1.0,1,1.0,1,5,Afternoon,1.0,1,0,1,1
-2.83127,51.58,1,1,5,2,20,0.0,,1.0,1,1.0,2,1,Morning,1.0,0,0,1,0
-3.01209,56.46851,2,1,7,6,30,19.0,4.0,1.0,1,2.0,1,1,Morning,0.5,1,0,1,1
-1.82091,52.46651,2,1,2,6,30,13.0,4.0,1.0,1,1.0,1,4,Afternoon,0.5,1,0,1,1
-1.37676,52.62524,2,1,2,6,50,13.0,4.0,1.0,1,1.0,2,4,Morning,0.5,1,0,4,3
-2.65996,53.32926,2,1,5,6,30,0.0,,1.0,2,2.0,1,4,Morning,0.5,0,0,1,0
-1.91513,53.70672,2,1,6,6,30,16.0,4.0,4.0,1,1.0,1,8,Evening,0.5,1,0,1,1
-2.60958,53.83605,2,2,2,6,30,13.0,4.0,1.0,1,1.0,2,8,Evening,1.0,1,0,1,1
-1.82319,53.82717,1,1,2,6,20,13.0,4.0,1.0,1,1.0,1,2,Afternoon,1.0,1,0,1,1
-0.47171,51.93281,3,2,6,6,30,0.0,,1.0,1,1.0,2,6,Morning,0.6666666666666666,0,1,1,0
-0.08613,51.61616,2,1,5,1,20,0.0,2.0,4.0,2,2.0,1,3,Evening,0.5,1,0,4,4
-0.23861,51.36083,3,2,7,6,40,0.0,,4.0,1,1.0,1,3,Night,0.6666666666666666,1,0,4,1
-0.0179,51.53145,2,1,2,3,40,19.0,4.0,1.0,1,1.0,1,1,Morning,0.5,1,0,4,1
-0.13615,51.53917,2,1,6,2,30,16.0,4.0,1.0,1,1.0,1,1,Morning,0.5,1,0,4,2
-0.26401,52.61076,2,1,4,6,30,0.0,,4.0,1,1.0,1,12,Afternoon,0.5,1,0,1,1
0.25617,50.9728,3,1,2,6,30,0.0,,1.0,2,2.0,2,9,Evening,0.3333333333333333,1,0,4,1
-0.22374,51.57891,2,1,2,3,60,,9.0,4.0,1,1.0,1,7,Evening,0.5,1,0,4,1
-0.58356,51.2481,2,1,5,3,30,0.0,,1.0,1,1.0,1,9,Afternoon,0.5,1,0,1,1
-0.10447,51.50805,2,1,3,6,20,19.0,9.0,1.0,9,9.0,1,1,Morning,0.5,1,0,4,1
-3.33989,54.76204,3,1,5,6,30,0.0,,1.0,2,2.0,2,6,Afternoon,0.3333333333333333,1,0,4,1
-0.31929,51.49365,2,1,7,1,30,0.0,4.0,1.0,1,1.0,1,7,Morning,0.5,1,0,4,1
-1.56087,53.93824,2,1,7,6,60,16.0,4.0,1.0,1,1.0,2,6,Afternoon,0.5,1,0,4,1
-2.41286,52.99283,2,4,6,6,40,0.0,,6.0,1,1.0,2,2,Night,2.0,0,0,4,0
-0.11472,51.46346,2,1,1,6,20,13.0,2.0,1.0,1,1.0,1,9,Afternoon,0.5,1,0,4,3
-3.07218,51.02447,2,1,3,3,40,17.0,2.0,1.0,1,1.0,1,6,Afternoon,0.5,1,0,4,4
0.60842,50.872,2,1,4,6,30,13.0,2.0,1.0,1,1.0,1,5,Morning,0.5,1,0,4,1
-4.04051,51.67945,2,1,2,6,30,13.0,4.0,1.0,1,2.0,2,1,Morning,0.5,1,0,3,1
-2.68191,51.29289,2,1,6,6,60,16.0,4.0,1.0,1,1.0,2,9,Afternoon,0.5,1,0,3,3
-1.86782,54.50999,2,1,5,6,30,0.0,,1.0,1,1.0,2,6,Afternoon,0.5,0,1,1,0
-2.53128,51.47489,2,1,7,6,20,16.0,4.0,4.0,9,2.0,1,3,Evening,0.5,1,0,3,1
-2.0379,51.17089,1,1,3,6,60,0.0,,6.0,1,1.0,2,1,Afternoon,1.0,0,0,1,0
0.02288,52.80362,2,1,4,6,30,19.0,4.0,1.0,1,1.0,2,5,Afternoon,0.5,1,0,3,1
-3.5255,50.50609,2,1,6,6,30,13.0,4.0,1.0,1,1.0,1,2,Afternoon,0.5,1,0,4,1
-3.60221,55.06764,2,1,2,1,20,,4.0,1.0,1,1.0,1,12,Morning,0.5,1,0,4,1
-2.50868,53.39598,3,1,3,3,70,0.0,,4.0,1,1.0,2,1,Afternoon,0.3333333333333333,0,0,6,0
-0.07735,51.52332,2,1,3,9,20,16.0,2.0,5.0,1,4.0,1,1,Morning,0.5,1,0,4,4
-4.19436,50.40754,2,1,2,3,70,0.0,,1.0,1,1.0,2,6,Afternoon,0.5,0,1,4,0
1.40262,51.22199,1,1,6,6,30,13.0,4.0,1.0,1,2.0,1,5,Morning,1.0,1,0,1,1
-0.22331,51.10282,1,1,3,6,30,,4.0,1.0,1,1.0,2,9,Evening,1.0,1,0,1,4
-1.63359,54.25395,2,1,7,6,60,13.0,4.0,6.0,1,2.0,2,5,Night,0.5,1,0,3,1
0.3637,51.36707,2,2,4,6,30,0.0,,1.0,1,2.0,2,1,Morning,1.0,1,0,1,1
-3.92042,56.07884,2,1,5,1,40,,4.0,1.0,1,2.0,2,1,Afternoon,0.5,1,0,4,4
-1.4308,54.98194,1,1,2,6,30,0.0,,1.0,2,2.0,1,3,Morning,1.0,1,0,3,1
0.11815,51.44967,4,1,6,3,50,0.0,,4.0,1,1.0,1,11,Afternoon,0.25,0,0,4,0
0.05722,51.52571,2,1,3,6,20,0.0,,1.0,1,1.0,1,4,Evening,0.5,0,0,1,0
0.06638,51.51199,3,3,3,6,30,13.0,4.0,4.0,8,2.0,1,11,Afternoon,1.0,1,0,4,1
-1.47572,52.41121,1,1,6,6,30,18.0,4.0,1.0,1,1.0,1,9,Evening,1.0,1,0,4,1
-2.32467,50.69514,2,1,4,6,40,0.0,,1.0,1,1.0,2,7,Afternoon,0.5,0,0,3,0
-3.77772,56.55685,1,2,3,6,60,0.0,,6.0,1,2.0,2,11,Evening,2.0,1,0,4,1
0.29933,51.62145,1,1,2,6,30,0.0,,1.0,9,1.0,1,7,Afternoon,1.0,1,0,1,1
-2.30617,53.68876,2,1,3,3,50,0.0,,1.0,2,2.0,2,7,Morning,0.5,1,0,4,4
-0.10812,51.40616,3,1,5,2,20,13.0,4.0,1.0,1,1.0,1,11,Afternoon,0.3333333333333333,1,0,1,1
-0.29324,53.76894,3,1,4,6,30,13.0,4.0,1.0,1,1.0,1,6,Afternoon,0.3333333333333333,1,0,1,1
-0.21117,51.46842,2,1,3,3,20,13.0,4.0,1.0,1,1.0,1,9,Afternoon,0.5,1,0,4,1
-0.77662,51.30306,3,2,1,6,30,0.0,4.0,1.0,1,1.0,1,9,Afternoon,0.6666666666666666,1,0,1,1
0.01079,51.59478,2,1,5,1,20,0.0,2.0,4.0,2,2.0,2,2,Evening,0.5,1,0,4,4
-0.08529,51.55655,2,1,1,6,20,13.0,4.0,4.0,1,1.0,1,9,Afternoon,0.5,1,0,1,1
0.11559,51.56765,1,1,3,6,30,13.0,2.0,4.0,1,1.0,1,8,Night,1.0,1,0,4,1
-2.83263,53.41767,1,1,1,6,30,16.0,2.0,1.0,1,1.0,1,4,Afternoon,1.0,1,0,3,1
-0.14089,51.46265,2,1,6,2,20,0.0,,1.0,1,1.0,1,11,Afternoon,0.5,0,0,3,0
-1.77836,51.55579,2,4,6,6,30,13.0,4.0,1.0,1,1.0,1,3,Afternoon,2.0,1,0,1,1
0.16308,52.21224,2,2,2,1,30,,4.0,4.0,2,2.0,1,12,Afternoon,1.0,1,0,4,4
-1.619,53.79676,2,1,3,6,20,0.0,,1.0,1,1.0,1,2,Afternoon,0.5,1,0,1,1
0.65897,51.30784,2,1,5,6,60,16.0,4.0,1.0,1,1.0,2,6,Afternoon,0.5,1,0,1,1
-0.93844,51.00621,1,1,3,6,30,0.0,,7.0,1,1.0,1,9,Evening,1.0,0,0,1,0
-0.2786,51.58488,1,1,7,6,30,13.0,4.0,1.0,1,1.0,1,9,Afternoon,1.0,1,0,4,1
-0.16964,51.46066,2,1,6,6,20,,4.0,4.0,1,1.0,1,11,Evening,0.5,1,0,2,4
-2.50209,52.69632,3,3,4,6,30,0.0,,1.0,1,1.0,1,6,Afternoon,1.0,1,0,3,1
-1.33161,50.93367,2,4,6,6,30,0.0,4.0,4.0,2,2.0,1,12,Evening,2.0,1,0,1,1
-2.33229,53.66276,2,2,7,6,60,19.0,4.0,1.0,1,1.0,2,5,Afternoon,1.0,1,0,3,1
-0.31025,51.20548,1,1,7,6,40,19.0,4.0,1.0,1,1.0,2,5,Afternoon,1.0,1,0,1,1
-2.35125,51.38097,2,1,4,6,30,13.0,2.0,1.0,1,1.0,1,8,Afternoon,0.5,1,0,1,4
-0.06416,51.43793,2,1,6,6,20,18.0,4.0,1.0,2,2.0,1,5,Morning,0.5,1,0,2,1
-0.12133,51.51257,2,1,3,6,20,16.0,4.0,1.0,1,1.0,1,9,Morning,0.5,1,0,3,1
0.01221,51.51622,2,1,5,3,30,0.0,,1.0,1,1.0,1,4,Morning,0.5,0,0,4,0
0.77369,51.0903,2,3,7,6,60,16.0,3.0,1.0,1,1.0,2,3,Afternoon,1.5,1,0,1,1
0.24428,51.38988,2,1,1,6,30,0.0,,1.0,1,1.0,2,4,Evening,0.5,1,0,1,1
-1.85678,53.71487,2,1,5,6,20,19.0,2.0,1.0,1,1.0,1,10,Afternoon,0.5,1,0,1,1
-3.04222,56.47172,1,1,2,6,30,0.0,,4.0,2,2.0,1,4,Evening,1.0,1,0,1,1
-1.30378,53.29118,2,1,1,3,70,13.0,4.0,1.0,1,1.0,2,8,Morning,0.5,1,0,4,1
-0.73856,52.47651,3,2,7,6,60,13.0,4.0,4.0,7,2.0,2,12,Morning,0.6666666666666666,1,0,4,1
-1.10474,50.79684,2,1,7,6,30,13.0,4.0,1.0,1,1.0,1,4,Afternoon,0.5,1,0,3,1
-2.478,51.3685,2,1,6,3,60,0.0,,1.0,5,2.0,2,3,Afternoon,0.5,0,0,4,0
-1.88188,53.71793,1,1,3,6,30,0.0,,4.0,1,2.0,1,4,Evening,1.0,1,0,1,1
-0.6363,53.60704,1,1,3,6,50,0.0,,6.0,1,1.0,2,11,Evening,1.0,0,1,4,0
-1.85581,50.72437,2,1,6,6,30,0.0,4.0,6.0,1,1.0,1,5,Evening,0.5,1,0,1,1
-2.62359,51.45596,1,1,6,6,20,13.0,4.0,1.0,1,1.0,1,7,Afternoon,1.0,1,0,1,3
-3.01917,53.88783,2,1,3,6,30,0.0,,4.0,1,2.0,1,8,Night,0.5,1,0,1,1
-1.37006,52.17685,3,2,7,6,60,13.0,4.0,1.0,1,1.0,2,10,Morning,0.6666666666666666,1,0,4,1
-1.32244,53.47634,1,2,7,6,40,0.0,,1.0,1,2.0,2,12,Afternoon,2.0,1,0,3,1
0.18722,51.51134,2,1,3,3,70,0.0,4.0,1.0,1,1.0,2,11,Morning,0.5,1,0,4,1
0.04497,51.3751,1,1,7,6,30,18.0,4.0,1.0,1,1.0,1,5,Morning,1.0,1,0,4,1
-2.22146,51.74909,2,1,6,6,30,0.0,,4.0,2,2.0,2,2,Evening,0.5,1,0,4,4
-2.49381,51.82823,1,1,4,6,30,0.0,,1.0,1,1.0,1,9,Afternoon,1.0,1,0,1,1
-0.55522,51.52742,2,2,7,3,60,13.0,4.0,7.0,9,1.0,2,12,Evening,1.0,1,0,4,1
-0.97465,51.45475,3,1,6,6,30,0.0,,1.0,1,1.0,1,11,Afternoon,0.3333333333333333,0,0,1,0
-2.549,51.4735,2,1,5,6,30,13.0,4.0,1.0,1,1.0,1,3,Morning,0.5,1,0,4,1
0.49192,51.23343,2,1,7,6,30,13.0,4.0,4.0,1,2.0,2,1,Evening,0.5,1,0,3,1
-0.33543,51.23177,1,1,3,6,30,0.0,,4.0,2,2.0,1,3,Evening,1.0,1,0,4,1
0.02692,51.43957,3,1,7,3,20,13.0,4.0,1.0,1,2.0,1,5,Afternoon,0.3333333333333333,1,0,1,1
-0.56389,53.17669,2,1,1,6,40,13.0,4.0,1.0,1,1.0,2,5,Morning,0.5,1,0,2,2
-4.32306,55.77802,1,1,3,6,30,13.0,4.0,1.0,1,1.0,1,10,Afternoon,1.0,1,0,1,4
-1.46445,53.37786,1,1,5,6,30,0.0,,1.0,1,1.0,1,4,Morning,1.0,1,0,4,4
-3.2828,55.92161,2,1,6,6,20,13.0,4.0,1.0,1,1.0,1,3,Morning,0.5,1,0,1,1
-2.68524,51.07396,2,1,2,6,60,16.0,4.0,1.0,1,1.0,2,2,Afternoon,0.5,1,0,1,1
-0.2552,51.62181,2,1,6,1,20,0.0,2.0,1.0,1,1.0,1,9,Night,0.5,1,0,4,4
-1.75031,51.57114,2,1,4,6,30,0.0,2.0,1.0,1,1.0,1,3,Evening,0.5,1,0,3,3
-1.48938,53.38096,2,1,4,3,30,13.0,2.0,1.0,2,2.0,1,4,Morning,0.5,1,0,4,3
-4.76945,50.42259,4,3,5,6,60,0.0,,1.0,1,1.0,2,10,Afternoon,0.75,1,0,4,1
-0.18159,51.52833,2,1,2,3,20,18.0,2.0,1.0,4,1.0,1,4,Morning,0.5,1,0,4,1
-0.26189,51.51958,1,1,7,3,40,19.0,2.0,4.0,1,2.0,1,11,Evening,1.0,1,0,4,4
-2.09545,52.68797,2,1,4,6,50,13.0,2.0,6.0,1,2.0,2,2,Evening,0.5,1,0,4,1
-2.39114,53.74959,1,1,2,6,30,13.0,4.0,1.0,1,1.0,1,7,Morning,1.0,1,0,1,1
-4.088,51.0898,2,1,1,3,50,0.0,,1.0,1,1.0,2,3,Afternoon,0.5,0,1,4,0
-1.36276,50.97928,2,1,5,6,30,13.0,4.0,1.0,1,1.0,1,4,Morning,0.5,1,0,1,1
-4.27321,55.80094,1,1,3,6,20,18.0,4.0,1.0,8,2.0,1,3,Afternoon,1.0,1,0,1,1
0.69777,51.60359,1,1,3,6,30,0.0,,1.0,1,1.0,1,7,Afternoon,1.0,1,0,1,1
-0.24852,51.53566,1,1,6,6,20,13.0,2.0,1.0,1,1.0,1,4,Morning,1.0,1,0,4,3
-2.16434,53.46534,1,1,4,6,20,0.0,,1.0,2,2.0,1,9,Afternoon,1.0,1,0,1,1
-1.47756,51.21528,2,1,3,6,40,0.0,,1.0,1,1.0,1,9,Afternoon,0.5,0,0,4,0
-0.35032,51.59208,2,1,4,7,30,13.0,4.0,4.0,2,2.0,1,10,Afternoon,0.5,1,0,2,1
-0.23587,51.55043,2,1,7,6,20,13.0,4.0,1.0,9,9.0,1,6,Afternoon,0.5,1,0,1,1
-1.18741,51.04142,1,1,4,6,60,0.0,,5.0,2,2.0,2,12,Evening,1.0,0,0,4,0
-3.49715,50.73191,2,1,4,6,30,13.0,4.0,1.0,1,1.0,1,4,Afternoon,0.5,1,0,3,1
-3.55894,50.47363,2,1,3,6,30,0.0,,1.0,2,2.0,1,4,Afternoon,0.5,1,0,1,1
-0.80537,51.34675,2,1,6,6,30,13.0,4.0,4.0,1,1.0,1,10,Morning,0.5,1,0,4,1
-0.1626,51.54356,1,1,2,6,20,16.0,2.0,4.0,1,1.0,1,11,Evening,1.0,1,0,2,3
-3.53931,50.73044,2,1,7,6,30,0.0,,4.0,1,1.0,1,1,Evening,0.5,1,0,3,1
-1.1917,52.90285,2,1,5,6,30,13.0,4.0,1.0,1,1.0,1,10,Afternoon,0.5,1,0,1,1
-0.15898,51.54017,2,1,1,6,20,13.0,4.0,1.0,1,1.0,1,5,Afternoon,0.5,1,0,2,1
-0.12208,51.48587,1,1,6,2,20,19.0,2.0,1.0,1,1.0,1,6,Morning,1.0,1,0,4,4
0.0212,51.43204,2,1,2,9,20,0.0,,1.0,1,1.0,1,8,Evening,0.5,0,0,4,0
-1.1303,53.51562,2,1,2,1,30,,4.0,1.0,1,1.0,1,5,Morning,0.5,1,0,4,4
-0.35338,51.55502,2,1,3,6,20,13.0,4.0,1.0,1,1.0,1,2,Afternoon,0.5,1,0,1,1
-2.28096,53.78558,1,1,6,6,30,0.0,,1.0,1,1.0,1,3,Afternoon,1.0,1,0,4,1
0.02255,51.52239,2,1,3,6,30,19.0,2.0,1.0,8,2.0,1,1,Morning,0.5,1,0,4,3
-5.22878,57.5106,2,1,3,6,60,0.0,,1.0,1,1.0,2,7,Afternoon,0.5,1,0,4,1
-1.78923,53.78739,2,2,4,6,30,16.0,2.0,4.0,1,1.0,1,10,Evening,1.0,1,0,1,1
-0.11989,50.84328,2,2,4,3,30,16.0,4.0,1.0,1,1.0,1,10,Afternoon,1.0,1,0,4,1
-2.16155,53.6189,3,2,6,6,30,0.0,,1.0,1,1.0,1,6,Morning,0.6666666666666666,1,0,4,1
-0.3178,51.64042,2,1,5,3,70,0.0,,1.0,1,1.0,2,2,Morning,0.5,0,1,6,0
-0.01206,51.4635,2,1,1,6,20,17.0,2.0,1.0,1,1.0,1,7,Afternoon,0.5,1,0,4,1
-3.09658,51.77974,2,2,1,6,40,13.0,4.0,1.0,4,1.0,2,10,Afternoon,1.0,1,0,3,1
0.09266,52.57362,1,1,3,6,60,13.0,4.0,4.0,2,2.0,2,11,Evening,1.0,1,0,3,1
-0.8043,53.0898,2,1,5,6,60,0.0,,1.0,1,1.0,2,3,Afternoon,0.5,0,1,4,0
-0.1355,51.53515,3,2,5,2,30,13.0,2.0,4.0,1,1.0,1,3,Night,0.6666666666666666,1,0,4,3
-7.38868,57.47399,1,1,3,6,30,13.0,4.0,1.0,1,1.0,2,6,Morning,1.0,1,0,1,3
-1.12535,52.95167,2,1,7,6,30,0.0,,1.0,9,1.0,1,9,Morning,0.5,1,0,1,1
-2.29189,51.03839,2,1,6,6,30,17.0,4.0,1.0,1,1.0,1,5,Night,0.5,1,0,3,1
-0.41615,51.87647,1,1,1,6,30,0.0,,1.0,1,1.0,1,1,Afternoon,1.0,1,0,1,3
-1.73338,51.57712,3,2,6,3,70,0.0,2.0,1.0,1,1.0,1,8,Evening,0.6666666666666666,1,0,4,4
-0.77097,51.3332,2,1,2,6,40,0.0,,4.0,8,2.0,1,2,Evening,0.5,0,1,4,0
-1.12884,53.51762,2,1,6,6,30,0.0,,1.0,1,1.0,1,10,Afternoon,0.5,1,0,1,1
0.01985,51.60756,1,1,5,6,30,13.0,2.0,1.0,1,1.0,1,5,Afternoon,1.0,1,0,4,4
-0.19412,51.41959,1,1,6,6,20,13.0,4.0,4.0,1,2.0,1,3,Evening,1.0,1,0,4,1
-1.61671,53.48954,2,1,3,6,60,13.0,4.0,6.0,1,1.0,2,1,Afternoon,0.5,1,0,3,1
-2.51656,51.13888,1,1,3,6,60,0.0,,1.0,1,1.0,2,9,Morning,1.0,0,0,4,0
-4.7954,56.19688,1,2,2,6,60,0.0,,1.0,1,2.0,2,8,Morning,2.0,1,0,4,1
-2.93328,54.33917,1,1,2,6,30,0.0,,4.0,2,2.0,2,5,Evening,1.0,1,0,4,1
-2.025,51.4375,2,1,3,6,60,0.0,,1.0,1,1.0,2,11,Afternoon,0.5,0,0,4,0
-2.05305,53.41073,1,1,1,6,30,0.0,,1.0,1,1.0,1,11,Morning,1.0,1,0,1,1
-0.25103,51.28618,1,1,6,6,30,0.0,,6.0,1,1.0,1,11,Evening,1.0,1,0,1,1
-2.77036,55.74481,2,1,5,6,60,0.0,,1.0,1,1.0,2,6,Morning,0.5,1,0,4,1
-0.90429,52.8093,1,1,3,6,60,0.0,,1.0,1,1.0,2,3,Afternoon,1.0,0,1,1,0
-0.34783,53.74681,2,1,2,6,30,16.0,4.0,7.0,2,2.0,1,12,Evening,0.5,1,0,1,1
-0.19366,50.8312,2,1,6,6,30,16.0,4.0,1.0,1,2.0,1,3,Afternoon,0.5,1,0,1,3
-1.55494,53.80091,2,2,3,3,40,0.0,,1.0,8,2.0,1,12,Morning,1.0,1,0,5,5
0.06212,51.67521,2,1,3,1,40,,4.0,1.0,1,1.0,2,10,Morning,0.5,1,0,4,4
-2.57755,51.48124,2,1,6,6,30,13.0,4.0,1.0,1,1.0,1,12,Afternoon,0.5,1,0,3,1
-1.18237,52.99372,3,2,2,6,30,0.0,,1.0,1,1.0,1,4,Morning,0.6666666666666666,1,0,1,1
-1.58206,52.75745,2,2,1,1,30,0.0,4.0,1.0,1,2.0,2,2,Morning,1.0,1,0,4,1
-3.12806,55.86865,2,1,6,6,20,0.0,,1.0,1,1.0,1,6,Afternoon,0.5,1,0,1,1
1.23859,52.68342,2,1,1,1,30,,4.0,1.0,1,1.0,2,4,Afternoon,0.5,1,0,1,1
-2.16826,53.4841,1,1,2,6,30,13.0,4.0,1.0,1,1.0,1,3,Afternoon,1.0,1,0,1,1
-3.54557,54.64459,1,1,2,6,30,0.0,,1.0,1,1.0,1,10,Afternoon,1.0,1,0,1,1
-1.3411,53.46372,1,1,5,6,30,13.0,4.0,1.0,2,2.0,1,6,Evening,1.0,1,0,4,4
-0.13267,51.51637,1,1,2,2,20,13.0,4.0,1.0,1,1.0,1,10,Afternoon,1.0,1,0,4,1
-1.38306,54.90984,3,3,1,6,30,0.0,,1.0,1,1.0,2,6,Morning,1.0,1,0,4,1
-0.53944,50.8431,2,2,7,3,50,13.0,2.0,1.0,1,1.0,2,8,Afternoon,1.0,1,0,4,4
0.73597,50.95288,1,1,3,6,30,,4.0,1.0,1,1.0,2,12,Morning,1.0,1,0,4,4
0.01856,51.52969,2,1,4,6,20,16.0,4.0,1.0,1,1.0,1,10,Afternoon,0.5,1,0,2,1
-0.44451,50.9161,2,1,6,6,40,13.0,4.0,1.0,1,1.0,2,4,Afternoon,0.5,1,0,4,1
-0.08014,51.65678,2,1,4,6,30,16.0,2.0,1.0,1,1.0,1,5,Evening,0.5,1,0,2,2
-2.59318,51.4566,2,1,3,2,20,13.0,4.0,4.0,2,2.0,1,2,Evening,0.5,1,0,1,1
-0.13982,51.54336,2,1,7,2,30,16.0,4.0,4.0,1,1.0,1,3,Evening,0.5,1,0,4,1
-1.47633,53.82801,2,2,3,6,30,0.0,,4.0,4,4.0,1,1,Evening,1.0,1,0,1,1
-0.91401,51.69893,3,1,7,6,30,18.0,4.0,4.0,1,2.0,2,1,Evening,0.3333333333333333,1,0,4,1
-0.61214,51.50846,2,1,3,1,30,0.0,2.0,1.0,2,2.0,1,3,Morning,0.5,1,0,4,1
-0.04116,51.66983,1,1,1,6,30,0.0,,7.0,1,1.0,1,9,Night,1.0,0,0,4,0
-0.09149,51.65367,1,1,1,6,30,0.0,,1.0,1,1.0,1,8,Afternoon,1.0,0,0,4,0
0.2991,50.80989,1,2,2,6,40,16.0,2.0,1.0,1,2.0,1,12,Morning,2.0,1,0,3,1
-2.10918,53.07838,2,1,7,6,30,17.0,4.0,4.0,2,2.0,1,12,Evening,0.5,1,0,4,1
-0.19637,52.63611,2,1,1,6,60,0.0,,1.0,1,1.0,2,9,Morning,0.5,0,1,4,0
-0.77101,52.03603,1,1,7,6,30,0.0,,4.0,1,1.0,1,11,Evening,1.0,0,0,1,0
-2.01824,52.65826,2,1,5,6,30,13.0,4.0,1.0,1,1.0,1,9,Morning,0.5,1,0,1,1
-2.59583,53.40017,2,1,3,7,20,0.0,,1.0,1,1.0,1,3,Afternoon,0.5,0,0,1,0
-1.15822,52.63548,2,1,4,6,30,0.0,,1.0,1,1.0,1,9,Afternoon,0.5,0,1,2,0
-1.39527,54.07857,2,1,5,3,70,0.0,,1.0,1,1.0,2,4,Morning,0.5,0,0,5,0
-1.5638,52.25557,2,1,5,1,60,,4.0,1.0,1,1.0,2,10,Afternoon,0.5,1,0,4,4
-0.06998,51.55725,1,1,1,6,30,,4.0,1.0,9,1.0,1,2,Evening,1.0,1,0,4,1
-1.09317,53.96716,2,2,4,6,30,13.0,4.0,4.0,1,2.0,1,10,Evening,1.0,1,0,4,1
-4.46755,55.9293,1,1,7,3,70,0.0,,1.0,1,1.0,1,9,Evening,1.0,1,0,4,4
-0.58542,51.20622,1,1,1,6,40,0.0,,1.0,2,2.0,2,7,Afternoon,1.0,1,0,4,1
-1.33954,53.46555,2,1,3,6,30,13.0,4.0,1.0,1,1.0,1,6,Afternoon,0.5,1,0,4,1
-2.79572,53.46769,2,1,5,6,50,17.0,4.0,1.0,1,1.0,2,4,Afternoon,0.5,1,0,3,4
-1.72139,53.80028,1,1,5,6,30,13.0,4.0,4.0,1,2.0,1,1,Afternoon,1.0,1,0,4,1
-0.23967,52.57986,2,1,1,1,30,,,4.0,1,1.0,1,5,Night,0.5,1,0,1,1
-1.90404,53.00765,2,1,1,3,60,13.0,4.0,1.0,1,1.0,2,6,Morning,0.5,1,0,1,3
0.27179,51.2677,2,1,7,6,30,0.0,,1.0,2,2.0,2,2,Morning,0.5,1,0,1,1
-2.19264,53.07352,1,1,6,6,30,0.0,,1.0,9,1.0,1,9,Afternoon,1.0,1,0,4,1
-0.08128,51.54639,4,1,6,3,20,0.0,,4.0,1,1.0,1,12,Evening,0.25,0,0,4,0
-2.12119,53.95038,2,1,2,6,60,13.0,4.0,6.0,9,1.0,2,12,Afternoon,0.5,1,0,4,1
-2.71653,53.29016,2,1,4,6,30,13.0,4.0,1.0,1,1.0,2,3,Morning,0.5,1,0,3,2
-0.89152,52.76322,2,1,7,6,30,13.0,2.0,1.0,1,1.0,1,10,Afternoon,0.5,1,0,4,3
0.51459,51.57339,3,1,7,6,30,0.0,,1.0,1,1.0,1,2,Afternoon,0.3333333333333333,1,0,1,1
-0.89711,53.94784,1,1,6,6,50,0.0,,6.0,4,1.0,2,1,Evening,1.0,0,1,4,0
-1.57548,53.65807,2,1,2,6,30,19.0,4.0,1.0,1,1.0,1,2,Afternoon,0.5,1,0,1,1
-2.09272,52.58034,1,1,5,6,30,,4.0,1.0,2,2.0,1,5,Morning,1.0,1,0,1,1
-0.44026,53.99891,3,1,2,6,30,0.0,,1.0,1,1.0,1,6,Afternoon,0.3333333333333333,1,0,1,1
-1.98444,52.46593,2,2,1,3,40,16.0,2.0,4.0,1,1.0,1,11,Afternoon,1.0,1,0,4,4
-1.37744,52.91349,2,1,6,3,70,0.0,4.0,1.0,1,1.0,1,5,Morning,0.5,1,0,4,1
-2.99654,53.42237,3,1,5,3,40,16.0,2.0,1.0,1,1.0,1,8,Afternoon,0.3333333333333333,1,0,4,1
-0.09575,51.50392,2,1,6,6,20,16.0,2.0,1.0,1,1.0,1,5,Morning,0.5,1,0,4,3
-0.52242,52.60274,2,1,6,6,60,0.0,,6.0,1,1.0,2,9,Evening,0.5,0,1,4,0
1.22239,52.68998,2,1,6,6,50,18.0,4.0,1.0,1,1.0,2,11,Afternoon,0.5,1,0,1,1
-0.047,51.4615,2,1,2,1,30,0.0,4.0,1.0,1,1.0,1,5,Afternoon,0.5,1,0,2,1
-0.14673,51.41973,2,1,3,6,20,0.0,4.0,1.0,1,1.0,1,6,Afternoon,0.5,1,0,4,2
-1.82374,52.49539,3,1,2,6,30,16.0,4.0,1.0,1,1.0,1,12,Morning,0.3333333333333333,1,0,1,1
-1.59129,54.01531,2,1,3,6,60,13.0,4.0,1.0,1,1.0,2,4,Night,0.5,1,0,1,1
-1.97571,52.08987,2,1,1,6,60,0.0,,1.0,1,1.0,2,9,Morning,0.5,1,0,3,1
0.99046,52.60454,2,2,4,6,60,0.0,,1.0,1,1.0,2,8,Morning,1.0,1,0,1,1
-1.14575,53.50961,2,2,3,3,40,19.0,2.0,4.0,1,1.0,1,9,Evening,1.0,1,0,4,1
0.15414,51.34667,2,1,1,3,70,0.0,,1.0,9,,2,3,Afternoon,0.5,1,0,6,6
-1.0396,53.14181,4,1,1,6,30,13.0,4.0,1.0,1,1.0,2,5,Afternoon,0.25,1,0,1,1
0.00447,52.97703,2,1,5,6,30,18.0,,1.0,1,1.0,1,5,Afternoon,0.5,1,0,2,1
-0.04935,51.70948,2,1,1,6,30,19.0,,1.0,1,1.0,1,12,Morning,0.5,1,0,3,1
-1.29353,52.69143,1,1,3,6,60,0.0,,6.0,1,1.0,2,10,Evening,1.0,0,1,1,0
-2.0879,55.87167,1,1,4,6,20,13.0,4.0,1.0,1,1.0,1,7,Afternoon,1.0,1,0,1,1
-5.0254,50.3937,2,2,5,6,40,13.0,4.0,6.0,1,1.0,2,11,Evening,1.0,1,0,4,1
-2.65289,53.71894,1,1,2,6,30,0.0,,4.0,8,2.0,1,1,Morning,1.0,1,0,1,1
-0.06478,51.54828,1,1,3,6,20,19.0,4.0,4.0,1,1.0,1,4,Night,1.0,1,0,4,1
-0.13808,51.44803,1,1,3,9,20,0.0,4.0,5.0,1,1.0,1,12,Afternoon,1.0,1,0,2,1
-0.45646,51.49589,3,2,1,3,60,0.0,,4.0,1,1.0,1,11,Evening,0.6666666666666666,0,0,6,0
0.15378,51.34663,1,1,5,3,70,0.0,,4.0,1,2.0,2,10,Evening,1.0,1,0,6,6
-1.75431,53.77966,2,3,5,6,20,13.0,4.0,4.0,1,2.0,1,10,Evening,1.5,1,0,1,1
-2.63165,53.54625,1,1,1,6,20,0.0,,4.0,1,,1,1,Evening,1.0,1,0,1,1
-0.10915,51.53279,1,1,5,6,20,16.0,4.0,1.0,1,1.0,1,10,Afternoon,1.0,1,0,2,1
-0.186,51.68418,3,1,2,3,70,0.0,,1.0,1,1.0,2,8,Morning,0.3333333333333333,0,1,6,0
-0.11113,50.8494,2,1,1,3,30,13.0,4.0,4.0,1,1.0,1,12,Night,0.5,1,0,4,1
-0.82048,53.07118,1,1,2,6,30,19.0,4.0,1.0,1,1.0,1,10,Afternoon,1.0,1,0,1,3
-0.48204,51.90927,2,1,5,3,70,0.0,,1.0,1,1.0,2,5,Morning,0.5,0,1,6,0
-0.09989,51.78137,2,1,2,6,60,13.0,4.0,1.0,1,1.0,2,9,Evening,0.5,1,0,3,1
-0.01467,51.46452,2,1,2,6,20,13.0,4.0,4.0,1,1.0,1,1,Night,0.5,1,0,4,4
-1.49965,53.99038,2,1,3,6,30,13.0,4.0,1.0,1,1.0,1,7,Morning,0.5,1,0,1,1
-2.01861,50.72814,2,1,5,6,30,13.0,2.0,4.0,1,1.0,1,8,Evening,0.5,1,0,3,1
-0.29299,51.94389,2,1,7,6,50,13.0,4.0,1.0,1,1.0,2,12,Afternoon,0.5,1,0,4,1
-4.62754,55.46537,2,1,4,3,30,0.0,,1.0,1,1.0,1,5,Morning,0.5,1,0,4,1
-1.53797,54.94992,2,3,1,6,20,13.0,4.0,1.0,1,1.0,1,9,Evening,1.5,1,0,1,1
-0.26996,53.77235,1,1,2,3,40,0.0,,1.0,1,1.0,1,6,Morning,1.0,0,1,4,0
-1.54647,53.81591,2,1,3,6,30,0.0,,1.0,1,2.0,1,8,Afternoon,0.5,1,0,1,1
-0.05805,52.97255,4,1,6,6,30,0.0,,1.0,1,2.0,1,12,Afternoon,0.25,0,0,4,0
-3.77047,50.48205,1,1,1,3,70,0.0,,1.0,1,1.0,2,6,Afternoon,1.0,0,1,4,0
-0.26239,51.56441,1,1,2,6,30,19.0,2.0,1.0,1,1.0,1,5,Afternoon,1.0,1,0,4,1
-2.6639,53.67794,1,1,5,6,40,0.0,,1.0,2,2.0,2,9,Afternoon,1.0,1,0,1,1
-1.52544,50.92407,1,1,7,3,70,0.0,4.0,1.0,1,1.0,2,5,Night,1.0,1,0,4,1
-2.58266,53.61171,2,5,1,3,70,0.0,,6.0,1,1.0,2,9,Night,2.5,0,1,6,0
-0.22427,52.2252,3,5,5,6,60,0.0,,1.0,1,1.0,2,3,Afternoon,1.6666666666666667,1,0,4,1
-1.27994,52.68303,1,1,2,6,30,13.0,4.0,4.0,1,1.0,2,1,Evening,1.0,1,0,2,1
-4.20027,50.9043,2,1,4,6,60,0.0,,1.0,1,2.0,2,5,Night,0.5,0,1,1,0
-0.1319,51.51618,1,1,4,6,20,0.0,,4.0,1,1.0,1,1,Evening,1.0,0,0,4,0
0.32788,53.22404,2,1,2,6,30,13.0,4.0,1.0,2,2.0,1,9,Afternoon,0.5,1,0,2,2
-1.51494,55.18597,2,1,6,6,30,13.0,4.0,4.0,2,2.0,2,2,Evening,0.5,1,0,4,1
0.52432,51.37186,2,1,6,6,30,16.0,4.0,1.0,1,1.0,1,9,Morning,0.5,1,0,1,1
-2.11339,52.42993,2,1,4,3,50,0.0,,1.0,1,1.0,2,5,Afternoon,0.5,1,0,4,4
-2.97833,53.42126,2,1,5,6,30,13.0,4.0,1.0,1,2.0,1,4,Afternoon,0.5,1,0,1,1
-0.21989,50.85443,2,1,2,3,70,0.0,,1.0,1,1.0,2,6,Morning,0.5,0,1,4,0
-0.08331,51.47369,2,1,5,2,20,13.0,2.0,4.0,2,2.0,1,9,Evening,0.5,1,0,4,1
-1.80072,53.78389,3,2,2,6,30,13.0,4.0,4.0,2,2.0,1,6,Night,0.6666666666666666,1,0,1,1
-0.20136,51.52022,1,1,7,6,20,13.0,4.0,4.0,1,1.0,1,11,Night,1.0,1,0,1,1
-1.45815,52.9294,2,1,3,6,30,13.0,4.0,1.0,1,1.0,1,3,Afternoon,0.5,1,0,1,1
-1.76281,54.97655,2,2,5,6,30,16.0,4.0,1.0,1,2.0,1,8,Morning,1.0,1,0,1,1
-1.30264,52.77136,1,1,4,6,60,0.0,,6.0,1,1.0,1,7,Night,1.0,0,1,1,0
0.01724,51.39919,1,1,7,9,30,,9.0,1.0,1,1.0,1,4,Afternoon,1.0,1,0,2,3
-3.33091,53.13074,3,3,1,6,40,13.0,4.0,1.0,2,2.0,2,9,Afternoon,1.0,1,0,4,1
-3.36243,51.75323,2,1,1,6,30,13.0,4.0,1.0,1,1.0,2,11,Morning,0.5,1,0,1,1
0.13148,51.55058,2,1,6,6,20,13.0,4.0,4.0,1,1.0,1,10,Morning,0.5,1,0,2,1
-1.09589,50.79131,2,1,2,1,30,0.0,4.0,4.0,2,2.0,1,9,Morning,0.5,1,0,3,4
-1.59534,52.39791,2,1,6,6,30,13.0,4.0,1.0,1,1.0,1,11,Morning,0.5,1,0,1,1
-0.55572,53.2021,2,1,2,6,30,18.0,4.0,1.0,8,2.0,1,12,Afternoon,0.5,1,0,4,1
-1.44073,52.39852,2,1,6,6,30,18.0,4.0,1.0,1,1.0,1,2,Afternoon,0.5,1,0,4,1
-0.10619,51.52224,2,1,6,6,20,16.0,2.0,1.0,1,1.0,1,4,Morning,0.5,1,0,4,2
0.06828,51.53752,2,1,2,3,50,0.0,,1.0,1,2.0,1,7,Evening,0.5,0,0,4,0
-0.10106,51.58641,2,1,3,6,20,13.0,4.0,1.0,1,1.0,1,9,Afternoon,0.5,1,0,4,1
-1.89249,53.79142,2,1,7,6,40,0.0,,1.0,1,1.0,2,5,Evening,0.5,1,0,4,1
-0.83824,51.34334,2,1,5,6,30,13.0,4.0,1.0,1,2.0,1,9,Morning,0.5,1,0,3,1
-1.62276,54.97081,2,1,7,6,30,19.0,2.0,4.0,5,2.0,1,12,Evening,0.5,1,0,4,4
-3.00426,53.63049,2,1,2,6,20,0.0,,1.0,2,2.0,1,9,Afternoon,0.5,0,0,1,0
-2.18321,51.19698,3,1,3,6,30,13.0,4.0,4.0,1,1.0,1,8,Evening,0.3333333333333333,1,0,1,1
-4.30276,55.89931,1,1,7,3,50,13.0,2.0,4.0,1,2.0,2,10,Evening,1.0,1,0,4,1
-3.23137,54.13616,3,1,4,6,30,0.0,,1.0,4,1.0,1,8,Afternoon,0.3333333333333333,1,0,1,1
-1.17212,54.54339,2,4,4,7,70,19.0,4.0,1.0,2,2.0,1,5,Morning,2.0,1,0,4,4
-2.48364,52.90395,2,1,2,6,30,13.0,4.0,1.0,1,1.0,1,3,Morning,0.5,1,0,4,4
0.06289,51.67526,2,1,4,1,50,,4.0,1.0,1,1.0,2,8,Morning,0.5,1,0,3,4
-0.36264,52.76816,2,3,4,6,30,13.0,4.0,1.0,1,2.0,1,10,Morning,1.5,1,0,4,1
-1.39546,54.9232,2,2,7,6,30,0.0,,1.0,2,2.0,1,12,Afternoon,1.0,1,0,3,1
0.15232,51.45433,2,1,6,6,30,0.0,4.0,4.0,2,2.0,1,2,Night,0.5,1,0,4,2
-2.41717,51.54904,2,2,5,6,30,13.0,4.0,1.0,1,1.0,1,2,Afternoon,1.0,1,0,1,1
-2.68516,53.21252,1,1,1,6,50,0.0,,4.0,2,2.0,2,10,Evening,1.0,0,1,4,0
-0.68385,52.30224,1,1,4,6,30,16.0,4.0,1.0,8,1.0,1,7,Afternoon,1.0,1,0,1,1
-2.62225,51.40621,1,1,4,6,30,0.0,,1.0,1,1.0,1,4,Afternoon,1.0,0,0,1,0
-2.56699,51.45053,2,1,4,6,30,18.0,4.0,1.0,5,2.0,1,2,Morning,0.5,1,0,1,1
-2.30051,52.44443,2,4,5,6,60,0.0,,1.0,1,4.0,2,1,Morning,2.0,0,1,1,0
0.58981,52.42905,1,1,2,6,60,0.0,,1.0,1,1.0,2,5,Evening,1.0,0,1,4,0
-2.73831,52.12961,2,1,5,6,30,0.0,,1.0,1,2.0,2,12,Afternoon,0.5,0,1,1,0
-1.61861,54.66549,1,1,3,6,30,0.0,,1.0,1,1.0,2,11,Afternoon,1.0,1,0,3,1
-3.3062,51.1044,2,2,5,6,60,17.0,4.0,1.0,2,2.0,2,3,Morning,1.0,1,0,3,3
-0.37136,53.80109,2,1,5,6,30,17.0,3.0,4.0,1,1.0,2,2,Evening,0.5,1,0,1,4
-1.11589,53.49824,2,2,1,3,50,0.0,,4.0,2,2.0,2,3,Evening,1.0,1,0,4,1
-1.5273,53.98048,1,1,4,6,30,0.0,,1.0,1,1.0,1,1,Afternoon,1.0,0,0,1,0
-1.56206,53.76448,2,1,5,9,30,0.0,,7.0,9,1.0,1,10,Afternoon,0.5,1,0,4,1
-2.6629,53.54482,2,2,6,6,30,0.0,,1.0,1,2.0,1,2,Morning,1.0,1,0,1,1
-1.80318,52.55931,3,1,4,6,30,0.0,,4.0,1,1.0,1,2,Evening,0.3333333333333333,0,1,1,0
0.77978,51.54534,2,2,6,6,30,13.0,4.0,1.0,1,1.0,1,6,Afternoon,1.0,1,0,3,3
-3.33543,54.64354,2,1,2,6,60,16.0,4.0,1.0,1,1.0,2,5,Afternoon,0.5,1,0,1,1
-0.85333,53.08798,1,1,5,6,50,0.0,,7.0,1,2.0,2,10,Morning,1.0,0,1,4,0
-0.71666,50.78669,1,1,7,6,30,0.0,,1.0,1,1.0,1,8,Morning,1.0,1,0,1,1
-0.05869,51.68261,2,1,1,3,50,0.0,4.0,4.0,2,2.0,2,10,Evening,0.5,1,0,6,1
-0.31519,51.50018,1,1,4,6,20,13.0,4.0,1.0,1,1.0,1,7,Afternoon,1.0,1,0,3,1
-2.92787,54.89674,2,1,3,6,30,0.0,,1.0,1,1.0,1,4,Evening,0.5,1,0,1,1
-0.77673,51.33127,2,1,6,6,30,0.0,,1.0,1,1.0,1,4,Afternoon,0.5,0,0,4,0
-0.04774,51.54796,2,1,7,3,20,13.0,2.0,1.0,1,1.0,1,8,Evening,0.5,1,0,4,2
-0.40839,50.9092,2,1,5,3,70,,4.0,1.0,2,2.0,2,11,Morning,0.5,1,0,4,4
-1.988,52.46503,2,2,7,6,40,13.0,2.0,1.0,1,1.0,1,10,Afternoon,1.0,1,0,1,1
0.0569,51.54825,1,1,6,6,20,13.0,4.0,1.0,1,1.0,1,10,Afternoon,1.0,1,0,3,2
-3.04562,53.81916,2,1,4,6,30,16.0,2.0,1.0,8,1.0,1,7,Evening,0.5,1,0,4,1
-1.14949,53.51032,1,1,2,6,20,13.0,4.0,1.0,1,1.0,1,6,Morning,1.0,1,0,1,1
-4.9723,54.90377,2,1,5,6,60,0.0,,1.0,1,1.0,2,3,Morning,0.5,0,1,4,0
-0.11491,50.81603,2,1,4,6,30,13.0,4.0,1.0,1,1.0,1,8,Morning,0.5,1,0,4,1
-2.75193,54.12699,1,1,7,3,70,0.0,,4.0,2,2.0,2,5,Night,1.0,1,0,6,6
-2.71668,53.80026,2,3,7,3,30,0.0,,4.0,2,2.0,2,12,Evening,1.5,0,1,4,0
-2.69939,50.83648,2,1,7,6,60,16.0,4.0,1.0,1,1.0,2,3,Afternoon,0.5,1,0,4,2
0.27837,51.43238,4,1,1,3,50,0.0,,1.0,4,1.0,2,11,Afternoon,0.25,1,0,3,4
-1.05063,50.89341,2,1,5,6,30,13.0,4.0,1.0,1,1.0,2,3,Morning,0.5,1,0,3,1
-2.98857,53.50137,3,2,6,6,50,0.0,,1.0,1,1.0,2,7,Morning,0.6666666666666666,0,0,4,0
-0.1917,50.8443,2,1,3,6,20,0.0,,1.0,9,1.0,1,8,Morning,0.5,1,0,1,1
-2.10796,52.47559,2,1,3,3,30,16.0,2.0,1.0,1,1.0,1,6,Afternoon,0.5,1,0,1,4
-1.29399,52.84363,2,1,4,1,30,,2.0,1.0,1,1.0,2,7,Morning,0.5,1,0,4,4
-1.15027,51.46069,1,1,7,3,70,0.0,,1.0,1,1.0,2,5,Afternoon,1.0,0,0,6,0
-4.31844,51.85173,2,2,4,3,40,0.0,,1.0,1,1.0,2,7,Afternoon,1.0,0,1,4,0
-2.20397,53.45958,1,1,7,6,30,13.0,,1.0,1,1.0,1,12,Afternoon,1.0,1,0,4,1
-2.58933,51.48029,2,1,4,6,20,0.0,,1.0,1,1.0,1,9,Morning,0.5,0,0,1,0
-1.37807,50.89798,2,1,3,6,30,13.0,4.0,1.0,1,1.0,1,4,Afternoon,0.5,1,0,1,1
-2.28659,51.75219,2,2,6,6,30,13.0,4.0,1.0,1,1.0,1,5,Morning,1.0,1,0,1,1
0.49011,51.3063,2,1,4,6,60,0.0,,1.0,1,1.0,2,8,Morning,0.5,0,1,1,0
-0.55444,51.12888,1,1,1,6,60,13.0,4.0,1.0,1,1.0,2,6,Morning,1.0,1,0,1,3
-4.30649,57.43337,2,3,3,6,60,16.0,4.0,1.0,1,1.0,2,6,Afternoon,1.5,1,0,4,1
0.04495,51.57537,2,1,5,1,30,0.0,2.0,4.0,2,2.0,2,9,Evening,0.5,1,0,4,4
-0.5042,51.05447,1,1,5,6,60,0.0,,1.0,1,1.0,2,7,Afternoon,1.0,1,0,3,1
-0.3016,51.49921,2,1,5,6,20,13.0,4.0,4.0,1,1.0,1,11,Evening,0.5,1,0,3,1
-3.84949,51.99005,2,1,6,6,60,0.0,,1.0,2,2.0,2,9,Morning,0.5,1,0,1,1
-1.1098,50.85384,2,1,4,3,70,0.0,,6.0,1,1.0,1,4,Night,0.5,0,0,6,0
-0.19221,51.37875,1,1,6,6,30,13.0,4.0,1.0,2,2.0,1,3,Morning,1.0,1,0,3,1
-0.10954,51.58904,1,1,5,6,30,18.0,4.0,1.0,9,1.0,1,7,Afternoon,1.0,1,0,4,1
-0.09919,51.62427,2,1,3,6,20,0.0,,1.0,1,1.0,1,5,Morning,0.5,0,0,1,0
-0.0422,51.51131,1,1,1,3,20,0.0,,4.0,2,2.0,1,12,Night,1.0,0,0,4,0
-0.24356,51.17035,1,1,6,6,60,0.0,,1.0,1,1.0,2,6,Afternoon,1.0,0,1,1,0
-0.35011,51.59671,1,1,4,6,30,0.0,,1.0,1,1.0,1,6,Evening,1.0,0,0,1,0
-2.55566,53.24782,2,1,7,6,30,0.0,,1.0,1,1.0,1,4,Morning,0.5,0,0,2,0
-1.52049,55.07242,2,1,3,6,30,0.0,,1.0,1,1.0,2,1,Afternoon,0.5,1,0,4,1
-1.87455,52.47348,2,1,5,1,30,,4.0,4.0,1,1.0,1,7,Evening,0.5,1,0,4,4
-2.75792,50.72971,5,4,1,6,30,0.0,,4.0,2,2.0,1,5,Night,0.8,0,0,3,0
-3.34995,51.60768,3,1,4,6,20,0.0,,1.0,1,2.0,1,2,Morning,0.3333333333333333,0,0,1,0
-0.36908,51.53248,2,1,6,6,20,13.0,4.0,1.0,1,1.0,1,6,Morning,0.5,1,0,3,1
-2.5076,53.75379,2,1,3,6,30,16.0,4.0,4.0,1,1.0,1,11,Evening,0.5,1,0,1,1
-1.76839,53.73611,1,1,6,6,30,0.0,,4.0,1,1.0,1,1,Evening,1.0,1,0,1,1
-0.14912,51.64717,1,1,5,6,30,0.0,,1.0,1,1.0,1,6,Afternoon,1.0,0,0,1,0
-0.74483,51.398,2,1,5,7,50,18.0,4.0,1.0,1,1.0,1,6,Morning,0.5,1,0,4,1
-2.22974,51.30912,3,1,4,6,30,0.0,,1.0,2,2.0,1,8,Morning,0.3333333333333333,0,0,1,0
-0.35662,51.56213,2,1,1,6,30,,9.0,1.0,1,1.0,1,8,Afternoon,0.5,1,0,4,1
-4.26548,52.98201,2,3,2,6,60,0.0,,6.0,1,1.0,2,12,Afternoon,1.5,0,0,4,0
-2.79862,53.83767,2,2,5,6,60,13.0,4.0,1.0,1,1.0,2,8,Evening,1.0,1,0,1,1
-1.45294,53.3885,2,1,4,6,30,19.0,4.0,1.0,1,1.0,1,3,Morning,0.5,1,0,3,1
-0.02139,51.34701,3,2,7,1,30,0.0,4.0,1.0,1,1.0,2,7,Evening,0.6666666666666666,1,0,2,2
-1.39853,53.60672,2,1,7,6,30,0.0,,1.0,1,4.0,2,2,Morning,0.5,1,0,1,1
-2.06628,52.66166,4,1,2,3,70,,,4.0,2,2.0,2,3,Evening,0.25,0,1,6,0
-1.44562,52.89005,1,1,5,6,30,13.0,4.0,1.0,1,1.0,1,2,Afternoon,1.0,1,0,1,1
-1.66831,55.00479,2,1,3,3,70,19.0,2.0,4.0,1,1.0,1,1,Afternoon,0.5,1,0,4,4
-3.30478,51.57182,2,1,2,6,30,0.0,,1.0,1,1.0,2,9,Afternoon,0.5,0,0,4,0
-2.49946,53.7287,1,1,5,6,30,,4.0,1.0,1,2.0,1,2,Morning,1.0,1,0,1,4
-0.21503,51.51531,1,1,2,9,20,,4.0,1.0,9,9.0,1,12,Afternoon,1.0,1,0,1,1
0.05448,51.42737,2,1,1,6,30,13.0,2.0,4.0,1,1.0,1,1,Evening,0.5,1,0,4,2
-0.09652,51.37181,3,1,5,6,30,19.0,2.0,1.0,2,2.0,1,2,Morning,0.3333333333333333,1,0,4,4
0.64349,52.44674,1,1,1,6,30,13.0,4.0,1.0,2,2.0,2,9,Evening,1.0,1,0,3,1
-0.37913,51.43684,2,1,6,1,30,0.0,4.0,1.0,1,1.0,1,3,Morning,0.5,1,0,4,4
-2.41456,53.76823,1,1,2,6,30,16.0,2.0,1.0,1,1.0,2,3,Afternoon,1.0,1,0,4,1
-0.41936,51.4255,2,1,2,6,30,19.0,4.0,4.0,1,1.0,1,6,Evening,0.5,1,0,1,1
-4.16551,50.36965,1,1,2,1,30,,4.0,1.0,2,2.0,1,5,Afternoon,1.0,1,0,4,4
1.10083,52.90561,2,1,5,6,60,0.0,,1.0,1,1.0,2,5,Morning,0.5,0,1,4,0
-0.27284,51.56519,1,1,3,6,30,0.0,,4.0,1,1.0,1,8,Evening,1.0,0,0,4,0
-0.01052,51.52171,2,1,1,3,40,0.0,,1.0,1,1.0,1,3,Afternoon,0.5,0,0,4,0
-0.42975,51.38678,2,1,6,6,30,13.0,4.0,4.0,1,1.0,2,8,Evening,0.5,1,0,4,1
-0.53146,52.59996,2,1,2,6,60,0.0,,1.0,1,1.0,2,9,Afternoon,0.5,0,1,4,0
-0.25169,51.53997,1,1,6,6,20,13.0,4.0,4.0,2,2.0,1,10,Evening,1.0,1,0,1,1
-0.23157,51.50656,2,1,7,2,20,0.0,,1.0,1,1.0,1,10,Afternoon,0.5,0,0,4,0
1.35625,51.16589,1,1,6,6,50,0.0,,1.0,2,1.0,2,3,Afternoon,1.0,1,0,4,1
-3.22362,54.12797,2,1,3,6,20,0.0,,1.0,1,2.0,1,10,Afternoon,0.5,1,0,1,1
-0.42471,53.01478,2,1,6,6,30,18.0,4.0,1.0,1,1.0,2,10,Afternoon,0.5,1,0,4,1
-2.46963,53.72303,2,1,3,6,30,0.0,,1.0,1,1.0,1,11,Morning,0.5,1,0,3,1
-0.1336,51.54566,2,1,2,3,20,0.0,4.0,1.0,1,1.0,1,1,Afternoon,0.5,1,0,4,1
0.07048,51.53441,2,1,4,3,50,0.0,4.0,4.0,2,2.0,1,10,Evening,0.5,1,0,4,4
-1.21209,51.94126,2,2,5,6,30,0.0,,4.0,1,1.0,2,12,Evening,1.0,0,0,3,0
-1.83877,53.58587,3,1,5,6,30,16.0,4.0,1.0,1,1.0,2,4,Afternoon,0.3333333333333333,1,0,3,1
-2.01289,52.58532,2,1,2,3,30,0.0,,1.0,1,1.0,2,9,Night,0.5,0,1,4,0
-1.45877,53.7275,2,1,2,6,40,,4.0,1.0,1,1.0,2,6,Afternoon,0.5,1,0,4,4
-1.60875,54.6997,2,1,3,6,30,0.0,,1.0,1,1.0,2,7,Evening,0.5,1,0,1,1
0.24136,51.45365,2,1,4,1,40,,2.0,1.0,1,1.0,2,7,Morning,0.5,1,0,4,4
0.31823,51.44949,2,1,2,6,30,0.0,,1.0,1,1.0,1,8,Afternoon,0.5,1,0,1,1
-0.19591,51.54018,2,1,2,6,20,19.0,2.0,1.0,1,1.0,1,9,Afternoon,0.5,1,0,4,1
-0.22825,51.46313,2,1,4,6,30,13.0,4.0,4.0,1,1.0,1,9,Evening,0.5,1,0,4,1
-4.79157,55.94041,2,1,4,6,30,19.0,4.0,1.0,1,1.0,1,7,Afternoon,0.5,1,0,4,1
-1.81524,53.80237,2,3,7,6,30,13.0,4.0,4.0,2,2.0,1,11,Evening,1.5,1,0,1,1
-0.89721,52.22252,2,3,1,6,30,13.0,4.0,1.0,2,2.0,1,9,Afternoon,1.5,1,0,4,1
-2.04592,52.61827,2,2,6,6,30,13.0,4.0,1.0,1,1.0,1,1,Afternoon,1.0,1,0,4,1
-2.49831,51.27805,2,2,5,1,30,0.0,4.0,1.0,1,2.0,1,8,Morning,1.0,1,0,1,1
-0.12604,51.50099,1,1,3,6,20,16.0,2.0,1.0,1,2.0,1,11,Afternoon,1.0,1,0,4,4
0.21314,51.59323,2,1,7,6,30,0.0,4.0,1.0,1,1.0,1,11,Afternoon,0.5,1,0,2,4
-0.77348,51.23782,1,2,6,6,30,0.0,,4.0,2,2.0,1,2,Night,2.0,1,0,3,1
-3.10281,55.94028,2,1,4,1,30,,4.0,1.0,1,1.0,1,11,Afternoon,0.5,1,0,1,4
-1.09072,50.7906,2,1,7,6,30,13.0,4.0,1.0,1,2.0,1,3,Afternoon,0.5,1,0,3,1
-1.93394,52.42445,2,1,1,6,30,16.0,4.0,7.0,2,2.0,1,11,Afternoon,0.5,1,0,4,1
-2.26737,53.44279,2,1,2,6,30,16.0,4.0,1.0,1,1.0,1,2,Morning,0.5,1,0,1,4
-1.02013,50.84337,3,3,5,7,70,0.0,4.0,1.0,1,1.0,2,6,Morning,1.0,1,0,5,4
-2.31583,53.49015,2,1,6,6,30,13.0,4.0,4.0,1,1.0,1,4,Evening,0.5,1,0,1,4
-0.65161,52.342,2,1,1,6,30,13.0,4.0,1.0,1,1.0,2,9,Evening,0.5,1,0,4,1
-4.30866,51.84688,2,1,3,6,40,13.0,4.0,1.0,2,2.0,2,2,Afternoon,0.5,1,0,1,4
-0.00161,51.7083,2,1,7,6,60,16.0,4.0,1.0,1,1.0,2,6,Evening,0.5,1,0,3,1
-1.33252,53.71003,2,1,3,3,30,16.0,2.0,1.0,1,1.0,1,8,Afternoon,0.5,1,0,4,4
-0.28925,51.60767,2,1,3,6,30,19.0,4.0,1.0,1,1.0,1,4,Morning,0.5,1,0,3,1
-1.39692,53.08909,2,1,3,7,70,0.0,2.0,1.0,2,2.0,2,2,Afternoon,0.5,1,0,4,4
-0.43796,51.61428,1,1,3,6,30,,2.0,1.0,1,2.0,1,4,Morning,1.0,1,0,4,1
-1.81071,53.83373,2,1,4,6,40,17.0,4.0,1.0,1,1.0,1,3,Afternoon,0.5,1,0,1,4
-0.16708,51.41139,2,1,5,6,20,13.0,4.0,4.0,1,1.0,1,8,Evening,0.5,1,0,2,2
-2.47054,51.4922,1,1,4,3,30,0.0,2.0,4.0,1,2.0,2,12,Morning,1.0,1,0,4,4
-1.25643,52.34944,3,3,7,6,40,0.0,,1.0,2,2.0,2,8,Afternoon,1.0,0,1,3,0
-4.48377,55.77233,1,1,3,6,50,0.0,,1.0,1,2.0,2,9,Afternoon,1.0,0,1,4,0
-0.18224,51.10726,2,1,3,6,40,13.0,4.0,1.0,2,1.0,1,11,Afternoon,0.5,1,0,1,4
-0.17447,51.135,2,1,6,6,30,13.0,4.0,1.0,1,1.0,1,11,Morning,0.5,1,0,1,1
-0.19516,51.52315,2,1,3,6,20,13.0,4.0,1.0,1,1.0,1,6,Morning,0.5,1,0,4,1
-0.45997,51.01163,1,1,4,1,30,,4.0,1.0,8,2.0,2,2,Afternoon,1.0,1,0,4,1
-4.54548,55.94506,3,1,2,3,40,0.0,,1.0,1,1.0,2,2,Afternoon,0.3333333333333333,1,0,4,1
-0.36382,51.53017,1,1,3,6,20,,4.0,1.0,1,1.0,1,9,Evening,1.0,1,0,3,1
-0.30236,51.42715,2,1,4,9,30,,9.0,1.0,9,9.0,1,9,Afternoon,0.5,1,0,1,1
-2.11698,51.90116,2,1,1,6,30,0.0,,4.0,1,2.0,1,12,Afternoon,0.5,0,1,4,0
-1.51115,54.84775,1,1,2,6,30,13.0,4.0,1.0,1,1.0,1,10,Morning,1.0,1,0,4,1
-0.36421,51.27803,2,1,2,6,30,0.0,,1.0,1,1.0,1,6,Morning,0.5,0,1,4,0
-0.40407,54.202,2,1,4,6,30,0.0,,1.0,3,3.0,2,11,Morning,0.5,0,0,4,0
-0.20158,54.08664,1,1,7,6,30,0.0,,1.0,1,1.0,1,3,Morning,1.0,1,0,3,3
-2.53303,54.17028,1,1,6,6,60,13.0,4.0,1.0,1,1.0,2,5,Afternoon,1.0,1,0,4,1
-3.6923,50.54408,1,1,3,3,70,0.0,,6.0,2,2.0,2,12,Night,1.0,0,1,4,0
-0.86725,53.36539,2,2,7,3,50,16.0,4.0,1.0,1,1.0,2,7,Evening,1.0,1,0,4,1
-0.77765,51.22102,3,1,3,7,40,0.0,,1.0,4,2.0,2,12,Morning,0.3333333333333333,1,0,4,4
-0.00048,51.66562,2,1,7,6,30,13.0,,1.0,1,1.0,2,4,Morning,0.5,1,0,4,1
-1.89257,52.48552,2,1,2,7,30,,4.0,1.0,1,1.0,1,8,Evening,0.5,1,0,3,4
-1.36446,53.4326,3,1,2,3,40,,4.0,1.0,1,1.0,1,3,Afternoon,0.3333333333333333,1,0,4,1
-3.9863,51.61841,1,1,6,6,30,0.0,2.0,1.0,1,1.0,1,3,Morning,1.0,1,0,1,1
0.47245,51.72684,2,1,6,6,30,16.0,4.0,1.0,9,1.0,1,10,Afternoon,0.5,1,0,1,1
-1.06018,53.96239,2,1,5,1,30,0.0,4.0,1.0,1,1.0,1,4,Afternoon,0.5,1,0,1,1
-1.6622,54.98151,1,2,7,6,30,13.0,4.0,4.0,2,2.0,1,7,Evening,2.0,1,0,1,1
-1.52477,53.80354,2,1,6,6,30,13.0,4.0,1.0,1,1.0,1,9,Afternoon,0.5,1,0,1,1
-0.28431,51.52718,2,1,2,3,40,0.0,2.0,1.0,8,1.0,1,6,Afternoon,0.5,1,0,4,1
-3.56335,50.63765,2,1,1,3,70,13.0,4.0,1.0,1,1.0,2,10,Morning,0.5,1,0,4,1
-1.13548,52.96242,2,1,4,6,20,13.0,4.0,4.0,2,2.0,1,2,Afternoon,0.5,1,0,1,1
-0.0884,51.52702,2,1,2,6,20,13.0,4.0,4.0,1,1.0,1,12,Evening,0.5,1,0,4,1
-2.74929,53.52837,1,2,2,6,40,19.0,4.0,1.0,1,1.0,1,2,Morning,2.0,1,0,1,1
0.12631,51.54781,2,2,7,6,30,13.0,2.0,1.0,1,1.0,1,10,Afternoon,1.0,1,0,4,1
-1.35629,50.91361,1,1,3,3,30,13.0,4.0,4.0,1,2.0,1,10,Evening,1.0,1,0,4,1
-0.06133,51.45871,2,1,4,6,20,18.0,4.0,1.0,1,1.0,1,5,Morning,0.5,1,0,1,1
-1.27307,53.46727,1,1,7,6,40,0.0,,4.0,1,1.0,2,3,Night,1.0,0,1,4,0
-0.17311,51.54152,2,1,6,6,20,16.0,2.0,1.0,1,1.0,1,1,Morning,0.5,1,0,4,3
-0.12934,51.46152,2,1,6,6,20,13.0,4.0,1.0,1,1.0,1,6,Morning,0.5,1,0,3,1
1.12931,51.80395,2,1,6,6,40,0.0,,4.0,1,1.0,1,4,Evening,0.5,1,0,3,1
0.52528,51.38547,1,1,6,3,30,16.0,,1.0,1,1.0,1,9,Afternoon,1.0,1,0,4,1
-0.21066,51.54149,2,1,7,6,30,16.0,2.0,4.0,1,1.0,1,10,Evening,0.5,1,0,2,2
-1.08211,50.84769,2,1,5,6,40,13.0,4.0,4.0,1,1.0,1,11,Evening,0.5,1,0,4,1
-3.5778,54.52445,1,1,7,6,30,0.0,,1.0,1,1.0,1,6,Afternoon,1.0,1,0,1,1
-0.39734,51.65412,2,1,7,6,30,18.0,4.0,1.0,1,1.0,1,9,Afternoon,0.5,1,0,4,1
-3.86645,57.29347,3,1,6,6,60,13.0,4.0,1.0,1,1.0,2,7,Evening,0.3333333333333333,1,0,4,4
-1.4363,52.86059,1,2,6,7,70,0.0,4.0,4.0,2,2.0,2,5,Evening,2.0,1,0,4,4
-2.69837,53.18712,2,1,2,6,30,0.0,,4.0,2,2.0,2,11,Afternoon,0.5,0,1,4,0
-0.25333,51.38799,2,2,6,6,40,18.0,4.0,1.0,1,1.0,1,5,Evening,1.0,1,0,4,1
0.11323,51.50744,1,1,6,3,30,0.0,,1.0,1,1.0,1,12,Afternoon,1.0,0,0,4,0
-3.32818,51.59947,1,1,5,3,50,0.0,,1.0,1,1.0,1,9,Morning,1.0,0,0,4,0
1.0216,52.26968,2,2,1,6,30,13.0,4.0,6.0,1,1.0,2,4,Evening,1.0,1,0,1,3
-1.90703,52.42724,2,1,1,6,30,19.0,4.0,4.0,1,1.0,1,1,Afternoon,0.5,1,0,4,1
-1.74837,53.7669,2,2,1,7,70,0.0,,1.0,1,1.0,1,9,Morning,1.0,1,0,6,4
-2.02797,52.49931,2,3,7,3,30,0.0,,4.0,8,2.0,1,12,Evening,1.5,1,0,4,1
-4.14031,50.37244,2,1,6,6,20,0.0,,1.0,1,1.0,1,9,Afternoon,0.5,0,1,1,0
-2.48346,50.68949,1,1,5,6,60,13.0,4.0,1.0,1,1.0,2,8,Morning,1.0,1,0,3,1
-0.18786,51.442,2,1,5,6,20,16.0,2.0,1.0,1,1.0,1,9,Afternoon,0.5,1,0,4,1
-0.29976,51.53078,3,1,4,3,40,13.0,4.0,1.0,1,1.0,1,5,Afternoon,0.3333333333333333,1,0,4,1
-3.80839,55.82202,2,1,6,6,30,19.0,4.0,4.0,1,1.0,1,8,Evening,0.5,1,0,1,1
-1.87304,50.73098,1,1,4,6,30,0.0,,4.0,1,1.0,1,1,Afternoon,1.0,0,0,3,0
-1.78998,53.79915,2,1,7,6,30,13.0,4.0,1.0,1,1.0,1,6,Morning,0.5,1,0,3,1
-1.40484,50.9213,1,1,2,6,30,13.0,4.0,1.0,1,1.0,1,1,Afternoon,1.0,1,0,4,1
-0.12482,51.51883,1,1,2,2,20,0.0,,1.0,1,1.0,1,7,Afternoon,1.0,0,0,2,0
-1.68623,53.71036,1,2,1,6,30,16.0,2.0,1.0,1,1.0,1,11,Morning,2.0,1,0,4,4
-1.80768,51.0729,2,2,6,1,30,13.0,4.0,4.0,1,2.0,1,2,Evening,1.0,1,0,4,1
-0.19318,51.13047,2,2,4,6,30,0.0,,1.0,2,2.0,1,2,Morning,1.0,1,0,1,1
-0.16632,51.49824,1,2,5,3,20,13.0,2.0,1.0,1,1.0,1,8,Morning,2.0,1,0,4,3
0.14796,51.5432,2,2,3,6,30,0.0,,4.0,2,2.0,1,5,Evening,1.0,0,0,4,0
-1.86717,51.61464,2,2,7,6,60,13.0,4.0,1.0,1,1.0,2,5,Afternoon,1.0,1,0,3,1
-0.17896,51.26387,2,1,6,6,60,0.0,,1.0,2,2.0,2,9,Morning,0.5,0,1,1,0
0.04752,51.55073,2,1,3,6,30,17.0,2.0,1.0,8,1.0,1,2,Afternoon,0.5,1,0,4,4
-1.52462,50.92392,2,2,7,6,60,0.0,4.0,1.0,1,1.0,1,7,Evening,1.0,1,0,1,4
-3.00002,56.47076,1,1,4,6,30,16.0,4.0,1.0,1,1.0,1,5,Morning,1.0,1,0,1,1
-1.55216,53.44615,2,1,2,6,60,0.0,,1.0,1,1.0,2,7,Afternoon,0.5,1,0,4,1
0.5755,51.88149,2,1,2,6,30,13.0,4.0,1.0,1,1.0,1,8,Afternoon,0.5,1,0,3,1
-0.88357,52.2528,1,1,2,6,30,13.0,4.0,1.0,1,1.0,1,3,Afternoon,1.0,1,0,1,4
-0.37872,51.47033,1,1,6,6,30,17.0,2.0,1.0,1,1.0,1,9,Afternoon,1.0,1,0,4,4
-0.3043,52.53679,2,2,4,7,30,,,1.0,1,2.0,2,10,Morning,1.0,1,0,4,4
-2.14215,51.35454,3,2,2,6,30,19.0,4.0,1.0,1,1.0,1,11,Afternoon,0.6666666666666666,1,0,1,1
-0.20245,51.48554,2,1,2,6,20,0.0,4.0,1.0,1,1.0,1,7,Afternoon,0.5,1,0,4,3
1.29869,52.63182,2,1,6,6,20,13.0,4.0,1.0,1,1.0,1,9,Morning,0.5,1,0,1,1
-0.90748,51.47076,2,2,2,6,20,0.0,,1.0,1,2.0,1,11,Afternoon,1.0,0,0,1,0
-2.13331,51.46518,2,1,2,6,40,18.0,4.0,1.0,1,1.0,1,1,Morning,0.5,1,0,4,1
0.22434,52.35804,2,2,4,6,60,13.0,4.0,1.0,1,1.0,2,10,Morning,1.0,1,0,4,1
-1.5323,54.13625,2,1,3,6,30,0.0,,1.0,1,1.0,1,2,Afternoon,0.5,0,0,1,0
-4.23401,51.02295,3,1,5,6,60,0.0,,1.0,1,1.0,2,10,Afternoon,0.3333333333333333,0,1,4,0
-0.3938,50.82487,1,1,5,6,30,0.0,,1.0,8,2.0,1,9,Morning,1.0,0,1,1,0
-1.20002,52.98907,2,1,5,6,30,13.0,4.0,4.0,1,1.0,1,12,Morning,0.5,1,0,1,1
-0.50777,51.37504,2,1,6,3,50,,4.0,1.0,1,1.0,2,1,Afternoon,0.5,1,0,4,4
-1.21642,51.01956,2,1,1,6,60,18.0,4.0,1.0,1,1.0,2,2,Afternoon,0.5,1,0,1,1
-1.79844,52.4296,2,2,3,6,30,0.0,,1.0,1,1.0,1,8,Afternoon,1.0,1,0,4,1
-0.09589,51.54062,2,1,6,9,20,16.0,2.0,4.0,1,1.0,1,1,Afternoon,0.5,1,0,4,4
-3.89281,51.04764,3,1,4,6,60,0.0,,1.0,2,2.0,2,2,Morning,0.3333333333333333,0,1,4,0
-1.68846,54.99295,2,2,5,6,30,0.0,,1.0,1,1.0,1,10,Afternoon,1.0,1,0,1,1
0.25795,51.42747,2,1,2,3,70,0.0,,1.0,1,2.0,2,9,Morning,0.5,0,1,4,0
-1.20571,54.53278,2,1,4,7,70,,4.0,1.0,1,1.0,1,5,Afternoon,0.5,1,0,4,4
-1.11779,52.68387,1,2,6,6,30,13.0,4.0,4.0,8,1.0,1,8,Evening,2.0,1,0,1,1
-1.46544,53.06566,2,1,2,6,40,13.0,2.0,1.0,1,1.0,2,7,Afternoon,0.5,1,0,4,1
-4.58439,55.97427,2,2,7,6,30,0.0,,1.0,1,1.0,1,8,Afternoon,1.0,1,0,3,1
-0.21429,51.24093,3,1,4,6,30,16.0,4.0,1.0,1,1.0,1,5,Afternoon,0.3333333333333333,1,0,1,1
-1.87455,53.7349,1,1,5,3,30,0.0,,1.0,1,1.0,1,10,Morning,1.0,1,0,1,4
-1.47133,52.38315,2,3,1,6,30,13.0,2.0,1.0,2,2.0,1,9,Morning,1.5,1,0,3,1
-2.07994,51.90514,2,1,4,6,30,13.0,2.0,1.0,1,1.0,1,4,Morning,0.5,1,0,4,1
-2.98256,53.4257,1,1,7,6,30,0.0,,4.0,1,1.0,1,5,Evening,1.0,0,0,4,0
-2.12746,51.37963,2,1,1,6,30,18.0,4.0,1.0,2,1.0,1,7,Evening,0.5,1,0,1,1
-0.05618,51.53954,2,2,7,3,20,13.0,4.0,4.0,1,1.0,1,6,Evening,1.0,1,0,4,1
-1.50946,55.01126,2,1,6,6,30,0.0,,1.0,1,1.0,1,9,Afternoon,0.5,1,0,1,1
1.36526,52.5879,2,3,5,6,60,16.0,4.0,1.0,1,2.0,2,3,Afternoon,1.5,1,0,1,4
-1.19108,52.89979,1,1,4,6,30,13.0,4.0,7.0,9,1.0,1,1,Evening,1.0,1,0,1,1
1.40257,51.36044,2,1,2,6,30,13.0,4.0,1.0,1,1.0,1,7,Morning,0.5,1,0,4,1
-0.26702,51.33338,2,1,1,3,30,13.0,2.0,1.0,1,1.0,1,1,Afternoon,0.5,1,0,4,1
-0.36154,50.81239,2,1,2,6,30,13.0,4.0,1.0,1,1.0,1,6,Afternoon,0.5,1,0,4,1
-2.49746,53.59571,4,1,4,6,50,13.0,4.0,1.0,1,1.0,2,7,Evening,0.25,1,0,3,1
-2.22934,51.19445,1,1,1,6,60,0.0,,1.0,1,1.0,2,9,Morning,1.0,0,0,2,0
-1.10927,51.26745,2,1,2,6,60,0.0,,4.0,8,2.0,1,12,Afternoon,0.5,0,0,4,0
-0.63068,52.87176,3,1,5,3,70,0.0,,1.0,1,1.0,2,1,Afternoon,0.3333333333333333,0,0,4,0
-0.19269,51.45516,2,1,6,6,20,0.0,,1.0,8,2.0,1,3,Afternoon,0.5,0,0,4,0
-1.21474,52.41055,3,1,2,6,50,0.0,,4.0,1,1.0,2,2,Afternoon,0.3333333333333333,0,1,4,0
-0.04744,51.22218,2,1,7,6,30,0.0,,1.0,1,1.0,2,5,Morning,0.5,0,1,4,0
-0.56062,53.20167,1,1,2,6,40,0.0,,4.0,1,2.0,1,11,Night,1.0,0,0,4,0
-0.24982,52.33261,2,1,5,3,60,19.0,4.0,1.0,1,1.0,2,9,Morning,0.5,1,0,4,4
-3.94365,55.74884,2,3,5,6,50,0.0,,6.0,1,1.0,2,10,Evening,1.5,0,1,4,0
-3.05971,53.17565,2,1,6,6,20,0.0,,4.0,1,1.0,1,11,Afternoon,0.5,0,0,1,0
-1.79002,51.23957,1,1,2,6,20,0.0,,1.0,1,2.0,2,11,Afternoon,1.0,0,0,1,0
0.27626,51.43101,3,1,7,7,50,0.0,,1.0,9,1.0,2,3,Morning,0.3333333333333333,1,0,4,4
0.03022,51.62632,2,1,7,6,30,13.0,4.0,7.0,9,1.0,1,3,Night,0.5,1,0,1,1
-2.2282,51.84727,2,1,7,1,30,,4.0,7.0,1,1.0,1,3,Evening,0.5,1,0,4,4
-2.38417,53.49893,2,1,5,7,70,0.0,,4.0,1,1.0,2,12,Morning,0.5,1,0,6,4
-3.88321,54.99016,1,2,4,6,60,0.0,,1.0,4,1.0,2,1,Afternoon,2.0,0,1,4,0
-0.03061,51.35767,2,1,7,1,30,0.0,4.0,4.0,1,1.0,2,1,Night,0.5,1,0,4,2
-2.14635,57.15492,2,1,2,6,30,13.0,4.0,1.0,1,1.0,1,7,Morning,0.5,1,0,2,1
-1.18033,51.08688,2,3,7,6,40,18.0,4.0,1.0,1,1.0,2,6,Morning,1.5,1,0,3,1
-1.86642,53.84141,1,1,6,6,30,19.0,4.0,4.0,1,1.0,2,1,Morning,1.0,1,0,3,1
-3.01872,53.39156,2,1,6,6,30,13.0,4.0,1.0,1,1.0,1,7,Afternoon,0.5,1,0,1,1
-0.06378,51.49826,1,1,4,6,20,0.0,,4.0,1,1.0,1,11,Evening,1.0,0,0,4,0
-0.16909,51.5202,2,2,7,3,30,0.0,,4.0,4,2.0,1,12,Night,1.0,0,0,4,0
-1.19239,53.14289,1,1,7,3,40,0.0,,4.0,1,1.0,1,6,Night,1.0,1,0,4,4
0.09715,51.45946,2,1,6,6,30,13.0,4.0,4.0,1,1.0,1,8,Evening,0.5,1,0,2,1
-0.22149,50.83893,2,2,3,6,40,18.0,4.0,1.0,1,1.0,1,7,Afternoon,1.0,1,0,4,1
0.01615,52.08383,2,1,6,6,30,13.0,2.0,4.0,1,1.0,2,12,Evening,0.5,1,0,1,1
-4.59099,52.07555,1,1,7,6,60,13.0,4.0,1.0,2,2.0,2,11,Afternoon,1.0,1,0,3,1
-2.41159,53.52364,1,1,2,6,30,13.0,4.0,1.0,1,1.0,1,6,Afternoon,1.0,1,0,1,1
-0.40837,51.66294,2,1,3,3,30,13.0,2.0,4.0,1,1.0,1,5,Evening,0.5,1,0,4,1
-2.14368,51.7885,2,2,2,6,60,13.0,3.0,1.0,1,2.0,2,10,Morning,1.0,1,0,3,1
-1.86104,54.73827,2,1,6,6,60,13.0,4.0,1.0,1,1.0,2,7,Afternoon,0.5,1,0,3,3
-2.01781,52.502,2,1,2,1,30,,4.0,1.0,1,1.0,1,4,Afternoon,0.5,1,0,4,1
0.08416,51.59502,2,1,7,9,30,13.0,4.0,1.0,1,1.0,1,6,Evening,0.5,1,0,4,4
-4.13343,50.38026,2,1,1,6,30,17.0,2.0,4.0,2,2.0,1,3,Evening,0.5,1,0,3,3
-0.81475,52.24866,2,1,3,3,70,0.0,,1.0,1,1.0,1,9,Afternoon,0.5,0,1,4,0
-0.26896,53.76714,1,1,6,6,30,0.0,,1.0,1,1.0,1,3,Morning,1.0,0,1,1,0
-0.18379,51.49083,2,1,6,6,20,16.0,4.0,4.0,1,1.0,1,11,Night,0.5,1,0,4,1
-1.90105,52.46753,2,1,7,3,30,17.0,2.0,4.0,1,1.0,1,5,Night,0.5,1,0,4,4
-2.53506,50.94577,1,2,3,6,30,0.0,,1.0,2,2.0,2,10,Afternoon,2.0,0,0,2,0
-0.79168,53.07632,1,1,3,6,40,19.0,4.0,1.0,1,1.0,1,3,Afternoon,1.0,1,0,1,1
-0.09839,51.46851,2,1,4,3,20,16.0,2.0,1.0,1,1.0,1,8,Afternoon,0.5,1,0,4,1
0.3275,51.42542,1,1,6,6,30,0.0,,1.0,1,1.0,2,8,Afternoon,1.0,1,0,3,1
0.90942,51.88245,1,1,4,6,30,0.0,,1.0,1,1.0,1,2,Afternoon,1.0,1,0,1,1
-0.66176,51.86124,2,1,2,6,60,0.0,,1.0,1,1.0,2,2,Morning,0.5,0,0,3,0
-3.02382,53.89923,2,1,7,6,40,0.0,,1.0,8,2.0,2,1,Morning,0.5,1,0,3,1
-3.3842,56.05261,1,1,1,6,60,0.0,,1.0,1,2.0,2,5,Morning,1.0,1,0,3,3
-1.85492,51.30572,3,3,4,6,60,0.0,,1.0,1,2.0,2,3,Morning,1.0,0,0,4,0
-2.95716,53.38462,2,1,7,6,20,0.0,,1.0,1,1.0,1,7,Evening,0.5,0,0,3,0
-2.50766,53.26215,2,1,3,6,30,13.0,4.0,1.0,1,1.0,1,4,Afternoon,0.5,1,0,1,1
-0.00677,51.47255,2,2,1,6,30,0.0,,1.0,1,1.0,1,1,Morning,1.0,0,0,4,0
-0.95976,52.94492,2,2,4,6,50,0.0,,1.0,2,2.0,2,5,Morning,1.0,1,0,4,1
-0.34954,53.76606,1,1,4,6,20,0.0,,1.0,9,1.0,1,1,Morning,1.0,1,0,1,1
-1.84155,52.46987,2,1,1,6,30,16.0,4.0,4.0,2,2.0,1,12,Evening,0.5,1,0,1,1
-2.24999,51.56856,2,2,1,6,60,0.0,,1.0,1,2.0,2,12,Morning,1.0,0,0,1,0
-0.21472,51.5253,1,1,4,6,20,0.0,,4.0,2,2.0,1,12,Evening,1.0,0,0,3,0
-4.13427,50.41381,1,1,7,6,30,0.0,,1.0,1,2.0,1,2,Morning,1.0,1,0,1,3
-0.07751,51.47405,1,1,5,1,20,13.0,4.0,4.0,8,1.0,1,12,Evening,1.0,1,0,4,3
-1.83247,52.47208,1,2,2,6,30,0.0,,1.0,1,1.0,1,2,Afternoon,2.0,1,0,1,1
-3.79257,55.67516,3,2,3,6,30,0.0,,1.0,1,2.0,1,3,Afternoon,0.6666666666666666,1,0,4,1
-1.74705,53.65193,2,1,4,6,30,0.0,,1.0,1,2.0,1,2,Morning,0.5,1,0,1,1
0.20007,51.43917,2,2,6,3,40,0.0,,4.0,1,1.0,1,12,Evening,1.0,1,0,3,1
-1.14606,50.70038,2,1,1,6,50,16.0,4.0,1.0,1,1.0,2,3,Afternoon,0.5,1,0,4,1
-2.16003,51.86772,2,1,4,3,70,0.0,,1.0,1,1.0,2,6,Night,0.5,0,1,6,0
-1.04657,52.78194,2,1,6,3,70,18.0,4.0,1.0,1,1.0,2,12,Afternoon,0.5,1,0,4,1
0.02307,51.32575,2,1,1,6,30,13.0,4.0,1.0,1,1.0,1,12,Morning,0.5,1,0,4,1
-0.10421,51.46433,2,1,6,6,20,0.0,,4.0,1,2.0,1,10,Evening,0.5,0,0,4,0
-0.47866,51.33348,3,2,1,6,30,13.0,4.0,1.0,1,1.0,1,6,Afternoon,0.6666666666666666,1,0,1,1
-0.11346,51.3195,2,1,7,6,20,13.0,4.0,1.0,1,1.0,1,5,Evening,0.5,1,0,1,1
-0.87182,52.22674,2,1,6,3,60,0.0,,1.0,1,1.0,2,1,Afternoon,0.5,0,1,4,0
-0.79615,50.8021,2,3,3,6,40,17.0,4.0,6.0,1,2.0,2,12,Evening,1.5,1,0,3,1
-2.55341,53.7156,3,1,6,3,70,0.0,,1.0,1,2.0,2,6,Morning,0.3333333333333333,0,1,6,0
-2.98437,53.64825,1,1,5,6,20,13.0,4.0,1.0,1,1.0,1,2,Afternoon,1.0,1,0,1,4
-1.28162,53.42211,1,1,6,6,30,0.0,,1.0,2,2.0,1,10,Morning,1.0,1,0,1,1
0.02504,51.5743,2,1,1,3,50,0.0,,4.0,1,1.0,1,10,Evening,0.5,0,0,4,0
0.92001,51.28305,2,1,3,6,30,13.0,1.0,1.0,1,1.0,2,8,Afternoon,0.5,1,0,1,1
-1.34062,51.26686,2,1,1,3,70,0.0,,1.0,1,1.0,2,8,Morning,0.5,0,0,4,0
-1.00222,52.10872,2,2,1,7,60,16.0,4.0,1.0,1,1.0,2,8,Afternoon,1.0,1,0,4,4
0.13269,50.8436,2,1,7,6,50,,4.0,1.0,1,1.0,2,5,Afternoon,0.5,1,0,4,1
-2.1346,53.52906,2,1,5,6,30,16.0,,1.0,1,1.0,1,5,Afternoon,0.5,1,0,1,4
-0.99625,54.56802,2,2,3,6,60,18.0,4.0,1.0,1,1.0,2,9,Afternoon,1.0,1,0,4,1
-1.77885,55.27102,2,1,3,6,60,13.0,4.0,1.0,2,2.0,2,4,Morning,0.5,1,0,4,1
0.31509,52.22052,1,1,3,3,70,0.0,,1.0,1,1.0,2,5,Afternoon,1.0,0,1,4,0
-4.24875,55.83977,2,1,4,3,30,0.0,,1.0,1,1.0,1,5,Afternoon,0.5,1,0,6,6
-0.11416,51.34401,1,1,4,6,40,0.0,,1.0,1,2.0,1,12,Morning,1.0,0,0,4,0
0.08425,52.50583,2,1,6,6,60,0.0,,1.0,1,1.0,2,10,Morning,0.5,0,1,4,0
-1.49923,52.93151,2,1,4,3,40,0.0,,1.0,1,1.0,2,10,Morning,0.5,0,0,4,0
-1.07656,50.78669,2,1,4,6,30,16.0,2.0,1.0,1,1.0,1,11,Afternoon,0.5,1,0,3,1
-3.05259,53.80756,1,1,5,6,30,0.0,,4.0,1,2.0,1,10,Night,1.0,1,0,1,1
-5.27972,50.22662,2,1,7,3,40,16.0,2.0,4.0,1,1.0,2,2,Evening,0.5,1,0,4,1
-0.20344,51.56118,1,1,2,3,40,16.0,2.0,1.0,1,1.0,1,12,Afternoon,1.0,1,0,4,4
-2.1331,52.88483,2,2,6,3,60,13.0,4.0,4.0,1,2.0,2,9,Evening,1.0,1,0,1,1
0.4651,51.57283,1,2,5,3,50,0.0,,4.0,1,1.0,1,11,Evening,2.0,1,0,4,1
-0.29427,51.53146,2,3,7,1,40,0.0,2.0,4.0,1,1.0,1,4,Evening,1.5,1,0,4,4
0.70005,52.23725,1,1,4,6,30,0.0,,4.0,1,2.0,1,1,Evening,1.0,0,1,4,0
-2.29009,53.35817,2,1,6,3,30,13.0,2.0,1.0,1,1.0,2,7,Evening,0.5,1,0,4,1
-1.36904,54.81691,2,1,6,6,30,16.0,2.0,1.0,1,1.0,2,5,Evening,0.5,1,0,3,3
1.10197,51.86839,2,1,4,6,60,0.0,,1.0,1,2.0,2,2,Morning,0.5,0,1,1,0
0.62292,52.45172,1,1,3,6,30,19.0,4.0,4.0,1,1.0,2,2,Evening,1.0,1,0,4,1
-0.79975,51.21432,2,1,3,6,30,0.0,,1.0,9,,1,11,Afternoon,0.5,1,0,4,1
0.27947,51.43253,2,4,2,6,20,0.0,,1.0,1,1.0,2,4,Evening,2.0,1,0,3,1
-0.40198,51.43057,2,1,6,1,30,,9.0,1.0,8,1.0,1,3,Afternoon,0.5,1,0,4,2
-1.4874,53.02995,2,1,1,6,30,0.0,,4.0,1,2.0,1,3,Evening,0.5,0,0,4,0
-5.02399,56.2396,1,1,7,6,40,0.0,,1.0,1,1.0,2,7,Morning,1.0,0,1,4,0
-0.16079,51.3356,2,2,2,3,40,0.0,,4.0,8,1.0,1,1,Afternoon,1.0,0,0,4,0
-2.22342,51.69967,2,2,5,6,40,0.0,,1.0,1,1.0,1,6,Morning,1.0,0,1,4,0
-1.79338,53.61526,1,1,1,3,40,0.0,,1.0,1,1.0,2,6,Afternoon,1.0,0,1,4,0
-1.40907,53.42216,2,1,4,3,30,0.0,,4.0,2,1.0,1,1,Morning,0.5,1,0,4,4
-0.55848,50.81359,3,1,4,1,60,0.0,,1.0,1,2.0,2,1,Morning,0.3333333333333333,1,0,4,4
1.42927,51.36074,1,1,4,6,30,0.0,,1.0,1,1.0,1,2,Morning,1.0,1,0,4,1
-1.7969,51.06855,2,1,2,6,30,13.0,2.0,1.0,1,1.0,1,9,Morning,0.5,1,0,1,1
-4.14441,50.42624,3,1,6,6,30,0.0,,1.0,1,1.0,1,3,Afternoon,0.3333333333333333,1,0,1,1
-0.60363,52.0333,2,3,6,7,70,0.0,,6.0,1,2.0,2,11,Evening,1.5,1,0,4,1
-0.0284,51.71284,2,1,6,6,30,13.0,3.0,1.0,1,,1,1,Morning,0.5,1,0,1,1
-2.24736,52.38949,2,1,2,6,30,0.0,,1.0,1,1.0,1,7,Morning,0.5,0,1,1,0
-2.38339,51.69061,2,1,1,6,30,19.0,4.0,1.0,1,1.0,2,4,Morning,0.5,1,0,1,1
0.74154,51.29773,2,2,2,3,70,0.0,,4.0,1,1.0,2,5,Evening,1.0,0,1,6,0
-0.1054,51.51415,1,1,7,3,20,0.0,,1.0,1,1.0,1,3,Morning,1.0,1,0,1,1
0.1583,51.87267,1,1,4,6,30,13.0,4.0,1.0,1,2.0,1,10,Afternoon,1.0,1,0,3,1
-1.81128,53.65557,1,1,2,6,30,16.0,4.0,1.0,2,2.0,1,12,Morning,1.0,1,0,1,1
-4.18456,55.85823,1,1,2,6,30,0.0,,1.0,1,1.0,1,10,Afternoon,1.0,1,0,1,1
-1.54127,54.92071,2,1,7,6,30,0.0,,1.0,1,1.0,2,6,Morning,0.5,0,1,1,0
-1.72562,51.52748,2,1,3,1,70,0.0,2.0,6.0,9,1.0,2,1,Evening,0.5,1,0,6,4
-0.09615,51.571,1,1,2,3,20,17.0,2.0,1.0,1,1.0,1,5,Afternoon,1.0,1,0,4,4
-0.23944,51.97856,3,1,4,6,30,13.0,4.0,4.0,1,1.0,1,5,Evening,0.3333333333333333,1,0,1,1
-1.47162,50.94707,3,1,4,3,70,0.0,4.0,1.0,1,1.0,2,4,Morning,0.3333333333333333,1,0,6,6
-2.79114,54.04063,1,1,6,6,30,0.0,,4.0,1,2.0,1,10,Evening,1.0,1,0,1,1
-1.18618,50.81953,2,1,6,6,40,13.0,4.0,4.0,1,1.0,2,8,Evening,0.5,1,0,3,1
-2.89615,53.18736,1,1,7,6,20,0.0,,1.0,8,1.0,1,1,Afternoon,1.0,0,0,1,0
-1.77787,53.82332,2,1,6,6,30,13.0,4.0,1.0,1,1.0,1,6,Afternoon,0.5,1,0,4,1
-0.44214,53.82475,2,1,4,3,20,0.0,,1.0,1,1.0,1,4,Morning,0.5,1,0,1,1
-0.27712,51.42651,2,1,7,3,20,0.0,,1.0,2,1.0,2,7,Afternoon,0.5,0,0,1,0
-1.92456,52.47053,2,1,5,2,30,16.0,2.0,1.0,1,1.0,1,10,Afternoon,0.5,1,0,3,3
-0.3247,51.23845,2,2,4,3,40,0.0,,1.0,1,1.0,1,5,Afternoon,1.0,1,0,4,1
-0.41793,51.46559,2,2,4,6,30,18.0,4.0,1.0,1,1.0,1,10,Afternoon,1.0,1,0,2,1
-4.19725,55.48013,2,2,5,6,60,0.0,,1.0,1,1.0,2,1,Afternoon,1.0,0,1,4,0
1.28781,52.62587,2,1,6,6,20,19.0,2.0,4.0,1,1.0,1,12,Evening,0.5,1,0,4,1
-0.56868,51.3095,2,1,5,6,30,13.0,4.0,1.0,1,2.0,1,9,Morning,0.5,1,0,1,1
-1.60169,50.78182,2,1,7,6,30,0.0,,1.0,1,2.0,2,6,Morning,0.5,0,0,3,0
-0.43987,51.56873,2,1,7,6,30,13.0,4.0,1.0,1,1.0,1,9,Morning,0.5,1,0,3,1
-0.12265,51.51421,2,1,3,2,20,13.0,4.0,1.0,1,1.0,1,4,Afternoon,0.5,1,0,3,1
-1.61968,52.82601,1,1,3,6,20,0.0,,1.0,1,1.0,1,9,Morning,1.0,1,0,4,1
-1.5077,54.89871,2,1,2,1,30,,4.0,1.0,1,1.0,2,5,Afternoon,0.5,1,0,4,1
-2.6943,53.43165,2,1,3,6,30,0.0,,1.0,1,1.0,2,5,Afternoon,0.5,0,0,3,0
-0.1822,51.58354,2,1,4,6,30,13.0,4.0,1.0,1,1.0,1,10,Afternoon,0.5,1,0,1,1
-0.29657,51.45022,2,1,4,6,20,0.0,4.0,1.0,9,1.0,1,4,Afternoon,0.5,1,0,3,1
-2.73428,51.61157,2,1,6,3,50,0.0,,6.0,1,1.0,2,5,Night,0.5,0,0,6,0
-1.48461,53.42876,2,1,4,6,30,13.0,4.0,1.0,1,1.0,1,7,Evening,0.5,1,0,1,1
-2.3741,53.47686,2,1,6,3,70,0.0,,1.0,1,1.0,1,3,Afternoon,0.5,1,0,6,6
-0.88501,52.24266,2,1,6,6,30,13.0,4.0,4.0,1,4.0,1,1,Afternoon,0.5,1,0,4,1
-1.86831,52.45595,2,1,3,6,30,0.0,,1.0,1,1.0,1,7,Afternoon,0.5,0,1,4,0
0.16877,51.53773,2,1,6,3,30,0.0,,1.0,1,1.0,1,1,Morning,0.5,0,0,4,0
-2.16119,53.40824,2,1,3,6,30,16.0,2.0,1.0,1,1.0,1,10,Afternoon,0.5,1,0,4,1
-1.5098,53.82256,2,1,7,6,40,13.0,4.0,1.0,1,1.0,1,7,Morning,0.5,1,0,1,1
0.2147,52.13317,2,1,2,3,60,16.0,4.0,6.0,1,2.0,2,1,Morning,0.5,1,0,4,1
-2.89994,59.03559,1,2,7,6,60,0.0,,6.0,2,2.0,2,3,Evening,2.0,1,0,3,1
-1.32299,53.68654,2,1,1,6,30,13.0,4.0,1.0,1,1.0,1,3,Afternoon,0.5,1,0,1,4
-1.4684,53.39858,2,1,5,6,30,13.0,2.0,1.0,2,2.0,1,9,Afternoon,0.5,1,0,1,3
-1.83545,52.67932,2,2,4,1,30,,,1.0,9,,1,1,Morning,1.0,1,0,1,1
-3.14633,51.18912,2,1,2,6,60,0.0,,1.0,1,2.0,2,6,Night,0.5,0,0,1,0
-1.90782,50.78297,2,1,4,6,30,0.0,,4.0,1,1.0,1,3,Evening,0.5,0,0,4,0
-1.47974,53.38692,3,2,7,3,30,0.0,,1.0,2,2.0,1,11,Night,0.6666666666666666,1,0,4,1
-3.37241,50.6692,2,1,7,6,60,16.0,4.0,1.0,1,1.0,2,3,Morning,0.5,1,0,3,3
-0.12445,51.47062,1,3,3,3,20,17.0,2.0,1.0,1,1.0,1,4,Morning,3.0,1,0,4,1
-0.41749,52.99355,3,1,4,6,30,0.0,,1.0,1,1.0,1,6,Evening,0.3333333333333333,0,0,3,0
-1.1314,52.98032,2,1,6,6,30,13.0,4.0,1.0,1,1.0,1,8,Evening,0.5,1,0,3,1
-0.15785,51.11893,2,1,6,7,30,13.0,2.0,1.0,1,2.0,1,2,Morning,0.5,1,0,4,1
0.50748,51.318,2,1,3,6,30,16.0,4.0,1.0,1,1.0,2,8,Morning,0.5,1,0,1,1
-0.30027,51.44628,2,1,7,6,20,19.0,4.0,4.0,1,1.0,1,10,Evening,0.5,1,0,4,1
-0.70885,51.87709,2,1,3,6,60,13.0,4.0,1.0,1,1.0,2,4,Morning,0.5,1,0,2,2
0.17368,51.4351,2,1,3,1,20,,4.0,1.0,1,1.0,2,9,Morning,0.5,1,0,4,1
-0.36914,53.73004,2,1,7,3,40,0.0,,4.0,2,2.0,1,9,Morning,0.5,0,1,4,0
-2.37862,52.52297,2,1,2,6,60,0.0,,1.0,1,1.0,2,3,Morning,0.5,0,1,1,0
-1.43426,53.26442,2,2,5,3,70,0.0,,1.0,1,1.0,2,1,Afternoon,1.0,0,0,4,0
0.04583,51.48223,2,2,7,6,20,13.0,4.0,1.0,2,2.0,1,2,Morning,1.0,1,0,3,1
-1.93809,52.4897,1,1,6,6,30,16.0,2.0,4.0,1,2.0,1,12,Night,1.0,1,0,4,1
-0.25996,52.54674,3,3,5,7,70,,4.0,4.0,1,1.0,2,2,Afternoon,1.0,1,0,4,4
-2.1574,51.9925,1,1,2,1,30,,4.0,1.0,1,1.0,1,2,Afternoon,1.0,1,0,4,1
-0.11828,51.55851,1,1,3,2,20,0.0,,1.0,1,1.0,1,6,Afternoon,1.0,0,0,4,0
-0.66919,51.16263,1,1,2,3,70,0.0,,6.0,2,5.0,2,7,Evening,1.0,1,0,4,1
0.87132,51.30222,6,2,4,3,70,0.0,,6.0,1,1.0,2,11,Evening,0.3333333333333333,0,1,6,0
-3.95971,51.61649,1,1,1,6,20,0.0,4.0,4.0,1,1.0,1,9,Night,1.0,1,0,1,1
0.75011,51.3046,2,1,6,6,60,0.0,,1.0,1,2.0,2,3,Morning,0.5,0,1,1,0
-1.32327,53.4885,3,2,1,6,30,0.0,,1.0,2,1.0,1,4,Morning,0.6666666666666666,1,0,4,1
-0.34555,53.74563,1,1,1,3,30,0.0,,1.0,1,1.0,1,2,Afternoon,1.0,0,1,4,0
-1.12027,52.96233,1,1,2,3,30,17.0,2.0,1.0,1,2.0,1,12,Afternoon,1.0,1,0,1,3
-1.83071,52.48593,2,1,5,6,30,19.0,2.0,1.0,1,2.0,1,9,Morning,0.5,1,0,1,1
0.6814,51.56165,2,1,6,1,40,,4.0,1.0,1,1.0,1,10,Morning,0.5,1,0,4,1
-0.16114,52.10585,2,2,6,6,50,0.0,,6.0,1,1.0,2,3,Evening,1.0,1,0,3,1
-3.56166,54.61582,1,1,7,6,30,13.0,2.0,1.0,1,1.0,1,6,Afternoon,1.0,1,0,4,1
-1.50172,53.34244,2,1,7,3,30,0.0,,4.0,1,1.0,1,8,Evening,0.5,1,0,4,1
-0.04343,51.62353,1,2,7,6,40,17.0,2.0,4.0,1,1.0,2,11,Afternoon,2.0,1,0,4,1
0.04977,51.57063,4,1,3,3,50,0.0,,4.0,1,1.0,2,8,Evening,0.25,0,0,4,0
-0.30759,53.89252,2,1,4,6,30,13.0,4.0,1.0,1,1.0,2,7,Evening,0.5,1,0,1,1
-3.30523,55.91936,2,1,1,3,70,,2.0,1.0,1,1.0,1,9,Afternoon,0.5,1,0,4,4
-0.13963,51.51551,2,1,4,2,20,16.0,4.0,1.0,1,1.0,1,10,Evening,0.5,1,0,4,4
-2.72695,51.47665,5,3,4,6,60,13.0,4.0,1.0,1,1.0,2,5,Afternoon,0.6,1,0,4,1
-2.76743,53.46931,2,2,1,3,40,16.0,2.0,1.0,2,2.0,1,3,Morning,1.0,1,0,4,4
-0.35259,53.743,2,1,7,6,30,13.0,4.0,1.0,1,1.0,1,3,Morning,0.5,1,0,1,1
-2.69122,53.33859,1,1,4,6,20,0.0,,1.0,1,1.0,1,10,Afternoon,1.0,0,1,1,0
0.49854,51.3938,3,1,1,3,30,16.0,2.0,4.0,1,2.0,1,9,Evening,0.3333333333333333,1,0,4,4
-1.4831,52.91956,1,1,5,3,30,13.0,2.0,1.0,1,1.0,1,8,Afternoon,1.0,1,0,4,4
0.71414,52.24099,2,2,1,6,20,0.0,,4.0,8,2.0,1,12,Evening,1.0,1,0,1,1
0.53414,51.3787,1,1,3,3,30,19.0,4.0,4.0,1,1.0,1,6,Evening,1.0,1,0,4,4
-1.56209,53.55217,1,1,6,6,30,0.0,,6.0,1,1.0,2,8,Night,1.0,1,0,1,1
-0.32269,51.57967,1,1,4,6,30,13.0,2.0,1.0,9,1.0,1,4,Afternoon,1.0,1,0,4,1
-2.12513,52.63727,2,1,3,3,40,,,1.0,1,,2,9,Afternoon,0.5,1,0,4,4
-0.10365,51.43396,1,1,1,6,20,13.0,2.0,4.0,1,1.0,1,5,Night,1.0,1,0,4,1
-3.21775,51.43703,2,1,2,6,20,13.0,4.0,1.0,1,1.0,1,7,Morning,0.5,1,0,1,1
-2.15604,53.60107,2,1,5,6,30,0.0,,1.0,1,1.0,1,6,Evening,0.5,1,0,4,1
-4.67944,56.89026,1,1,2,6,60,0.0,,1.0,1,2.0,2,12,Morning,1.0,1,0,4,1
-0.1135,51.45467,1,1,3,3,30,0.0,,1.0,1,1.0,1,3,Night,1.0,0,0,4,0
-0.01721,51.44898,2,1,6,6,20,13.0,4.0,1.0,1,1.0,1,5,Morning,0.5,1,0,4,1
-0.08769,51.60593,2,1,2,6,20,0.0,,1.0,1,1.0,1,11,Morning,0.5,0,0,2,0
-0.00099,51.5465,2,1,2,3,20,17.0,2.0,4.0,2,2.0,1,11,Evening,0.5,1,0,4,1
-3.81891,56.04102,2,1,2,6,20,0.0,,1.0,1,1.0,2,11,Morning,0.5,1,0,1,1
-1.63622,53.70115,3,2,6,6,30,13.0,4.0,1.0,1,1.0,1,10,Morning,0.6666666666666666,1,0,1,1
-1.74933,52.38983,1,1,7,6,30,13.0,4.0,1.0,1,1.0,1,6,Morning,1.0,1,0,1,1
-1.57558,54.01072,2,3,5,6,60,0.0,,1.0,1,2.0,2,10,Morning,1.5,0,0,3,0
0.37738,52.16828,2,5,6,6,30,13.0,4.0,1.0,1,1.0,2,8,Afternoon,2.5,1,0,1,1
-1.76726,53.77829,2,3,7,6,30,16.0,4.0,1.0,2,2.0,1,10,Morning,1.5,1,0,1,1
0.24084,51.52449,1,1,7,6,40,0.0,,1.0,2,2.0,2,8,Morning,1.0,0,0,2,0
-0.31955,51.38438,2,1,4,1,30,,4.0,1.0,1,1.0,1,3,Afternoon,0.5,1,0,1,1
-1.84426,52.15819,2,1,1,6,30,13.0,4.0,1.0,1,1.0,2,1,Afternoon,0.5,1,0,1,1
0.52718,51.61355,2,1,2,6,30,13.0,4.0,1.0,1,1.0,1,4,Afternoon,0.5,1,0,4,1
-0.43556,51.7646,2,1,4,6,30,13.0,4.0,4.0,1,2.0,1,11,Morning,0.5,1,0,1,1
-1.24404,54.57203,2,1,5,6,30,13.0,4.0,1.0,1,1.0,1,6,Morning,0.5,1,0,1,1
-0.01118,51.56122,1,1,2,6,20,0.0,,4.0,1,1.0,1,3,Evening,1.0,0,0,1,0
-2.23384,53.02502,2,1,2,1,40,,4.0,1.0,1,1.0,1,6,Evening,0.5,1,0,4,3
-1.276,53.28937,2,3,7,6,50,0.0,,1.0,2,2.0,2,10,Morning,1.5,0,0,4,0
0.16079,51.47328,1,1,3,6,20,13.0,4.0,1.0,1,1.0,1,5,Morning,1.0,1,0,2,1
-0.08032,51.53411,2,1,3,9,20,13.0,4.0,1.0,9,9.0,1,12,Afternoon,0.5,1,0,2,2
-0.13865,51.53455,1,1,7,2,20,17.0,2.0,4.0,1,1.0,1,10,Evening,1.0,1,0,4,3
-1.22929,53.79693,1,1,1,6,60,0.0,,1.0,1,1.0,2,3,Afternoon,1.0,0,0,3,0
-0.12406,51.56105,1,1,4,3,30,13.0,2.0,4.0,1,1.0,1,4,Evening,1.0,1,0,4,2
0.11304,51.54534,2,1,2,6,30,13.0,1.0,4.0,8,1.0,1,8,Evening,0.5,1,0,2,1
-0.05946,51.54951,3,1,5,6,20,17.0,2.0,1.0,1,1.0,1,7,Afternoon,0.3333333333333333,1,0,4,4
-0.31594,51.55531,1,1,2,6,30,17.0,2.0,4.0,1,1.0,1,11,Evening,1.0,1,0,4,1
-1.28495,51.04381,2,1,7,6,60,0.0,,1.0,1,2.0,2,7,Evening,0.5,0,0,1,0
0.33122,51.63111,1,1,5,6,30,13.0,4.0,1.0,1,2.0,1,11,Morning,1.0,1,0,1,1
-0.43901,51.51619,1,1,4,6,30,16.0,4.0,4.0,1,1.0,1,11,Evening,1.0,1,0,4,1
1.19937,52.05534,2,1,1,6,30,0.0,,4.0,5,2.0,1,12,Morning,0.5,0,1,1,0
-0.75238,52.03364,1,1,2,6,30,0.0,4.0,4.0,8,2.0,1,12,Morning,1.0,0,1,1,0
0.27921,53.31689,1,1,3,6,30,13.0,4.0,6.0,1,1.0,1,6,Night,1.0,1,0,1,1
-2.52329,51.48172,2,1,4,6,20,0.0,,1.0,1,1.0,1,5,Afternoon,0.5,0,0,3,0
-1.77785,52.48961,2,1,7,6,30,0.0,,4.0,1,1.0,2,12,Evening,0.5,0,1,1,0
-1.11677,51.35838,1,1,6,6,30,13.0,4.0,1.0,1,1.0,1,6,Evening,1.0,1,0,1,1
-3.01993,53.85959,2,1,2,6,30,19.0,4.0,1.0,1,1.0,2,6,Morning,0.5,1,0,1,1
-0.19279,53.43689,1,1,7,6,60,0.0,,1.0,1,2.0,2,1,Afternoon,1.0,0,0,2,0
-0.01726,51.61502,1,1,2,9,30,,9.0,1.0,1,1.0,1,4,Afternoon,1.0,1,0,1,4
-2.74135,54.33036,1,1,2,6,30,0.0,,1.0,1,1.0,1,4,Morning,1.0,1,0,4,1
-2.42973,53.52405,2,1,4,6,30,13.0,4.0,1.0,1,1.0,1,7,Evening,0.5,1,0,4,1
-3.94031,56.10507,2,1,6,6,30,13.0,4.0,1.0,1,1.0,1,3,Morning,0.5,1,0,3,1
-0.95257,53.40925,2,1,3,6,50,19.0,4.0,6.0,1,1.0,2,11,Evening,0.5,1,0,4,1
-1.51611,52.37787,2,1,5,6,40,0.0,,4.0,1,2.0,1,9,Afternoon,0.5,1,0,3,1
1.28387,52.63235,2,1,3,6,30,13.0,,7.0,9,,1,12,Afternoon,0.5,1,0,4,1
-0.83513,51.31243,1,1,2,6,60,0.0,,6.0,1,1.0,2,2,Evening,1.0,0,0,1,0
-2.5794,51.46841,2,1,3,1,20,0.0,4.0,1.0,2,2.0,1,1,Afternoon,0.5,1,0,3,1
-1.58324,53.01238,2,2,6,6,60,13.0,4.0,1.0,1,1.0,2,7,Afternoon,1.0,1,0,2,2
-0.01663,51.46476,2,1,5,6,30,13.0,4.0,1.0,2,2.0,1,2,Morning,0.5,1,0,4,1
-0.06024,51.58802,1,1,2,6,20,0.0,,1.0,1,1.0,1,2,Morning,1.0,0,0,4,0
-1.75763,53.7954,1,1,5,6,30,13.0,4.0,1.0,1,2.0,1,3,Afternoon,1.0,1,0,4,4
-0.13799,52.79604,1,1,5,6,30,0.0,,1.0,1,1.0,1,7,Afternoon,1.0,0,0,4,0
-0.48791,51.49455,2,1,3,3,70,0.0,,1.0,2,2.0,2,5,Morning,0.5,0,0,6,0
-0.34827,51.07222,2,1,6,7,60,,4.0,4.0,1,2.0,2,2,Evening,0.5,1,0,4,4
-1.7717,53.79267,2,3,4,3,30,0.0,,1.0,1,1.0,1,10,Morning,1.5,1,0,1,1
0.51829,51.27293,1,1,7,6,30,13.0,2.0,4.0,1,1.0,1,11,Night,1.0,1,0,4,4
-1.29288,50.85339,1,1,2,6,30,0.0,,1.0,1,1.0,1,2,Afternoon,1.0,0,0,1,0
-2.18061,53.06685,2,1,2,6,30,0.0,,1.0,2,2.0,1,9,Afternoon,0.5,0,1,1,0
0.33544,51.48235,1,1,4,6,30,0.0,,1.0,1,1.0,1,7,Afternoon,1.0,0,1,4,0
0.15445,51.52947,2,1,5,6,20,16.0,2.0,1.0,1,1.0,1,1,Morning,0.5,1,0,4,3
0.12861,51.56646,1,1,4,6,30,13.0,4.0,1.0,1,1.0,1,8,Morning,1.0,1,0,2,1
-4.27906,55.85375,2,1,3,6,30,0.0,,1.0,1,1.0,1,7,Afternoon,0.5,1,0,4,1
-0.0515,51.363,2,1,4,6,30,0.0,,1.0,1,1.0,1,7,Afternoon,0.5,0,0,2,0
-2.75146,53.94942,1,1,7,3,70,0.0,,1.0,1,1.0,2,6,Evening,1.0,0,1,6,0
-4.30559,55.60863,2,3,5,6,40,0.0,,1.0,1,1.0,2,10,Morning,1.5,1,0,4,4
-0.47971,51.54428,2,1,7,3,30,13.0,2.0,1.0,1,1.0,1,6,Morning,0.5,1,0,4,4
-1.28571,53.20963,2,2,7,6,60,16.0,4.0,1.0,1,1.0,2,2,Afternoon,1.0,1,0,1,1
0.73419,51.55483,1,1,3,6,30,0.0,,1.0,1,1.0,1,10,Morning,1.0,0,1,1,0
-1.44024,50.91309,2,1,4,3,40,0.0,,1.0,1,1.0,1,11,Morning,0.5,0,0,4,0
-0.28776,51.47162,2,1,7,6,20,13.0,4.0,1.0,9,1.0,1,7,Afternoon,0.5,1,0,3,1
-0.45656,51.47194,2,1,2,6,20,0.0,,1.0,1,1.0,1,6,Morning,0.5,0,0,1,0
-1.4642,50.93504,2,1,4,6,20,19.0,4.0,1.0,1,1.0,2,6,Afternoon,0.5,1,0,1,1
-0.22397,51.4911,1,1,2,1,20,0.0,2.0,1.0,8,1.0,1,2,Morning,1.0,1,0,4,4
0.46679,51.74323,2,1,5,6,30,13.0,2.0,4.0,1,1.0,1,10,Evening,0.5,1,0,3,1
-1.58595,53.09333,2,1,7,6,50,0.0,,1.0,1,1.0,2,5,Morning,0.5,0,0,3,0
-0.21832,51.36127,2,1,5,6,20,13.0,4.0,1.0,2,2.0,1,12,Morning,0.5,1,0,1,4
-2.18631,52.36375,2,2,6,6,40,0.0,,1.0,1,1.0,2,8,Afternoon,1.0,1,0,4,1
-1.47768,53.80494,1,1,7,3,40,0.0,,1.0,1,1.0,1,3,Morning,1.0,1,0,4,1
-2.21048,53.05635,1,1,1,6,30,13.0,2.0,1.0,4,1.0,1,12,Morning,1.0,1,0,1,1
-2.40097,52.47648,1,1,7,6,60,13.0,4.0,6.0,2,2.0,2,10,Evening,1.0,1,0,3,1
-3.35734,51.76599,2,2,2,6,20,13.0,4.0,1.0,1,2.0,1,10,Morning,1.0,1,0,1,1
-2.08896,52.63974,1,1,1,1,40,,4.0,7.0,2,2.0,2,4,Night,1.0,1,0,4,6
-4.61361,50.53707,1,1,5,3,70,13.0,4.0,1.0,1,1.0,2,12,Afternoon,1.0,1,0,4,1
-0.3037,51.57418,2,1,2,6,20,19.0,4.0,4.0,1,2.0,1,7,Night,0.5,1,0,1,1
-0.84216,52.28124,2,1,3,3,40,0.0,,6.0,1,1.0,1,1,Morning,0.5,0,1,4,0
0.57223,52.63892,2,2,6,6,60,13.0,4.0,1.0,1,1.0,2,3,Morning,1.0,1,0,4,1
-2.24678,53.79389,1,1,6,6,30,13.0,4.0,4.0,1,1.0,1,4,Evening,1.0,1,0,1,3
-2.2531,53.50949,2,1,6,6,30,13.0,,1.0,1,1.0,1,8,Afternoon,0.5,1,0,4,1
-3.21423,55.94192,3,1,7,6,20,13.0,4.0,1.0,1,1.0,1,8,Morning,0.3333333333333333,1,0,1,1
-0.08504,51.39569,2,1,4,3,20,0.0,,1.0,1,1.0,1,1,Afternoon,0.5,0,0,1,0
1.55973,52.45415,2,1,1,6,30,13.0,4.0,1.0,1,2.0,1,10,Morning,0.5,1,0,1,3
-0.10875,51.52393,2,1,4,6,20,13.0,4.0,1.0,8,1.0,1,5,Morning,0.5,1,0,4,1
-1.05297,51.28883,2,1,2,6,50,16.0,2.0,1.0,1,1.0,1,6,Evening,0.5,1,0,4,1
-0.23474,52.35975,2,2,5,3,70,0.0,,6.0,1,2.0,2,3,Evening,1.0,0,1,4,0
-0.87719,53.70527,2,1,7,6,30,13.0,4.0,4.0,1,1.0,1,2,Evening,0.5,1,0,1,1
-3.02547,53.91579,2,1,6,6,30,0.0,,1.0,8,1.0,1,6,Afternoon,0.5,1,0,1,1
-1.42815,53.22324,2,1,2,6,30,13.0,4.0,1.0,1,2.0,1,10,Afternoon,0.5,1,0,1,1
-0.96811,51.45492,2,1,4,6,30,13.0,4.0,1.0,1,1.0,1,3,Afternoon,0.5,1,0,1,1
0.00125,51.36755,2,1,2,6,30,13.0,4.0,1.0,8,2.0,1,9,Morning,0.5,1,0,1,1
-0.66897,53.57413,1,1,2,6,30,0.0,,1.0,1,1.0,2,3,Afternoon,1.0,1,0,1,1
0.76503,51.43711,3,1,5,6,30,0.0,,1.0,1,2.0,1,1,Afternoon,0.3333333333333333,1,0,4,1
-1.89532,52.47526,1,1,5,3,20,13.0,2.0,1.0,2,2.0,1,2,Afternoon,1.0,1,0,1,1
-1.82493,52.44187,2,1,1,6,30,,4.0,4.0,1,1.0,1,2,Evening,0.5,1,0,1,1
0.06059,51.5148,1,1,4,6,20,0.0,4.0,4.0,2,2.0,1,11,Night,1.0,1,0,4,1
-3.38973,56.07431,2,1,5,3,70,0.0,,1.0,1,2.0,2,1,Afternoon,0.5,0,1,6,0
-1.17539,52.97961,2,1,1,3,40,17.0,2.0,4.0,2,2.0,1,3,Evening,0.5,1,0,4,3
-3.2816,51.40274,2,2,1,6,20,16.0,4.0,4.0,1,1.0,1,7,Evening,1.0,1,0,1,1
-0.07568,51.54624,2,1,5,9,20,16.0,2.0,4.0,1,1.0,1,11,Evening,0.5,1,0,4,4
0.72356,52.41491,2,1,7,3,70,19.0,4.0,1.0,1,1.0,2,5,Afternoon,0.5,1,0,4,4
-0.0963,51.51289,1,1,5,3,20,16.0,2.0,4.0,1,1.0,1,11,Evening,1.0,1,0,1,1
-2.26157,52.00082,2,1,7,3,70,0.0,,6.0,1,1.0,2,11,Evening,0.5,0,1,6,0
-2.5553,55.60051,2,2,6,6,60,0.0,,6.0,2,2.0,2,11,Afternoon,1.0,1,0,3,1
-1.70391,53.90054,3,3,1,6,60,0.0,,4.0,2,2.0,1,9,Evening,1.0,0,1,4,0
-3.35733,50.9183,2,1,7,6,30,,2.0,4.0,2,2.0,2,3,Evening,0.5,1,0,6,4
-0.93708,51.44856,2,1,1,6,30,0.0,,1.0,1,1.0,1,6,Morning,0.5,0,0,4,0
-0.19106,51.50187,1,1,2,6,20,13.0,2.0,4.0,1,2.0,1,4,Evening,1.0,1,0,4,4
-0.25081,51.47354,2,1,5,6,20,13.0,4.0,4.0,2,2.0,1,2,Afternoon,0.5,1,0,4,1
-1.13338,50.88573,2,1,1,6,60,13.0,4.0,1.0,1,1.0,2,4,Morning,0.5,1,0,3,1
-1.73609,52.40826,2,1,6,3,70,0.0,,1.0,1,1.0,2,9,Afternoon,0.5,0,1,6,0
-2.59704,51.4535,2,1,6,6,20,16.0,2.0,4.0,1,1.0,1,4,Evening,0.5,1,0,3,1
-1.89022,52.47383,2,4,7,3,30,0.0,,4.0,1,2.0,1,6,Night,2.0,1,0,1,1
-0.3921,53.77021,2,1,4,6,30,13.0,4.0,1.0,1,1.0,1,6,Afternoon,0.5,1,0,1,1
-0.93189,53.30695,2,1,6,6,30,19.0,4.0,1.0,9,1.0,2,2,Morning,0.5,1,0,4,1
-2.33434,51.2171,2,1,7,1,30,0.0,4.0,4.0,5,2.0,1,11,Afternoon,0.5,1,0,3,1
1.14546,52.58376,2,1,3,6,30,13.0,4.0,1.0,8,1.0,1,9,Afternoon,0.5,1,0,1,3
-2.38643,53.43531,2,1,3,6,30,0.0,,1.0,1,1.0,2,3,Afternoon,0.5,0,1,3,0
-0.43698,54.2655,2,1,7,6,40,0.0,,1.0,4,1.0,2,3,Night,0.5,0,0,4,0
1.04744,51.93422,2,1,2,6,60,13.0,4.0,1.0,1,1.0,2,7,Morning,0.5,1,0,1,1
-2.11988,51.89706,2,1,3,3,40,0.0,,1.0,1,1.0,1,10,Morning,0.5,0,1,4,0
-0.76287,51.63445,2,1,7,6,30,18.0,4.0,4.0,1,1.0,1,6,Evening,0.5,1,0,4,1
-1.65411,53.70669,2,1,6,6,30,16.0,2.0,4.0,1,2.0,1,3,Night,0.5,1,0,4,1
-4.37125,55.90066,1,1,3,3,30,0.0,,4.0,1,1.0,1,7,Night,1.0,1,0,4,1
0.5507,51.55979,2,1,5,6,30,19.0,4.0,4.0,1,1.0,1,10,Evening,0.5,1,0,3,1
-0.42493,50.82372,2,1,1,1,30,,4.0,1.0,1,1.0,1,6,Afternoon,0.5,1,0,4,1
-0.40543,51.50703,1,2,7,3,50,0.0,,4.0,1,1.0,1,10,Evening,2.0,0,0,4,0
-0.92995,52.17478,2,1,2,6,30,13.0,4.0,1.0,1,1.0,2,5,Afternoon,0.5,1,0,1,1
-1.55672,52.90086,2,1,6,1,60,0.0,4.0,4.0,2,2.0,2,9,Night,0.5,1,0,4,1
-2.29851,51.03906,1,1,5,6,30,0.0,,4.0,1,1.0,2,3,Evening,1.0,0,0,3,0
-0.54641,51.33317,2,1,6,6,30,,4.0,1.0,1,1.0,2,6,Afternoon,0.5,1,0,1,4
-0.14218,51.51592,1,1,7,9,20,0.0,,1.0,1,1.0,1,3,Afternoon,1.0,0,0,4,0
0.05281,51.56728,3,3,1,3,50,0.0,,4.0,5,2.0,2,11,Afternoon,1.0,0,0,4,0
-0.50354,51.47876,3,3,5,3,70,0.0,,1.0,1,1.0,2,5,Afternoon,1.0,1,0,6,6
-0.35088,51.82439,1,1,5,6,30,0.0,,5.0,1,1.0,1,12,Afternoon,1.0,0,1,1,0
-0.11269,51.46248,1,1,6,7,20,16.0,4.0,7.0,9,1.0,1,8,Evening,1.0,1,0,3,1
-0.39283,51.47482,1,1,7,6,20,13.0,1.0,1.0,1,1.0,1,5,Evening,1.0,1,0,4,1
0.01452,51.44633,2,1,1,3,20,17.0,2.0,1.0,1,1.0,1,5,Evening,0.5,1,0,4,4
-0.35502,51.51005,3,1,2,3,20,18.0,4.0,1.0,1,2.0,1,10,Morning,0.3333333333333333,1,0,4,1
-0.71041,53.45156,2,1,3,6,60,0.0,,1.0,1,1.0,2,4,Afternoon,0.5,0,0,4,0
-1.87105,53.63937,1,1,7,6,60,0.0,,1.0,1,1.0,2,6,Evening,1.0,1,0,1,1
-3.22103,50.83849,3,2,7,6,60,0.0,,1.0,1,1.0,2,5,Morning,0.6666666666666666,1,0,1,1
1.38121,52.77914,3,2,7,6,50,13.0,4.0,1.0,1,1.0,2,3,Afternoon,0.6666666666666666,1,0,3,1
-0.20615,51.3599,2,1,2,1,20,0.0,4.0,1.0,1,1.0,1,5,Evening,0.5,1,0,4,2
-0.32568,51.45692,2,1,3,3,40,0.0,,1.0,1,1.0,1,4,Morning,0.5,0,0,4,0
-1.92991,52.93849,2,1,5,6,60,0.0,,1.0,1,1.0,2,10,Morning,0.5,0,1,1,0
-1.50481,52.47487,2,1,2,6,30,16.0,4.0,4.0,1,1.0,1,3,Evening,0.5,1,0,1,1
-0.139,51.3182,2,1,3,9,20,13.0,2.0,4.0,1,1.0,1,3,Evening,0.5,1,0,4,3
-0.74769,52.01262,2,1,7,3,70,0.0,,1.0,1,1.0,2,9,Morning,0.5,0,0,4,0
-1.17629,53.33767,1,1,3,6,50,0.0,,1.0,1,1.0,2,9,Morning,1.0,0,1,4,0
-2.14386,53.4739,2,2,5,6,30,13.0,2.0,1.0,2,2.0,1,9,Afternoon,1.0,1,0,4,1
-0.16576,51.51684,2,1,2,3,20,13.0,4.0,1.0,1,1.0,1,7,Night,0.5,1,0,4,4
1.17804,51.08058,1,1,5,6,30,13.0,1.0,1.0,1,1.0,1,8,Afternoon,1.0,1,0,4,4
-0.17529,51.62996,2,2,6,3,30,13.0,2.0,1.0,1,1.0,1,10,Morning,1.0,1,0,4,4
-1.79094,54.84637,2,1,6,6,60,13.0,4.0,1.0,2,2.0,2,1,Afternoon,0.5,1,0,4,1
0.03532,53.7288,2,1,4,6,30,19.0,4.0,4.0,1,1.0,2,8,Night,0.5,1,0,4,1
-3.1334,56.1367,2,1,1,3,40,,4.0,1.0,2,2.0,1,5,Morning,0.5,1,0,3,4
-0.13125,51.42652,2,1,2,3,20,19.0,4.0,1.0,1,1.0,1,3,Afternoon,0.5,1,0,4,1
-0.11745,51.72879,1,1,6,6,30,13.0,4.0,1.0,1,1.0,2,10,Afternoon,1.0,1,0,1,1
0.8066,52.24632,2,2,3,6,40,16.0,4.0,1.0,1,1.0,2,6,Morning,1.0,1,0,1,1
-1.1847,53.12897,1,1,1,6,30,13.0,4.0,4.0,1,2.0,1,3,Night,1.0,1,0,1,1
0.13015,51.6564,1,1,5,6,40,0.0,,6.0,2,2.0,2,11,Morning,1.0,0,1,4,0
-0.03068,51.48339,2,1,4,9,20,0.0,4.0,1.0,2,2.0,1,5,Afternoon,0.5,1,0,4,1
-0.10015,51.49785,2,1,3,6,20,13.0,4.0,1.0,1,2.0,1,10,Morning,0.5,1,0,4,4
-2.66136,50.95602,2,1,2,1,30,0.0,4.0,1.0,1,1.0,2,2,Afternoon,0.5,1,0,1,1
-2.50453,52.18924,1,1,3,6,30,13.0,4.0,1.0,1,1.0,2,5,Morning,1.0,1,0,3,3
-1.64069,53.74585,2,1,1,1,40,0.0,,4.0,4,2.0,1,12,Evening,0.5,0,1,4,0
-0.00726,51.68042,3,1,5,3,70,0.0,,1.0,1,1.0,2,7,Morning,0.3333333333333333,0,1,6,0
-1.93685,52.26383,1,1,2,6,30,0.0,,1.0,1,2.0,1,4,Morning,1.0,1,0,4,1
-0.11661,51.39255,2,1,2,6,30,13.0,4.0,1.0,1,1.0,1,1,Morning,0.5,1,0,4,1
1.15705,52.05589,1,2,1,6,30,0.0,,4.0,1,1.0,1,9,Night,2.0,1,0,3,1
-0.09821,51.51324,2,1,5,6,20,0.0,,1.0,1,1.0,1,8,Afternoon,0.5,1,0,1,1
-3.08522,52.77159,2,1,7,6,60,0.0,,6.0,5,2.0,2,12,Evening,0.5,0,1,4,0
-0.52198,52.03097,2,1,2,1,40,0.0,,1.0,1,1.0,2,9,Morning,0.5,1,0,1,4
-1.2906,50.69645,2,1,4,6,30,13.0,2.0,1.0,1,1.0,1,9,Afternoon,0.5,1,0,1,1
-2.22637,53.39194,2,1,7,3,40,16.0,2.0,4.0,8,2.0,1,3,Evening,0.5,1,0,4,4
-2.42259,51.93785,2,1,6,6,60,13.0,4.0,1.0,1,2.0,2,2,Afternoon,0.5,1,0,1,1
-0.41144,50.8276,2,1,6,3,30,,4.0,1.0,1,1.0,1,11,Morning,0.5,1,0,4,4
-0.12032,51.55141,2,1,6,2,20,13.0,3.0,1.0,1,1.0,1,3,Afternoon,0.5,1,0,4,1
0.26706,52.40577,1,1,5,6,30,19.0,4.0,4.0,1,2.0,1,1,Afternoon,1.0,1,0,1,1
-4.1094,50.37928,3,2,5,6,30,13.0,4.0,4.0,1,1.0,1,10,Night,0.6666666666666666,1,0,1,1
0.53155,51.25718,2,3,6,6,30,0.0,,4.0,1,1.0,1,7,Evening,1.5,1,0,4,4
-0.08912,51.45409,1,1,7,6,20,0.0,,1.0,1,1.0,1,11,Afternoon,1.0,0,0,4,0
-0.07034,51.57965,2,1,5,2,20,,9.0,1.0,1,1.0,1,3,Afternoon,0.5,1,0,1,1
-0.69912,52.49085,2,1,3,6,30,13.0,4.0,1.0,2,2.0,1,2,Afternoon,0.5,1,0,2,1
-3.02052,53.49149,2,1,1,6,30,0.0,,1.0,1,1.0,1,6,Afternoon,0.5,0,0,1,0
0.4569,50.84634,2,3,3,6,30,13.0,4.0,4.0,1,1.0,1,9,Evening,1.5,1,0,4,3
-0.1476,50.83075,2,1,5,1,20,,4.0,1.0,2,2.0,1,5,Evening,0.5,1,0,4,3
-2.45359,53.54243,2,1,6,6,30,0.0,,7.0,2,,1,2,Morning,0.5,1,0,1,1
-0.21897,51.57691,2,1,1,1,30,0.0,4.0,1.0,1,1.0,1,7,Afternoon,0.5,1,0,4,4
-0.07145,51.59548,1,1,6,6,20,19.0,4.0,4.0,1,1.0,1,12,Afternoon,1.0,1,0,4,1
-1.95995,50.80962,2,1,5,6,30,13.0,4.0,1.0,1,2.0,1,9,Afternoon,0.5,1,0,2,1
-1.3162,52.76042,2,2,2,6,60,16.0,4.0,1.0,1,1.0,2,6,Morning,1.0,1,0,4,2
-1.6105,52.51732,2,2,1,6,60,0.0,,1.0,1,1.0,2,7,Morning,1.0,0,1,3,0
-0.79321,52.9339,2,2,6,6,50,0.0,,7.0,1,1.0,2,6,Evening,1.0,0,1,4,0
0.90866,51.80551,2,1,5,6,40,0.0,,1.0,1,1.0,2,5,Morning,0.5,1,0,1,1
-3.01953,53.39035,1,1,6,6,30,16.0,4.0,1.0,1,1.0,1,8,Evening,1.0,1,0,1,1
-0.50179,51.38571,1,1,3,6,30,,4.0,1.0,1,2.0,1,12,Morning,1.0,1,0,4,1
-2.23045,53.48357,1,1,1,3,30,13.0,2.0,4.0,2,2.0,1,11,Night,1.0,1,0,4,4
-1.55731,54.01365,1,1,1,6,40,0.0,,1.0,1,1.0,2,10,Afternoon,1.0,0,0,4,0
0.02453,51.4792,1,1,3,9,30,16.0,4.0,4.0,1,1.0,1,9,Evening,1.0,1,0,3,1
-2.2011,53.71472,2,1,7,6,30,0.0,,1.0,1,1.0,2,6,Evening,0.5,1,0,4,1
-0.38093,51.55948,2,1,2,6,30,0.0,4.0,4.0,1,1.0,1,9,Night,0.5,1,0,2,2
-0.73599,52.06496,2,1,2,6,60,13.0,4.0,7.0,2,2.0,1,12,Evening,0.5,0,1,1,0
-1.78194,53.68634,2,1,6,3,50,0.0,,1.0,1,1.0,2,9,Afternoon,0.5,0,1,4,0
-0.08274,51.57787,2,1,3,6,40,13.0,4.0,4.0,1,2.0,1,11,Afternoon,0.5,1,0,4,1
-1.84939,52.46673,2,1,7,6,30,13.0,4.0,1.0,1,1.0,1,8,Afternoon,0.5,1,0,1,1
-0.41301,51.88718,1,1,3,6,30,13.0,4.0,1.0,1,1.0,1,10,Afternoon,1.0,1,0,1,1
0.04916,51.55137,2,1,2,9,30,13.0,4.0,1.0,1,1.0,1,8,Evening,0.5,1,0,4,1
-0.18043,51.51093,1,1,1,3,20,13.0,4.0,4.0,2,2.0,1,2,Night,1.0,1,0,4,1
-3.2299,51.63204,2,2,5,1,40,0.0,4.0,1.0,2,2.0,2,5,Afternoon,1.0,1,0,4,1
-2.43571,51.98026,1,1,4,6,60,0.0,,6.0,2,2.0,2,12,Afternoon,1.0,1,0,3,1
-1.93173,50.72462,3,1,2,6,30,18.0,4.0,1.0,1,1.0,1,3,Afternoon,0.3333333333333333,1,0,4,1
-0.75979,51.63118,2,1,2,6,30,13.0,4.0,4.0,1,1.0,1,6,Night,0.5,1,0,1,1
0.51626,51.26833,2,1,5,6,30,13.0,4.0,1.0,2,2.0,1,4,Evening,0.5,1,0,1,1
1.14324,51.91368,1,1,6,6,40,0.0,,1.0,1,1.0,2,2,Afternoon,1.0,1,0,1,1
-1.54629,55.00256,1,1,6,6,30,0.0,,4.0,2,2.0,1,1,Evening,1.0,1,0,1,4
-4.26439,50.42247,2,1,3,6,50,0.0,,1.0,5,2.0,2,10,Afternoon,0.5,0,1,4,0
-0.11557,51.39678,2,1,6,6,20,,9.0,1.0,1,1.0,1,4,Evening,0.5,1,0,4,1
-4.16366,50.40683,2,1,5,7,40,0.0,,1.0,1,1.0,2,8,Afternoon,0.5,1,0,4,4
0.07799,52.19173,2,1,4,1,50,,4.0,1.0,1,1.0,2,11,Morning,0.5,1,0,4,1
-2.40212,53.55372,2,2,5,6,30,13.0,4.0,1.0,1,1.0,1,4,Morning,1.0,1,0,4,1
-4.13086,52.26837,1,1,1,6,60,0.0,,1.0,1,2.0,2,5,Afternoon,1.0,0,1,3,0
-4.18819,50.40265,1,1,1,6,30,13.0,4.0,4.0,1,2.0,1,1,Afternoon,1.0,1,0,1,1
-0.10957,51.39517,2,1,6,6,30,0.0,,1.0,2,2.0,1,3,Afternoon,0.5,0,0,3,0
-2.53158,51.46104,2,1,3,6,30,0.0,,4.0,1,1.0,1,9,Evening,0.5,0,0,4,0
-0.49101,52.14052,2,1,6,3,30,13.0,2.0,1.0,2,2.0,2,9,Morning,0.5,1,0,4,1
-2.914,53.40728,2,1,3,6,30,13.0,4.0,1.0,1,1.0,1,5,Morning,0.5,1,0,1,1
-0.83575,53.06326,2,1,4,3,30,0.0,,1.0,1,1.0,2,8,Afternoon,0.5,1,0,4,4
-4.13207,50.43152,3,1,7,6,30,0.0,,1.0,1,1.0,1,9,Afternoon,0.3333333333333333,0,1,1,0
-4.99165,51.95169,2,2,5,6,60,13.0,4.0,1.0,1,1.0,2,5,Morning,1.0,1,0,4,1
-1.79041,53.63582,2,1,7,9,30,19.0,4.0,4.0,2,2.0,1,1,Afternoon,0.5,1,0,1,1
-2.86397,51.59471,2,2,4,3,70,0.0,,1.0,1,1.0,2,1,Afternoon,1.0,0,0,6,0
0.86177,51.16444,2,1,5,3,70,0.0,,1.0,1,1.0,2,10,Morning,0.5,1,0,6,6
-1.11159,53.51642,2,1,2,6,30,13.0,4.0,1.0,1,1.0,1,10,Afternoon,0.5,1,0,1,1
-2.15433,53.62038,1,1,3,3,30,16.0,2.0,1.0,1,1.0,1,6,Afternoon,1.0,1,0,4,4
-2.22247,52.98085,2,1,7,6,40,0.0,,1.0,1,1.0,1,5,Evening,0.5,1,0,4,1
-1.55443,55.02139,1,1,1,6,30,0.0,,1.0,1,1.0,1,4,Afternoon,1.0,1,0,1,1
-0.2257,51.59891,2,1,5,6,30,13.0,4.0,7.0,9,9.0,1,10,Evening,0.5,1,0,4,1
-2.00755,52.39203,1,1,5,6,30,0.0,,1.0,1,1.0,1,10,Afternoon,1.0,1,0,1,1
-0.46911,51.53587,2,2,6,6,40,13.0,2.0,1.0,1,1.0,1,11,Afternoon,1.0,1,0,4,2
-0.06259,51.51749,1,1,6,6,20,0.0,,1.0,9,9.0,1,2,Afternoon,1.0,0,0,3,0
-3.03329,53.79133,2,2,5,6,20,0.0,,1.0,1,1.0,1,5,Morning,1.0,1,0,1,1
-0.346,51.5359,2,1,3,6,30,0.0,3.0,1.0,1,1.0,1,3,Afternoon,0.5,1,0,4,4
-2.89091,53.4052,2,2,5,6,30,13.0,4.0,1.0,1,1.0,1,8,Morning,1.0,1,0,1,1
0.58419,52.16633,1,3,7,6,60,0.0,,6.0,1,1.0,2,8,Evening,3.0,0,1,4,0
-0.18408,51.50176,2,1,6,6,30,0.0,,1.0,1,1.0,1,4,Afternoon,0.5,0,0,4,0
-0.01287,51.46045,1,1,6,6,20,0.0,,1.0,1,1.0,1,7,Morning,1.0,0,0,4,0
0.13653,51.534,1,1,3,6,30,0.0,,1.0,2,2.0,1,1,Afternoon,1.0,0,0,1,0
-0.15997,51.4259,2,1,5,6,30,,9.0,1.0,9,9.0,1,11,Afternoon,0.5,1,0,1,1
-4.13372,51.6816,2,1,7,3,40,13.0,2.0,4.0,2,2.0,1,5,Evening,0.5,1,0,4,1
-0.04682,51.65959,2,1,4,9,20,13.0,4.0,1.0,9,9.0,1,9,Morning,0.5,1,0,4,1
0.00425,51.51464,1,1,6,3,50,0.0,,1.0,8,1.0,1,7,Afternoon,1.0,0,0,4,0
-5.32426,56.44838,2,1,4,6,60,19.0,4.0,1.0,2,2.0,2,8,Afternoon,0.5,1,0,4,1
-1.547,51.00339,1,1,7,6,40,0.0,,1.0,1,1.0,2,6,Morning,1.0,0,0,1,0
-1.49374,53.37713,2,1,6,6,30,13.0,4.0,4.0,8,1.0,1,2,Morning,0.5,1,0,3,1
-1.78665,50.9353,1,1,4,6,30,0.0,,1.0,1,1.0,2,9,Afternoon,1.0,0,0,1,0
-0.30595,51.51211,1,1,3,6,20,13.0,2.0,1.0,2,1.0,1,5,Afternoon,1.0,1,0,3,1
-3.71292,50.37755,2,1,3,6,60,17.0,4.0,1.0,1,1.0,2,6,Afternoon,0.5,1,0,4,1
-3.41573,51.61419,5,1,6,6,30,13.0,4.0,1.0,1,1.0,1,9,Afternoon,0.2,1,0,1,4
-3.23078,51.56944,2,2,6,6,20,13.0,4.0,1.0,1,1.0,1,11,Afternoon,1.0,1,0,1,1
-0.20558,51.89272,2,1,5,3,40,0.0,,1.0,1,1.0,1,2,Afternoon,0.5,1,0,4,1
-0.19948,51.58863,2,1,3,3,30,16.0,2.0,1.0,1,1.0,1,7,Afternoon,0.5,1,0,4,1
-0.88769,54.34808,1,2,3,6,60,0.0,,1.0,3,3.0,2,1,Afternoon,2.0,0,0,1,0
-1.21608,52.63476,3,1,3,6,50,0.0,,1.0,1,1.0,2,4,Afternoon,0.3333333333333333,0,1,3,0
-4.31262,50.60377,2,1,2,6,60,0.0,,1.0,1,2.0,2,9,Morning,0.5,1,0,3,1
-0.4349,51.34035,3,1,6,6,40,0.0,,1.0,2,2.0,1,9,Afternoon,0.3333333333333333,1,0,3,1
-1.41868,50.85766,2,2,5,6,30,16.0,4.0,4.0,1,1.0,1,12,Afternoon,1.0,1,0,1,1
-0.26418,51.64515,2,1,7,6,30,0.0,,1.0,1,1.0,2,7,Afternoon,0.5,0,1,4,0
-0.33152,53.76714,2,2,4,1,30,,4.0,4.0,1,1.0,1,9,Evening,1.0,1,0,4,1
0.01229,50.86586,2,1,3,3,70,0.0,,6.0,2,2.0,2,11,Evening,0.5,0,1,4,0
-3.78256,55.99705,2,2,3,6,30,19.0,2.0,1.0,1,1.0,1,4,Morning,1.0,1,0,3,3
-0.26673,52.5913,2,1,6,1,30,,4.0,1.0,1,1.0,1,1,Morning,0.5,1,0,1,1
-0.80095,51.23485,1,1,4,6,30,0.0,,1.0,1,1.0,1,5,Afternoon,1.0,1,0,3,4
0.09938,51.53115,2,1,1,3,50,0.0,,1.0,1,1.0,1,6,Afternoon,0.5,0,0,4,0
-0.33438,51.50452,2,1,3,6,20,0.0,,1.0,1,1.0,1,10,Afternoon,0.5,0,0,4,0
0.12992,51.68277,2,2,6,7,70,0.0,,1.0,1,1.0,2,11,Afternoon,1.0,1,0,6,6
1.3204,51.1746,2,2,1,6,60,13.0,4.0,1.0,1,2.0,2,10,Afternoon,1.0,1,0,1,1
-1.50301,53.72908,3,1,7,7,70,0.0,,4.0,2,2.0,1,11,Afternoon,0.3333333333333333,1,0,6,6
-1.936,52.46467,2,1,6,6,30,16.0,4.0,4.0,2,2.0,1,12,Afternoon,0.5,1,0,3,1
-0.19976,51.50857,2,1,7,6,30,,9.0,1.0,1,1.0,1,12,Afternoon,0.5,1,0,4,4
-1.08816,50.84046,1,1,5,3,70,0.0,,1.0,1,1.0,2,10,Morning,1.0,0,0,6,0
-2.17465,53.49505,2,1,3,6,20,13.0,4.0,1.0,1,1.0,1,8,Afternoon,0.5,1,0,1,1
-0.88168,51.37465,2,1,5,6,30,18.0,4.0,1.0,1,1.0,2,1,Morning,0.5,1,0,1,1
-1.43997,54.97322,2,1,6,6,30,13.0,4.0,1.0,1,1.0,1,3,Afternoon,0.5,1,0,1,3
0.15362,51.44549,2,1,1,1,30,0.0,4.0,1.0,1,1.0,2,7,Evening,0.5,1,0,4,4
-1.08185,52.97192,2,1,2,6,30,19.0,2.0,1.0,1,1.0,1,5,Afternoon,0.5,1,0,1,1
-0.61976,51.49648,4,1,5,3,60,0.0,4.0,1.0,1,1.0,2,6,Evening,0.25,1,0,4,4
-0.89013,54.55429,1,1,5,6,30,16.0,2.0,1.0,1,1.0,2,7,Afternoon,1.0,1,0,4,3
-1.31104,53.50933,2,1,5,6,50,0.0,,1.0,1,1.0,2,7,Afternoon,0.5,0,1,3,0
0.52441,51.38415,1,1,4,6,30,0.0,,1.0,1,1.0,1,6,Morning,1.0,1,0,1,1
-4.70064,51.7094,1,1,2,6,20,18.0,4.0,1.0,1,1.0,2,6,Morning,1.0,1,0,1,1
-4.3137,53.24931,2,1,1,6,20,13.0,4.0,1.0,4,1.0,2,10,Afternoon,0.5,1,0,4,1
-2.31225,51.40372,2,1,3,6,30,0.0,,1.0,1,1.0,1,7,Afternoon,0.5,0,0,1,0
0.29598,50.774,2,1,3,6,30,13.0,4.0,1.0,1,1.0,1,6,Evening,0.5,1,0,4,1
-2.0075,52.52991,2,1,7,6,30,16.0,2.0,1.0,1,1.0,1,8,Afternoon,0.5,1,0,4,3
-2.47319,50.71214,1,1,1,1,60,0.0,4.0,1.0,1,2.0,2,6,Afternoon,1.0,1,0,4,4
-0.14181,51.55245,2,1,6,6,20,13.0,4.0,1.0,1,1.0,1,5,Morning,0.5,1,0,3,1
-1.72577,53.55387,1,1,6,6,60,0.0,,6.0,1,1.0,2,5,Evening,1.0,0,1,1,0
-0.1151,51.46279,2,1,6,6,30,13.0,2.0,4.0,1,1.0,1,8,Evening,0.5,1,0,4,1
-0.77592,51.58671,2,1,3,6,30,0.0,,1.0,1,1.0,1,5,Morning,0.5,0,0,1,0
-2.00754,52.49742,1,1,1,6,30,13.0,4.0,4.0,1,2.0,1,6,Night,1.0,1,0,1,1
-3.05242,53.79873,4,3,2,6,30,16.0,2.0,1.0,1,1.0,1,4,Afternoon,0.75,1,0,4,1
0.6491,51.5448,1,1,6,6,30,13.0,4.0,1.0,1,2.0,1,3,Afternoon,1.0,1,0,1,1
-0.0089,51.50866,1,1,7,3,30,17.0,2.0,4.0,1,1.0,1,3,Night,1.0,1,0,4,4
-2.69623,53.65936,1,1,2,6,40,0.0,,1.0,1,2.0,2,7,Afternoon,1.0,1,0,4,1
-2.22557,51.85022,1,1,5,3,30,0.0,,1.0,2,2.0,1,4,Afternoon,1.0,1,0,4,1
-0.64666,52.91549,2,1,4,3,30,0.0,4.0,1.0,1,1.0,1,6,Morning,0.5,1,0,4,4
0.36314,51.43877,2,1,2,6,30,17.0,4.0,1.0,1,1.0,1,12,Morning,0.5,1,0,1,1
-0.18297,51.14515,1,1,4,6,30,0.0,,1.0,1,1.0,1,2,Morning,1.0,1,0,1,1
-2.90344,55.9698,2,1,2,6,40,0.0,,4.0,1,1.0,2,7,Evening,0.5,1,0,4,4
-0.02051,51.58689,2,1,3,3,20,13.0,4.0,4.0,8,2.0,1,7,Evening,0.5,1,0,4,1
-0.3927,50.80926,2,1,5,6,30,16.0,4.0,1.0,1,1.0,1,3,Afternoon,0.5,1,0,1,1
-1.03433,52.84387,1,1,6,3,70,19.0,,1.0,1,1.0,2,3,Morning,1.0,1,0,4,1
-0.29293,51.41919,2,1,2,6,20,0.0,,4.0,1,1.0,1,10,Evening,0.5,0,0,1,0
-0.50008,53.2744,2,1,6,6,50,18.0,4.0,4.0,1,1.0,2,2,Evening,0.5,1,0,4,1
-2.09403,53.57636,2,1,3,2,30,19.0,4.0,4.0,1,1.0,1,12,Afternoon,0.5,1,0,1,1
-0.08756,51.52461,1,1,1,9,20,,9.0,4.0,2,9.0,1,2,Evening,1.0,1,0,4,1
-0.3628,52.70538,2,1,6,6,60,13.0,4.0,1.0,1,1.0,2,3,Afternoon,0.5,1,0,2,2
-2.72444,52.05711,2,1,5,6,30,16.0,2.0,1.0,1,1.0,1,2,Morning,0.5,1,0,4,1
-4.74562,50.42921,2,1,2,6,60,0.0,,1.0,8,1.0,2,8,Afternoon,0.5,1,0,1,1
-0.25263,51.56138,2,1,4,3,40,0.0,4.0,1.0,1,1.0,1,3,Afternoon,0.5,1,0,4,1
-1.48713,50.70643,2,2,4,6,30,13.0,4.0,1.0,2,2.0,2,4,Afternoon,1.0,1,0,4,3
-1.4931,51.77778,1,1,1,6,20,0.0,,1.0,1,1.0,1,12,Afternoon,1.0,0,0,4,0
-0.21156,51.66733,2,1,2,6,50,,,1.0,1,4.0,2,3,Morning,0.5,0,1,4,0
0.20229,52.05603,1,1,3,6,60,0.0,,1.0,1,4.0,2,1,Morning,1.0,0,1,3,0
0.14894,52.17942,2,1,5,1,30,,4.0,4.0,8,1.0,1,10,Evening,0.5,1,0,4,1
-2.57639,53.26171,2,1,2,6,30,13.0,4.0,4.0,1,2.0,2,1,Evening,0.5,1,0,3,1
-0.77214,51.29405,2,1,2,6,30,0.0,,1.0,1,1.0,1,7,Evening,0.5,0,0,3,0
-0.80947,51.39838,2,1,3,6,60,13.0,4.0,1.0,1,1.0,2,8,Evening,0.5,1,0,1,1
-0.19888,51.45698,2,1,4,6,30,13.0,4.0,1.0,1,1.0,1,8,Evening,0.5,1,0,4,1
-0.11879,51.36736,2,2,2,6,30,0.0,,1.0,1,1.0,1,9,Afternoon,1.0,0,0,4,0
-1.65545,52.3994,2,1,5,6,30,18.0,4.0,1.0,1,1.0,2,5,Morning,0.5,1,0,4,1
-1.83651,52.5261,1,2,7,6,30,0.0,,4.0,1,1.0,1,6,Night,2.0,1,0,1,1
-1.71203,53.22911,2,1,2,6,30,0.0,,1.0,1,1.0,2,12,Morning,0.5,0,1,3,0
-1.96415,54.96811,2,1,7,1,70,,4.0,1.0,1,1.0,2,8,Evening,0.5,1,0,4,1
-1.12264,52.44895,2,2,1,6,60,0.0,,1.0,2,2.0,2,3,Afternoon,1.0,0,1,4,0
-1.93822,52.41524,2,1,7,6,30,13.0,4.0,1.0,1,2.0,1,10,Morning,0.5,1,0,3,1
-0.75118,50.83996,2,1,3,6,30,18.0,4.0,1.0,1,1.0,1,8,Evening,0.5,1,0,1,1
-0.10944,50.85298,2,1,5,6,30,16.0,4.0,1.0,1,1.0,1,6,Morning,0.5,1,0,1,1
-0.11438,53.55726,1,1,2,6,20,0.0,,1.0,1,1.0,1,9,Morning,1.0,1,0,1,1
-1.29863,53.45172,1,1,3,6,30,13.0,4.0,1.0,1,1.0,1,11,Morning,1.0,1,0,1,1
-2.18447,53.28327,2,1,7,6,50,13.0,4.0,6.0,7,2.0,2,12,Afternoon,0.5,1,0,2,1
-1.82997,54.85216,2,1,3,6,30,13.0,2.0,1.0,1,1.0,1,1,Morning,0.5,1,0,1,3
-2.75674,50.73336,1,1,1,6,30,0.0,,1.0,1,1.0,1,3,Afternoon,1.0,0,0,3,0
0.17855,51.5742,2,1,7,6,30,0.0,,4.0,1,1.0,1,2,Evening,0.5,0,0,4,0
-1.60576,51.37347,2,2,6,6,30,0.0,,1.0,1,2.0,2,12,Afternoon,1.0,0,0,1,0
0.56113,51.12454,1,1,6,6,40,19.0,4.0,1.0,1,1.0,2,7,Afternoon,1.0,1,0,4,1
-2.75969,51.39759,2,1,1,6,30,16.0,2.0,1.0,1,1.0,2,6,Morning,0.5,1,0,4,1
-1.06975,50.80137,1,1,2,6,30,0.0,,1.0,1,1.0,1,4,Evening,1.0,0,0,1,0
-0.57282,51.27946,3,4,6,6,50,13.0,4.0,6.0,1,1.0,2,5,Evening,1.3333333333333333,1,0,4,1
-0.75548,50.84218,2,4,2,3,30,,4.0,1.0,1,1.0,2,9,Afternoon,2.0,1,0,4,4
-4.12312,51.20671,1,1,5,6,30,13.0,4.0,1.0,1,1.0,1,8,Morning,1.0,1,0,1,1
-1.34052,53.54576,2,6,1,6,60,13.0,4.0,1.0,1,1.0,2,8,Evening,3.0,1,0,1,1
-0.2958,51.39999,2,1,5,6,20,13.0,3.0,1.0,1,1.0,1,5,Afternoon,0.5,1,0,2,1
-0.28742,51.59558,2,1,3,1,20,0.0,4.0,4.0,1,1.0,1,12,Evening,0.5,1,0,1,1
-3.03935,53.80013,2,1,4,6,30,19.0,4.0,4.0,1,1.0,1,4,Night,0.5,1,0,1,1
-4.96489,51.81016,1,1,3,7,30,19.0,4.0,4.0,1,1.0,1,10,Night,1.0,1,0,4,1
-1.52642,53.99236,2,1,7,6,30,13.0,4.0,1.0,1,1.0,1,6,Afternoon,0.5,1,0,4,1
-3.00621,50.8836,2,2,7,6,60,0.0,,1.0,1,2.0,2,7,Afternoon,1.0,0,0,4,0
-0.16577,51.5454,2,1,7,6,20,13.0,4.0,1.0,1,1.0,1,2,Afternoon,0.5,1,0,1,1
0.41209,51.72911,2,1,6,6,30,16.0,4.0,1.0,1,1.0,2,6,Evening,0.5,1,0,1,1
-1.77063,53.79115,2,1,2,6,30,16.0,4.0,1.0,1,2.0,1,11,Morning,0.5,1,0,1,1
-3.48294,51.8727,2,3,3,6,60,0.0,,6.0,1,1.0,2,2,Evening,1.5,0,1,4,0
-1.84413,52.9516,2,1,7,6,40,0.0,,1.0,1,1.0,2,6,Evening,0.5,0,1,3,0
-0.09373,51.56054,2,1,7,6,30,13.0,4.0,1.0,1,1.0,1,6,Evening,0.5,1,0,2,2
-1.33272,50.9175,1,1,4,6,30,16.0,4.0,1.0,1,1.0,1,12,Morning,1.0,1,0,1,1
-1.60274,55.00593,2,1,1,6,30,18.0,,1.0,1,1.0,1,10,Afternoon,0.5,1,0,4,1
1.38962,51.39211,1,1,7,6,30,0.0,,1.0,1,1.0,1,8,Evening,1.0,0,1,3,0
-0.12843,51.47968,2,1,2,6,20,17.0,2.0,1.0,1,1.0,1,1,Morning,0.5,1,0,4,1
-0.10802,51.51102,1,1,3,6,20,0.0,,1.0,1,1.0,1,1,Afternoon,1.0,1,0,4,4
-2.08109,52.86603,2,1,2,6,30,13.0,4.0,1.0,1,1.0,2,7,Morning,0.5,1,0,3,4
0.03771,51.40089,2,1,5,6,30,0.0,,1.0,1,1.0,1,6,Morning,0.5,0,0,3,0
-0.34266,51.55122,3,1,4,9,20,,9.0,4.0,1,1.0,1,2,Evening,0.3333333333333333,1,0,1,1
-4.25438,55.88144,1,1,2,6,30,19.0,2.0,1.0,8,1.0,1,3,Afternoon,1.0,1,0,4,1
-3.14407,55.93217,2,1,3,6,30,16.0,4.0,1.0,1,1.0,1,2,Afternoon,0.5,1,0,4,1
-0.02991,51.51726,1,2,2,9,20,16.0,2.0,5.0,9,9.0,1,11,Afternoon,2.0,1,0,3,4
-4.16643,50.37269,1,1,5,6,30,13.0,4.0,1.0,1,1.0,1,12,Afternoon,1.0,1,0,1,1
-0.04157,53.53832,2,3,1,6,30,,4.0,1.0,1,1.0,1,3,Afternoon,1.5,1,0,4,1
1.25132,51.92666,1,1,2,6,30,0.0,,1.0,1,1.0,1,1,Morning,1.0,1,0,1,1
-0.50228,51.48198,2,1,4,9,20,0.0,,1.0,9,9.0,2,12,Morning,0.5,0,0,6,0
-2.07434,52.58376,1,1,2,3,30,0.0,,1.0,1,1.0,1,6,Morning,1.0,0,1,4,0
-2.9843,51.59278,2,2,4,6,20,0.0,,1.0,2,2.0,1,10,Morning,1.0,0,0,1,0
-3.7107,50.77947,2,2,2,6,60,16.0,4.0,1.0,1,2.0,2,11,Afternoon,1.0,1,0,1,1
-2.21942,53.41081,2,1,1,3,30,16.0,2.0,1.0,2,2.0,1,9,Morning,0.5,1,0,4,4
0.05811,51.36485,1,1,3,6,30,19.0,4.0,4.0,1,1.0,1,7,Night,1.0,1,0,1,1
0.39375,51.57741,3,1,2,6,50,0.0,,1.0,8,4.0,2,12,Morning,0.3333333333333333,0,1,3,0
0.48217,51.91125,1,1,2,6,60,0.0,,1.0,1,2.0,2,3,Morning,1.0,0,1,1,0
0.94181,51.87739,2,1,6,6,30,0.0,,1.0,1,1.0,2,3,Afternoon,0.5,0,1,1,0
-2.05847,53.29205,1,1,4,6,50,0.0,,1.0,1,1.0,2,3,Afternoon,1.0,0,0,3,0
-0.73763,51.42794,1,1,4,6,30,0.0,4.0,1.0,1,1.0,1,3,Afternoon,1.0,1,0,1,1
0.73888,51.36264,1,1,4,6,30,13.0,4.0,4.0,2,2.0,1,11,Evening,1.0,1,0,1,1
-4.32248,55.87007,2,1,5,6,30,13.0,4.0,1.0,1,1.0,1,3,Morning,0.5,1,0,1,1
-1.05171,53.9486,2,1,5,6,30,13.0,4.0,4.0,1,1.0,1,10,Evening,0.5,1,0,1,1
1.15984,51.1342,2,3,2,6,40,0.0,,1.0,7,2.0,2,9,Morning,1.5,1,0,4,1
-2.53972,53.87842,1,1,4,6,60,0.0,,6.0,1,2.0,2,12,Afternoon,1.0,1,0,1,1
-0.28694,51.55355,2,1,6,9,30,13.0,2.0,1.0,1,1.0,1,4,Afternoon,0.5,1,0,4,3
-0.12834,51.51279,2,1,2,2,20,0.0,,1.0,1,1.0,1,7,Morning,0.5,0,0,1,0
-0.27431,52.09181,2,2,2,3,70,0.0,,1.0,2,2.0,2,4,Morning,1.0,1,0,4,1
-0.10768,51.56696,2,1,5,6,20,13.0,4.0,4.0,2,2.0,1,5,Evening,0.5,1,0,4,3
-3.17366,51.54692,1,2,3,3,70,0.0,,1.0,2,2.0,2,7,Morning,2.0,0,0,6,0
-1.1484,52.62984,2,1,5,6,30,13.0,4.0,4.0,1,1.0,1,10,Evening,0.5,1,0,4,1
-0.24895,51.58508,2,1,4,2,30,13.0,4.0,1.0,1,1.0,1,6,Morning,0.5,1,0,4,1
-1.7421,53.79746,1,1,7,6,30,0.0,,1.0,1,1.0,1,5,Evening,1.0,1,0,1,1
-3.43404,50.87422,2,2,3,6,60,0.0,,6.0,1,1.0,2,6,Evening,1.0,0,1,1,0
-1.36997,53.4664,1,2,7,6,30,13.0,4.0,1.0,1,1.0,2,7,Morning,2.0,1,0,3,1
-0.15464,51.11757,1,1,6,6,30,13.0,4.0,1.0,1,1.0,1,5,Afternoon,1.0,1,0,1,1
-0.21756,51.4598,2,1,4,9,30,0.0,,1.0,1,1.0,1,6,Evening,0.5,0,0,4,0
-4.3589,55.882,1,1,6,3,30,19.0,4.0,4.0,1,1.0,1,9,Evening,1.0,1,0,4,1
-0.21857,51.92826,2,1,6,1,40,,4.0,1.0,1,1.0,2,8,Morning,0.5,1,0,4,3
-0.65083,50.79375,2,1,4,6,30,0.0,,4.0,1,1.0,1,1,Evening,0.5,1,0,1,1
-1.88894,51.56277,1,1,7,6,30,13.0,4.0,6.0,1,1.0,2,6,Night,1.0,1,0,1,1
-0.57387,53.24322,3,1,3,3,60,0.0,,1.0,1,1.0,2,5,Morning,0.3333333333333333,0,0,4,0
-1.35747,54.84394,2,1,7,6,30,0.0,,1.0,1,1.0,1,10,Morning,0.5,1,0,1,1
0.73062,52.0411,2,1,1,6,30,16.0,4.0,5.0,8,1.0,1,5,Night,0.5,1,0,4,1
-1.59912,54.95008,2,1,3,6,30,0.0,,1.0,1,1.0,1,6,Afternoon,0.5,1,0,4,1
-4.23313,50.42058,2,1,7,6,30,13.0,4.0,1.0,1,1.0,2,4,Afternoon,0.5,1,0,1,1
-0.26208,51.59633,2,1,2,6,30,19.0,4.0,4.0,1,1.0,1,3,Evening,0.5,1,0,4,1
-2.72036,52.19632,2,1,6,6,60,18.0,4.0,1.0,1,1.0,2,10,Morning,0.5,1,0,3,1
-0.5847,51.49499,2,1,2,3,70,0.0,,4.0,1,1.0,2,3,Evening,0.5,0,0,6,0
-1.18036,52.98869,2,1,5,6,30,13.0,4.0,1.0,1,1.0,1,5,Afternoon,0.5,1,0,1,1
-0.79845,51.43034,2,1,5,6,40,13.0,4.0,1.0,1,1.0,2,5,Morning,0.5,1,0,3,1
-4.62949,55.46871,2,1,2,6,30,13.0,4.0,7.0,1,1.0,1,9,Morning,0.5,1,0,1,1
-1.55519,53.81427,2,1,3,6,20,13.0,4.0,4.0,1,1.0,1,2,Evening,0.5,1,0,1,1
-1.20286,52.10164,3,1,4,6,60,16.0,4.0,1.0,1,1.0,2,10,Morning,0.3333333333333333,1,0,2,2
-2.31849,53.42247,2,1,6,6,30,0.0,,1.0,1,1.0,1,4,Afternoon,0.5,1,0,1,1
-4.3817,55.61448,1,1,3,6,60,0.0,,6.0,1,1.0,2,10,Evening,1.0,1,0,4,1
0.1359,51.44843,1,2,1,3,50,0.0,,4.0,1,2.0,1,11,Evening,2.0,0,0,4,0
-1.38545,52.87173,2,3,7,3,70,0.0,,4.0,1,1.0,2,9,Evening,1.5,0,0,4,0
0.49129,51.39252,2,1,4,6,30,0.0,,1.0,1,1.0,1,5,Morning,0.5,1,0,4,1
-0.11495,54.11549,2,2,7,6,60,0.0,,6.0,2,2.0,2,11,Afternoon,1.0,1,0,3,1
-1.84246,52.42896,2,1,4,3,30,13.0,4.0,4.0,1,1.0,1,11,Evening,0.5,1,0,4,4
-1.67826,53.73612,1,1,5,6,30,0.0,,1.0,1,1.0,1,2,Morning,1.0,1,0,4,1
-1.56193,51.15899,2,2,7,6,40,13.0,4.0,1.0,2,2.0,2,3,Afternoon,1.0,1,0,4,1
-1.47211,54.94205,2,1,1,3,40,0.0,,4.0,1,1.0,2,3,Night,0.5,1,0,4,4
-1.52053,55.02624,2,1,5,7,70,,4.0,6.0,1,2.0,2,1,Afternoon,0.5,1,0,4,4
0.5051,51.55651,2,2,5,6,30,0.0,,4.0,1,1.0,2,7,Evening,1.0,1,0,1,1
0.29235,51.13873,2,2,6,6,40,16.0,2.0,4.0,1,1.0,1,2,Evening,1.0,1,0,4,1
0.22384,50.97368,2,1,3,6,40,13.0,4.0,1.0,2,2.0,2,12,Morning,0.5,1,0,4,3
-2.97151,53.43405,1,1,7,6,20,0.0,,1.0,1,1.0,1,1,Morning,1.0,0,0,1,0
-3.29265,50.69944,2,1,5,6,30,13.0,4.0,1.0,1,1.0,2,3,Morning,0.5,1,0,1,1
-1.79735,52.50205,2,1,7,1,30,,4.0,1.0,1,1.0,1,8,Afternoon,0.5,1,0,3,4
-2.49897,51.82427,2,1,7,6,30,13.0,4.0,1.0,1,1.0,1,5,Evening,0.5,1,0,1,4
-3.61539,50.53326,1,1,1,6,30,13.0,4.0,1.0,1,1.0,1,3,Afternoon,1.0,1,0,4,1
-2.54623,51.18973,3,1,2,6,20,13.0,4.0,4.0,1,1.0,1,1,Evening,0.3333333333333333,1,0,4,1
-0.45659,51.48135,2,1,5,3,40,18.0,4.0,1.0,1,1.0,1,2,Afternoon,0.5,1,0,4,1
1.12984,51.09227,2,1,3,6,60,19.0,4.0,1.0,1,1.0,2,8,Morning,0.5,1,0,4,4
0.03932,51.50182,2,1,4,6,30,13.0,4.0,4.0,1,1.0,1,4,Evening,0.5,1,0,1,1
-1.95058,50.72313,1,1,4,6,30,0.0,,1.0,1,2.0,1,11,Morning,1.0,0,0,2,0
-0.00458,51.65905,2,1,1,6,30,13.0,4.0,4.0,1,2.0,2,11,Evening,0.5,1,0,4,1
-2.08312,53.45437,2,1,2,6,30,0.0,,1.0,1,1.0,1,10,Evening,0.5,1,0,4,4
1.74385,52.46669,2,1,6,6,20,13.0,4.0,1.0,2,2.0,1,7,Evening,0.5,1,0,3,1
-0.09969,51.38029,1,2,6,6,40,19.0,4.0,1.0,1,1.0,1,8,Morning,2.0,1,0,4,1
-5.51769,56.20981,1,2,3,6,60,0.0,,1.0,1,1.0,2,5,Afternoon,2.0,0,1,4,0
-0.34786,51.56899,2,1,5,6,30,13.0,2.0,1.0,1,1.0,1,6,Afternoon,0.5,1,0,4,4
-0.82971,51.41247,1,1,5,2,30,13.0,4.0,1.0,1,1.0,1,2,Morning,1.0,1,0,1,1
0.1383,51.44957,2,1,5,9,30,16.0,4.0,1.0,9,9.0,1,6,Morning,0.5,1,0,2,1
-1.75351,53.78666,1,1,3,3,30,13.0,4.0,1.0,2,2.0,1,10,Afternoon,1.0,1,0,4,1
-1.38665,54.90283,2,1,4,6,30,13.0,4.0,1.0,1,1.0,1,10,Morning,0.5,1,0,1,1
-0.70156,52.30007,2,1,2,6,30,13.0,4.0,1.0,1,1.0,1,9,Morning,0.5,1,0,4,1
-1.51966,53.73238,2,1,7,3,70,0.0,,4.0,1,1.0,2,3,Night,0.5,1,0,6,6
-1.47891,52.89794,2,1,5,6,30,0.0,,1.0,1,1.0,1,3,Morning,0.5,0,0,1,0
-1.65152,53.18276,1,1,3,6,50,0.0,,1.0,1,1.0,2,3,Afternoon,1.0,0,0,3,0
-0.20619,51.41268,1,1,2,6,20,,4.0,4.0,1,1.0,1,11,Afternoon,1.0,1,0,4,1
-0.58838,51.24803,1,1,6,3,30,0.0,,1.0,1,1.0,1,1,Afternoon,1.0,1,0,4,4
-0.30125,51.51408,2,1,2,3,20,13.0,4.0,1.0,1,1.0,1,8,Afternoon,0.5,1,0,4,1
-0.26871,51.28471,2,1,1,3,70,0.0,,1.0,2,2.0,2,2,Morning,0.5,0,1,6,0
0.88279,51.27808,1,1,2,6,50,0.0,,1.0,1,1.0,2,9,Afternoon,1.0,1,0,4,1
-0.23611,51.54751,1,1,3,6,20,0.0,,1.0,1,1.0,1,8,Evening,1.0,0,0,4,0
-2.63595,51.73678,2,1,5,6,30,16.0,4.0,1.0,1,1.0,2,10,Afternoon,0.5,1,0,3,1
0.09411,51.47036,2,1,7,9,20,,4.0,1.0,1,1.0,1,7,Afternoon,0.5,1,0,1,1
0.25689,50.77993,2,1,3,6,30,16.0,4.0,1.0,1,2.0,1,5,Morning,0.5,1,0,1,1
-2.6246,51.22512,1,1,1,6,60,0.0,,1.0,1,1.0,2,10,Afternoon,1.0,0,0,4,0
-1.94356,50.72907,2,1,3,6,30,0.0,,1.0,1,1.0,1,10,Afternoon,0.5,0,0,3,0
-1.12607,52.93123,2,1,2,1,20,,4.0,1.0,1,1.0,1,1,Afternoon,0.5,1,0,1,1
-3.51268,53.29087,1,1,2,6,60,0.0,,1.0,1,2.0,2,8,Evening,1.0,0,0,1,0
-1.30607,50.72862,2,1,4,6,40,18.0,4.0,1.0,1,1.0,1,4,Afternoon,0.5,1,0,4,1
0.26431,51.44647,2,1,1,3,40,0.0,,4.0,2,2.0,1,11,Afternoon,0.5,1,0,4,1
1.11931,51.33659,2,5,3,6,50,0.0,,1.0,1,1.0,2,6,Afternoon,2.5,0,1,4,0
-0.40452,51.47738,2,1,5,1,30,0.0,4.0,1.0,9,1.0,1,9,Afternoon,0.5,1,0,4,4
0.26327,51.13021,1,1,1,6,30,0.0,,4.0,1,1.0,1,11,Evening,1.0,1,0,4,1
-1.95748,52.74084,2,1,7,6,60,0.0,,1.0,2,2.0,2,2,Afternoon,0.5,1,0,4,1
0.39118,50.84853,1,1,4,6,60,0.0,,1.0,1,1.0,2,5,Morning,1.0,1,0,4,1
-0.00833,51.57217,1,1,6,6,20,13.0,4.0,1.0,9,1.0,1,11,Morning,1.0,1,0,4,1
-1.58532,55.00815,1,1,6,6,30,13.0,4.0,4.0,1,1.0,1,3,Evening,1.0,1,0,1,4
-0.01987,51.51521,2,1,2,6,20,13.0,4.0,1.0,1,1.0,1,1,Morning,0.5,1,0,2,2
-1.67248,54.99013,1,2,2,3,30,0.0,,4.0,1,1.0,1,6,Night,2.0,1,0,4,4
-0.31407,51.71155,3,3,5,3,70,0.0,,1.0,1,1.0,2,4,Afternoon,1.0,0,1,6,0
-3.05455,53.40132,2,2,1,6,30,16.0,4.0,4.0,1,1.0,1,2,Evening,1.0,1,0,1,1
-0.31144,52.53672,2,1,1,6,30,0.0,,4.0,1,1.0,1,1,Night,0.5,1,0,1,1
-3.85043,50.40308,2,1,1,6,30,13.0,4.0,1.0,1,1.0,2,2,Morning,0.5,1,0,4,1
-1.27036,52.3723,1,1,3,6,30,0.0,,1.0,2,2.0,1,12,Afternoon,1.0,1,0,1,1
-0.1078,51.00009,1,1,3,6,30,13.0,4.0,1.0,2,2.0,1,5,Afternoon,1.0,1,0,1,1
-0.08426,51.52388,2,1,2,6,20,13.0,3.0,1.0,1,1.0,1,9,Morning,0.5,1,0,2,2
0.71544,51.54497,3,1,3,6,30,0.0,,4.0,1,2.0,1,11,Evening,0.3333333333333333,1,0,1,1
0.1421,51.46788,2,1,7,1,30,0.0,4.0,1.0,1,1.0,1,2,Morning,0.5,1,0,2,2
-2.87377,56.48007,2,2,7,3,40,19.0,4.0,1.0,1,1.0,2,5,Afternoon,1.0,1,0,4,4
-0.25447,51.49275,2,1,5,6,20,,9.0,4.0,1,1.0,1,2,Evening,0.5,1,0,4,1
-1.15557,50.65384,1,1,1,2,30,16.0,4.0,1.0,1,1.0,1,8,Morning,1.0,1,0,3,1
-0.31072,51.68275,2,1,3,6,30,0.0,,1.0,1,1.0,2,1,Morning,0.5,1,0,1,1
0.13797,51.57218,2,1,5,6,30,13.0,4.0,1.0,1,1.0,1,7,Afternoon,0.5,1,0,4,1
-1.2161,52.92869,2,1,6,6,30,0.0,,1.0,1,1.0,1,7,Afternoon,0.5,1,0,1,1
-0.73421,51.9942,1,1,6,6,30,0.0,4.0,7.0,1,2.0,1,4,Night,1.0,1,0,3,1
0.459,51.54648,2,1,6,6,50,0.0,,1.0,1,1.0,2,4,Afternoon,0.5,0,1,3,0
0.03896,52.06354,1,1,2,6,60,0.0,,1.0,5,2.0,2,12,Morning,1.0,1,0,1,4
-3.00301,51.18445,2,1,4,6,40,13.0,4.0,1.0,1,1.0,2,2,Morning,0.5,1,0,1,4
-2.07319,53.47159,1,1,4,6,30,0.0,,1.0,1,1.0,1,11,Afternoon,1.0,1,0,3,1
-0.11986,50.84287,2,1,3,6,20,0.0,,4.0,1,1.0,1,9,Evening,0.5,0,1,4,0
-2.71608,53.71099,2,1,2,6,50,0.0,,1.0,1,1.0,2,5,Afternoon,0.5,0,1,3,0
-1.20353,51.76803,2,1,6,6,20,13.0,4.0,1.0,1,1.0,1,5,Afternoon,0.5,1,0,1,1
-0.10258,51.64123,1,1,3,6,30,,9.0,4.0,1,1.0,1,12,Morning,1.0,1,0,2,1
-0.10413,51.80068,2,2,3,6,30,0.0,,4.0,1,1.0,1,8,Evening,1.0,1,0,1,1
-1.13303,52.61681,1,1,2,2,30,0.0,,1.0,8,1.0,1,2,Afternoon,1.0,0,1,1,0
0.07005,51.57786,2,1,4,9,20,,9.0,1.0,9,9.0,1,2,Afternoon,0.5,1,0,4,1
-0.06847,51.51142,2,1,3,3,20,0.0,,1.0,1,1.0,1,6,Afternoon,0.5,0,0,4,0
0.06916,51.55974,1,1,6,2,20,13.0,4.0,1.0,1,1.0,1,7,Morning,1.0,1,0,1,1
-1.84415,52.52173,1,1,1,1,30,,4.0,4.0,2,2.0,1,9,Evening,1.0,1,0,4,3
-0.26128,50.83627,2,1,2,6,30,0.0,,4.0,1,1.0,1,11,Afternoon,0.5,1,0,1,1
-2.14556,53.47972,1,2,6,6,30,17.0,2.0,4.0,1,2.0,1,12,Evening,2.0,1,0,1,4
-0.13308,51.57967,1,1,5,6,20,0.0,,4.0,1,1.0,1,12,Evening,1.0,0,0,2,0
-0.06806,51.48801,2,1,3,7,20,13.0,4.0,1.0,1,1.0,1,9,Afternoon,0.5,1,0,3,1
-2.1669,53.45983,1,1,2,6,30,0.0,,4.0,2,2.0,1,1,Afternoon,1.0,1,0,4,1
-1.56344,53.37269,2,2,3,6,40,16.0,4.0,4.0,2,2.0,1,2,Afternoon,1.0,1,0,1,1
-1.46195,52.52583,4,2,5,6,30,0.0,,1.0,1,1.0,1,4,Afternoon,0.5,1,0,4,4
0.13117,52.20252,2,1,1,6,30,16.0,2.0,4.0,5,2.0,1,1,Evening,0.5,1,0,4,1
-2.84701,51.43635,1,1,3,6,30,13.0,4.0,1.0,1,1.0,1,9,Morning,1.0,1,0,1,1
-0.13942,51.58537,2,1,5,9,20,13.0,4.0,1.0,8,1.0,1,1,Afternoon,0.5,1,0,2,1
-0.09208,51.50579,2,1,4,2,20,0.0,,1.0,8,1.0,1,7,Morning,0.5,0,0,1,0
-1.08134,50.81385,2,1,2,6,30,0.0,,1.0,1,1.0,1,8,Morning,0.5,0,0,1,0
-0.14795,50.93352,1,1,4,6,40,0.0,,6.0,1,1.0,2,8,Evening,1.0,0,1,4,0
-3.95644,51.64459,1,1,6,6,20,0.0,,1.0,1,1.0,1,4,Evening,1.0,0,0,1,0
-1.12343,53.16058,1,1,2,6,20,16.0,4.0,1.0,1,1.0,1,10,Morning,1.0,1,0,1,3
-3.02793,53.84307,1,1,6,6,30,0.0,,1.0,1,1.0,1,1,Afternoon,1.0,1,0,1,1
-0.49742,51.44064,3,1,4,6,40,0.0,,1.0,1,1.0,2,7,Morning,0.3333333333333333,0,1,4,0
-4.57662,52.07969,2,2,4,6,60,0.0,,1.0,1,1.0,2,7,Afternoon,1.0,0,1,3,0
0.56315,50.88267,1,1,4,6,30,19.0,4.0,4.0,2,2.0,1,12,Evening,1.0,1,0,1,1
-1.91525,52.46364,2,2,2,6,30,0.0,,1.0,1,1.0,1,11,Morning,1.0,1,0,1,1
-0.25111,51.75963,2,1,1,1,40,,,1.0,1,,1,6,Afternoon,0.5,1,0,4,1
-0.24958,51.51396,2,1,3,3,40,16.0,2.0,1.0,1,1.0,1,4,Morning,0.5,1,0,4,2
-2.56478,53.39749,2,1,1,6,30,0.0,,1.0,1,1.0,1,7,Afternoon,0.5,0,0,4,0
-0.06855,51.59481,2,1,7,6,20,16.0,4.0,1.0,1,1.0,1,6,Evening,0.5,1,0,2,1
0.00692,51.51521,2,1,4,9,50,0.0,,1.0,1,1.0,1,2,Afternoon,0.5,0,0,4,0
-5.07746,56.81068,2,2,6,6,60,13.0,4.0,1.0,1,1.0,2,3,Afternoon,1.0,1,0,1,1
-2.94084,53.41291,2,1,6,6,30,13.0,4.0,1.0,1,1.0,1,5,Afternoon,0.5,1,0,4,1
-2.07263,53.55049,1,1,5,6,20,19.0,,4.0,1,1.0,1,12,Afternoon,1.0,1,0,1,1
-1.75339,53.78592,2,1,3,3,30,0.0,,1.0,1,1.0,1,9,Morning,0.5,1,0,4,1
-0.17637,51.16817,2,1,1,6,30,0.0,,1.0,9,1.0,2,4,Afternoon,0.5,0,1,4,0
-1.56089,52.33098,2,1,5,1,30,,4.0,1.0,1,1.0,2,2,Morning,0.5,1,0,4,4
0.60316,51.58706,2,1,4,6,30,13.0,,1.0,1,1.0,1,3,Afternoon,0.5,1,0,4,1
-2.80515,50.94899,2,1,3,6,30,13.0,4.0,1.0,1,1.0,2,5,Afternoon,0.5,1,0,1,1
0.38794,51.43663,3,2,1,6,30,13.0,4.0,4.0,2,2.0,1,4,Night,0.6666666666666666,1,0,4,1
-0.25913,53.27521,1,1,7,6,60,0.0,,6.0,2,2.0,2,6,Evening,1.0,0,0,4,0
-1.35857,52.28331,2,2,2,6,50,16.0,4.0,1.0,1,1.0,2,4,Morning,1.0,1,0,4,1
-0.50149,51.32252,2,3,5,6,30,0.0,,1.0,1,1.0,1,7,Morning,1.5,1,0,1,1
-5.28849,50.10441,2,1,3,6,60,0.0,,1.0,1,2.0,2,10,Morning,0.5,1,0,4,1
0.89348,51.89288,2,1,2,1,30,,4.0,1.0,4,1.0,1,1,Morning,0.5,1,0,4,1
-0.80292,53.07177,1,1,4,6,30,13.0,4.0,4.0,1,2.0,1,12,Afternoon,1.0,1,0,1,1
-0.57517,51.28823,2,1,3,6,50,0.0,,1.0,1,1.0,2,7,Morning,0.5,0,1,1,0
-1.41358,54.97159,2,1,6,6,30,0.0,,4.0,1,1.0,1,10,Afternoon,0.5,1,0,1,4
-0.20308,51.52565,2,1,1,6,30,13.0,4.0,1.0,1,1.0,1,8,Evening,0.5,1,0,1,1
-2.25151,53.79804,2,1,4,1,70,,4.0,1.0,1,1.0,2,8,Afternoon,0.5,1,0,3,6
-1.8868,53.73985,2,1,4,6,20,13.0,4.0,1.0,2,2.0,1,3,Afternoon,0.5,1,0,1,1
-1.08567,53.08015,2,1,6,6,50,0.0,,1.0,1,1.0,2,6,Afternoon,0.5,0,1,4,0
-2.71446,53.76829,3,1,1,6,20,0.0,,1.0,1,1.0,1,2,Morning,0.3333333333333333,1,0,1,1
-3.23756,56.41495,1,1,4,3,70,0.0,,1.0,5,2.0,2,3,Morning,1.0,1,0,4,1
-3.80675,51.61245,2,2,6,3,70,0.0,,1.0,1,1.0,2,6,Evening,1.0,0,0,1,0
-1.16193,51.8961,1,1,6,6,30,0.0,,1.0,1,2.0,2,10,Afternoon,1.0,0,0,1,0
-1.66701,53.82473,2,1,3,1,30,0.0,,4.0,2,2.0,1,7,Night,0.5,1,0,4,4
-1.94287,52.2775,1,1,4,6,20,13.0,4.0,1.0,1,1.0,1,12,Night,1.0,1,0,1,1
-0.61631,51.52721,1,1,6,3,30,13.0,4.0,1.0,1,1.0,1,3,Afternoon,1.0,1,0,4,1
0.07324,51.48576,2,1,6,6,30,16.0,4.0,1.0,1,1.0,1,8,Afternoon,0.5,1,0,2,1
-0.3196,50.82906,2,1,3,6,30,16.0,4.0,1.0,1,1.0,1,7,Morning,0.5,1,0,4,1
0.12597,51.47449,2,1,7,1,40,0.0,4.0,4.0,2,2.0,1,12,Evening,0.5,1,0,2,2
-0.57581,53.20511,2,1,5,6,30,18.0,4.0,4.0,1,1.0,1,12,Evening,0.5,1,0,1,1
0.98983,52.50545,3,2,3,3,70,0.0,,6.0,8,2.0,2,11,Afternoon,0.6666666666666666,0,1,4,0
-1.35164,50.97099,1,1,6,6,30,0.0,,1.0,1,1.0,1,12,Afternoon,1.0,0,0,4,0
-2.21684,53.41516,1,1,7,3,30,19.0,2.0,1.0,1,1.0,1,5,Evening,1.0,1,0,4,1
-3.90856,52.667,2,1,1,6,60,0.0,,1.0,1,1.0,2,3,Afternoon,0.5,0,0,3,0
-1.73232,54.99273,2,1,3,6,30,13.0,4.0,1.0,1,1.0,2,10,Morning,0.5,1,0,3,1
0.41863,52.75747,3,4,4,6,30,13.0,2.0,1.0,1,1.0,1,11,Afternoon,1.3333333333333333,1,0,1,1
-0.06061,51.64493,3,2,6,3,40,19.0,2.0,4.0,1,1.0,1,7,Night,0.6666666666666666,1,0,4,2
0.14789,51.04823,2,1,6,6,40,13.0,4.0,1.0,1,1.0,1,11,Afternoon,0.5,1,0,4,1
-1.33465,53.71504,2,1,5,1,30,13.0,4.0,1.0,1,1.0,1,2,Morning,0.5,1,0,4,4
-0.84219,51.28118,1,1,4,6,30,13.0,4.0,1.0,1,1.0,1,6,Afternoon,1.0,1,0,4,1
-1.77041,52.56248,2,1,1,3,70,0.0,,4.0,2,2.0,2,1,Evening,0.5,0,1,4,0
-0.09217,51.47409,2,1,4,6,20,13.0,4.0,1.0,1,1.0,1,7,Afternoon,0.5,1,0,4,1
-1.99848,52.61091,2,1,7,6,30,13.0,4.0,1.0,1,1.0,1,5,Morning,0.5,1,0,3,1
-1.06772,53.40524,2,3,4,6,60,0.0,,1.0,1,2.0,2,1,Morning,1.5,1,0,4,1
-0.45402,51.88759,2,1,3,6,40,0.0,,1.0,1,1.0,1,7,Afternoon,0.5,0,1,4,0
-3.01548,53.79087,2,2,6,6,30,,4.0,4.0,1,1.0,1,12,Afternoon,1.0,1,0,1,1
-4.04854,52.12243,2,3,5,6,60,0.0,,1.0,1,1.0,2,11,Morning,1.5,0,1,1,0
-2.00058,52.80776,2,1,4,6,60,16.0,4.0,1.0,1,1.0,2,9,Afternoon,0.5,1,0,4,1
-0.1114,51.51821,1,1,5,6,20,13.0,2.0,1.0,1,4.0,1,1,Afternoon,1.0,1,0,4,4
-2.23382,52.45331,1,1,6,6,30,13.0,4.0,1.0,1,1.0,2,12,Morning,1.0,1,0,1,1
-0.30349,52.10828,4,3,2,6,60,0.0,,1.0,1,1.0,2,9,Afternoon,0.75,0,1,1,0
-2.53581,53.39819,2,1,2,6,30,13.0,4.0,1.0,1,1.0,1,5,Afternoon,0.5,1,0,4,1
-0.18722,51.47946,2,3,7,7,20,13.0,4.0,4.0,2,2.0,1,11,Afternoon,1.5,1,0,4,1
-2.69253,51.49692,2,1,3,6,20,13.0,4.0,1.0,1,1.0,1,4,Evening,0.5,1,0,1,1
-4.17654,50.37017,2,1,4,6,30,16.0,4.0,4.0,1,1.0,1,10,Evening,0.5,1,0,1,1
-2.82251,52.90586,2,1,7,6,40,0.0,,1.0,1,1.0,2,9,Morning,0.5,1,0,3,1
-0.49394,51.47328,2,1,5,6,30,13.0,4.0,1.0,1,1.0,2,8,Evening,0.5,1,0,1,1
-2.32155,53.78131,1,4,4,3,70,0.0,,5.0,2,5.0,2,12,Evening,4.0,0,1,6,0
-0.01649,51.50745,2,1,2,3,40,0.0,2.0,4.0,1,1.0,1,9,Evening,0.5,1,0,4,1
-0.18945,51.24425,2,1,3,6,30,13.0,4.0,1.0,1,1.0,1,6,Morning,0.5,1,0,4,1
-0.56707,51.39044,3,2,6,3,70,0.0,,1.0,1,1.0,2,9,Evening,0.6666666666666666,0,1,6,0
-2.14206,52.59333,1,1,3,6,30,13.0,4.0,1.0,1,1.0,1,7,Morning,1.0,1,0,1,1
-2.39384,52.96576,1,2,4,6,40,0.0,,4.0,1,1.0,2,5,Evening,2.0,1,0,4,1
-0.18072,51.46508,2,1,5,3,20,13.0,4.0,1.0,1,1.0,1,1,Morning,0.5,1,0,4,1
-3.78984,55.9933,2,1,2,6,30,13.0,4.0,5.0,1,1.0,1,11,Afternoon,0.5,1,0,1,1
-1.95027,52.45843,2,1,4,6,30,16.0,4.0,1.0,2,2.0,1,2,Morning,0.5,1,0,3,1
0.50865,51.27625,1,1,3,6,30,16.0,2.0,1.0,2,2.0,1,5,Afternoon,1.0,1,0,4,1
-2.2515,53.48323,1,1,5,6,20,0.0,,4.0,1,1.0,1,11,Evening,1.0,0,1,1,0
-1.33853,53.82606,3,1,5,9,70,0.0,,1.0,1,1.0,2,6,Afternoon,0.3333333333333333,0,1,5,0
-0.96981,51.41505,2,1,5,6,30,18.0,4.0,4.0,2,2.0,1,9,Night,0.5,1,0,1,1
-0.92173,52.22333,2,1,6,3,50,0.0,,1.0,1,1.0,1,8,Afternoon,0.5,0,1,4,0
-0.25113,51.65605,2,1,4,1,40,,4.0,1.0,1,1.0,1,3,Afternoon,0.5,1,0,4,4
-0.0335,51.44209,2,1,2,3,20,,9.0,1.0,9,9.0,1,8,Afternoon,0.5,1,0,4,1
-2.61012,56.55007,2,1,1,6,30,19.0,4.0,1.0,1,1.0,1,9,Afternoon,0.5,1,0,4,4
-0.16763,51.51421,2,1,4,6,20,13.0,4.0,1.0,1,1.0,1,9,Afternoon,0.5,1,0,2,1
-4.1282,51.68943,2,2,4,3,20,16.0,4.0,1.0,1,1.0,1,8,Afternoon,1.0,1,0,1,1
-0.0185,51.60059,1,1,3,6,20,0.0,,1.0,1,1.0,1,11,Morning,1.0,0,0,3,0
0.51989,51.61129,1,1,5,3,30,16.0,2.0,1.0,1,2.0,1,2,Morning,1.0,1,0,4,1
0.29178,52.44953,2,1,1,6,30,19.0,4.0,4.0,1,1.0,2,5,Evening,0.5,1,0,1,1
-0.0656,51.61454,2,1,7,6,20,13.0,4.0,4.0,1,1.0,1,5,Night,0.5,1,0,4,1
-1.90066,53.64434,2,2,6,3,70,0.0,,1.0,7,2.0,2,11,Afternoon,1.0,0,1,6,0
-2.387,53.81206,4,1,7,7,30,13.0,2.0,1.0,1,1.0,2,3,Afternoon,0.25,1,0,4,4
-0.54732,52.96494,2,1,4,6,60,0.0,,4.0,1,2.0,2,2,Evening,0.5,0,0,3,0
-2.68269,53.75683,1,2,7,6,30,19.0,4.0,1.0,1,2.0,1,10,Afternoon,2.0,1,0,4,1
-2.20373,53.44236,2,2,3,3,30,0.0,,1.0,1,1.0,1,1,Afternoon,1.0,0,1,4,0
-2.02939,54.98,2,1,2,6,60,19.0,4.0,1.0,1,1.0,2,8,Afternoon,0.5,1,0,1,1
-0.70593,51.70489,2,1,5,6,30,0.0,,4.0,1,1.0,2,1,Evening,0.5,0,0,4,0
-1.68346,53.89178,2,1,6,6,60,0.0,,1.0,1,1.0,2,5,Afternoon,0.5,1,0,1,1
-1.70617,53.83575,2,1,3,6,30,13.0,4.0,4.0,1,2.0,1,8,Evening,0.5,1,0,4,1
-0.28894,52.13039,1,1,3,6,20,13.0,,4.0,1,1.0,1,12,Evening,1.0,1,0,1,1
-0.60987,50.81726,2,1,2,6,30,13.0,4.0,6.0,8,1.0,2,6,Afternoon,0.5,1,0,3,1
-0.38137,51.46458,1,1,5,3,30,19.0,4.0,4.0,2,2.0,1,12,Evening,1.0,1,0,4,1
-1.38084,54.01742,2,1,6,3,70,0.0,,1.0,1,2.0,2,3,Morning,0.5,0,0,5,0
-2.43109,50.64271,1,2,6,6,30,18.0,4.0,1.0,1,1.0,1,3,Evening,2.0,1,0,3,1
-1.41059,53.39362,3,1,7,3,40,16.0,4.0,1.0,1,1.0,1,10,Morning,0.3333333333333333,1,0,4,1
-3.18287,52.80601,1,1,7,6,60,0.0,,6.0,2,2.0,2,6,Evening,1.0,0,1,3,0
-2.234,53.48374,1,2,6,6,30,19.0,,1.0,8,2.0,1,12,Afternoon,2.0,1,0,1,1
0.33092,51.56594,2,1,1,6,60,16.0,4.0,6.0,5,2.0,2,1,Evening,0.5,1,0,1,1
-0.16245,51.48667,2,1,7,1,20,0.0,4.0,1.0,1,1.0,1,5,Afternoon,0.5,1,0,1,1
-1.53721,53.98364,1,1,7,6,30,13.0,4.0,1.0,1,1.0,1,6,Morning,1.0,1,0,1,1
-2.25782,53.16203,2,1,4,1,60,,4.0,7.0,2,2.0,2,12,Morning,0.5,1,0,4,4
-0.09267,51.38159,2,1,3,6,20,13.0,4.0,1.0,1,1.0,1,1,Night,0.5,1,0,4,1
-2.25196,53.46197,2,1,1,6,30,13.0,4.0,1.0,1,1.0,1,10,Afternoon,0.5,1,0,1,1
-1.56139,53.78638,2,5,7,6,30,13.0,4.0,1.0,1,2.0,1,6,Evening,2.5,1,0,1,1
-4.28279,55.8643,2,1,3,6,30,13.0,4.0,1.0,1,1.0,1,7,Afternoon,0.5,1,0,1,1
-2.3282,52.5574,1,1,3,6,40,0.0,,1.0,2,2.0,2,9,Morning,1.0,1,0,4,1
0.01323,52.31794,2,1,5,6,30,13.0,4.0,1.0,1,1.0,2,8,Morning,0.5,1,0,1,1
-0.73444,51.41237,2,1,3,6,30,0.0,4.0,1.0,2,2.0,1,5,Morning,0.5,1,0,1,1
-0.60686,51.52849,3,1,6,6,30,0.0,,1.0,1,1.0,1,8,Afternoon,0.3333333333333333,0,0,1,0
-1.44546,53.35803,1,1,2,6,30,0.0,,4.0,1,2.0,1,3,Evening,1.0,1,0,1,1
-3.36492,56.08454,1,1,2,6,30,0.0,,1.0,1,1.0,2,4,Morning,1.0,1,0,3,1
-1.36355,54.561,2,1,2,6,30,13.0,4.0,1.0,1,1.0,1,2,Afternoon,0.5,1,0,1,1
-4.09854,56.13214,2,1,4,6,60,0.0,,1.0,1,1.0,2,12,Afternoon,0.5,1,0,4,1
-1.48833,52.90189,2,1,2,1,40,0.0,4.0,1.0,2,2.0,1,3,Morning,0.5,1,0,4,1
-1.03016,50.86518,2,3,6,6,30,13.0,4.0,1.0,1,1.0,1,6,Evening,1.5,1,0,1,1
0.53814,51.32637,1,1,2,6,50,0.0,,4.0,2,2.0,2,12,Evening,1.0,1,0,1,1
-2.29596,53.79393,1,1,3,6,30,0.0,,1.0,1,1.0,1,10,Afternoon,1.0,1,0,1,1
-3.49488,51.87773,1,1,4,6,60,0.0,,6.0,1,1.0,2,12,Evening,1.0,0,1,4,0
-0.11444,51.50409,1,1,1,2,20,16.0,4.0,4.0,8,1.0,1,11,Afternoon,1.0,1,0,4,1
-2.13726,53.52561,2,1,1,3,30,16.0,2.0,1.0,1,1.0,1,5,Afternoon,0.5,1,0,4,1
-1.835,53.67214,2,2,6,7,40,,4.0,1.0,1,1.0,2,9,Afternoon,1.0,1,0,6,4
-2.19466,53.04332,2,7,2,6,30,16.0,2.0,1.0,1,1.0,1,8,Afternoon,3.5,1,0,3,4
-2.91623,53.77669,2,1,5,6,20,,4.0,1.0,1,1.0,2,2,Morning,0.5,1,0,3,3
1.73281,52.6031,2,1,3,6,30,13.0,4.0,4.0,1,2.0,1,1,Night,0.5,1,0,1,1
-1.3996,54.92088,1,1,6,6,30,0.0,,1.0,1,1.0,1,8,Afternoon,1.0,1,0,3,1
-2.2531,53.00688,1,1,7,1,30,0.0,,4.0,1,2.0,2,5,Night,1.0,1,0,4,1
-2.14944,53.02125,1,1,4,6,30,16.0,2.0,1.0,1,1.0,1,7,Afternoon,1.0,1,0,4,1
-0.24193,51.09737,1,1,5,3,50,,4.0,1.0,2,2.0,2,5,Morning,1.0,1,0,4,4
-2.09522,53.02215,4,1,6,6,40,0.0,,1.0,1,1.0,1,4,Morning,0.25,1,0,4,1
0.13055,51.55694,2,1,4,6,30,0.0,,4.0,2,2.0,1,4,Afternoon,0.5,0,0,2,0
-1.34966,54.56188,1,1,4,6,30,0.0,,1.0,1,1.0,1,3,Afternoon,1.0,0,0,1,0
0.02123,51.43292,1,1,3,3,30,19.0,9.0,4.0,1,2.0,1,1,Evening,1.0,1,0,4,1
-2.24493,53.79242,2,4,4,6,30,19.0,3.0,4.0,2,2.0,1,12,Afternoon,2.0,1,0,1,4
-0.05349,51.48586,2,1,6,6,20,0.0,,4.0,1,1.0,1,4,Evening,0.5,0,0,1,0
-0.23621,51.69126,2,1,6,3,70,0.0,,1.0,1,,2,11,Morning,0.5,0,1,6,0
-2.21287,53.02055,2,1,1,6,30,16.0,4.0,1.0,2,2.0,1,7,Morning,0.5,1,0,3,1
-4.1394,50.60786,1,1,7,6,60,0.0,,6.0,1,1.0,2,3,Evening,1.0,0,1,1,0
-0.09348,53.57405,2,1,2,3,50,0.0,,1.0,1,1.0,1,5,Morning,0.5,1,0,4,4
-0.07967,51.57474,2,1,1,3,20,0.0,,4.0,1,1.0,1,11,Night,0.5,0,0,4,0
-0.57854,51.2466,2,1,2,6,30,13.0,4.0,4.0,1,1.0,1,2,Evening,0.5,1,0,1,4
-0.36486,51.46914,2,1,3,6,20,13.0,4.0,1.0,1,1.0,1,6,Afternoon,0.5,1,0,1,1
-0.16775,50.83074,3,1,4,6,30,0.0,,4.0,1,1.0,1,12,Afternoon,0.3333333333333333,1,0,3,1
-2.83938,54.06567,2,1,6,6,30,19.0,4.0,1.0,1,1.0,1,9,Morning,0.5,1,0,1,1
-0.09212,53.56161,2,1,5,6,30,19.0,1.0,4.0,1,2.0,1,10,Evening,0.5,1,0,1,4
-0.66198,51.22706,2,1,2,3,60,0.0,,1.0,1,1.0,2,8,Morning,0.5,1,0,4,3
-3.52222,50.72552,2,1,2,1,30,,4.0,4.0,1,1.0,1,3,Evening,0.5,1,0,3,3
-1.74061,52.3622,2,1,5,6,30,16.0,3.0,1.0,1,1.0,1,4,Morning,0.5,1,0,1,1
-0.10956,51.58901,2,1,6,6,20,16.0,2.0,1.0,1,1.0,1,1,Morning,0.5,1,0,4,3
-1.32492,50.9006,1,1,5,6,30,0.0,,4.0,2,2.0,1,2,Night,1.0,0,0,1,0
-2.41156,53.56533,2,1,6,6,30,0.0,,1.0,1,1.0,1,8,Morning,0.5,0,1,4,0
-1.32218,53.06763,2,1,1,6,60,16.0,4.0,4.0,1,2.0,2,5,Evening,0.5,1,0,1,3
-5.05397,50.26285,1,1,7,6,30,0.0,,1.0,1,1.0,1,9,Morning,1.0,1,0,1,1
-0.29338,51.29265,1,1,1,3,70,0.0,,4.0,1,2.0,2,4,Night,1.0,0,1,6,0
-1.2403,52.35719,1,1,3,6,30,18.0,4.0,7.0,1,1.0,1,1,Morning,1.0,1,0,1,1
-0.36195,51.46716,3,1,4,2,20,19.0,4.0,1.0,1,1.0,1,6,Morning,0.3333333333333333,1,0,4,1
-2.22536,51.85066,2,1,5,1,30,,4.0,1.0,1,2.0,1,12,Afternoon,0.5,1,0,4,3
-3.02863,53.80587,2,1,3,6,30,13.0,4.0,1.0,8,1.0,1,7,Evening,0.5,1,0,4,1
-1.45969,53.57743,2,1,2,6,20,13.0,4.0,1.0,1,1.0,1,4,Evening,0.5,1,0,3,1
-0.72373,51.33307,1,1,7,3,70,0.0,,6.0,1,1.0,1,7,Night,1.0,0,1,6,0
-2.56338,51.55731,2,1,5,6,40,0.0,,1.0,1,1.0,1,1,Afternoon,0.5,0,0,4,0
-2.91488,53.43759,2,2,2,3,30,16.0,4.0,4.0,1,1.0,1,2,Evening,1.0,1,0,1,1
-1.55906,52.38136,1,1,6,6,20,0.0,,1.0,1,1.0,1,6,Morning,1.0,1,0,1,1
-1.97753,50.73288,1,1,1,6,30,17.0,2.0,4.0,1,1.0,1,8,Night,1.0,1,0,2,4
-2.56598,51.49457,2,1,5,6,20,16.0,4.0,1.0,1,1.0,1,10,Morning,0.5,1,0,1,1
-1.84269,52.42906,2,1,7,6,30,13.0,4.0,1.0,1,1.0,1,9,Afternoon,0.5,1,0,4,4
-2.2024,52.53739,2,1,2,6,30,0.0,,4.0,1,1.0,1,1,Evening,0.5,1,0,1,1
-2.98599,53.79479,1,1,4,3,40,,4.0,1.0,1,2.0,2,12,Morning,1.0,1,0,4,4
-1.83892,50.84136,1,1,7,6,30,0.0,,1.0,1,1.0,2,8,Morning,1.0,0,0,2,0
0.19485,51.21203,2,1,6,6,40,0.0,,1.0,1,1.0,2,7,Afternoon,0.5,1,0,1,1
-1.47425,52.42477,2,1,6,6,30,16.0,2.0,1.0,1,1.0,1,10,Morning,0.5,1,0,1,1
-0.47617,51.37128,1,1,5,6,30,0.0,,1.0,1,4.0,1,11,Morning,1.0,0,1,1,0
-0.07226,51.54625,1,1,5,6,20,16.0,2.0,1.0,2,2.0,1,3,Afternoon,1.0,1,0,4,1
-1.10352,52.65841,2,1,3,1,30,,4.0,1.0,1,1.0,1,1,Afternoon,0.5,1,0,1,1
-2.98713,53.42771,2,1,4,6,30,0.0,,1.0,1,1.0,1,9,Afternoon,0.5,0,0,1,0
-1.97024,51.99118,2,1,5,6,60,16.0,4.0,6.0,1,1.0,2,11,Afternoon,0.5,1,0,3,3
0.05511,51.53547,2,1,1,6,20,0.0,,1.0,2,2.0,1,10,Morning,0.5,0,0,1,0
-0.04468,51.53167,1,1,1,3,20,13.0,3.0,1.0,1,2.0,1,5,Morning,1.0,1,0,3,3
-0.08151,51.54284,2,1,7,7,20,16.0,4.0,4.0,1,2.0,1,11,Evening,0.5,1,0,2,2
-2.98874,56.4749,2,2,3,6,30,19.0,4.0,1.0,2,2.0,1,7,Afternoon,1.0,1,0,1,1
-3.02312,51.86973,2,1,4,6,60,0.0,,1.0,1,1.0,2,6,Evening,0.5,0,0,1,0
-2.19479,53.47603,1,1,5,6,30,13.0,4.0,1.0,1,1.0,1,6,Evening,1.0,1,0,1,1
-1.61361,54.9698,1,1,6,6,20,13.0,,4.0,1,1.0,1,5,Afternoon,1.0,1,0,4,4
-3.08399,52.6864,2,2,4,6,50,0.0,,6.0,2,2.0,2,12,Afternoon,1.0,0,1,4,0
-1.81022,52.6588,1,1,5,6,60,13.0,4.0,7.0,1,2.0,2,1,Evening,1.0,1,0,1,4
0.39558,51.09158,1,1,7,1,70,0.0,,1.0,1,1.0,2,5,Evening,1.0,1,0,4,3
-4.98462,56.05073,2,1,5,6,60,0.0,,1.0,2,2.0,2,3,Afternoon,0.5,0,1,4,0
0.10103,51.42502,2,2,5,1,30,0.0,4.0,4.0,2,2.0,1,4,Evening,1.0,1,0,4,1
-4.34035,55.92542,1,1,4,6,30,0.0,,1.0,1,1.0,1,10,Morning,1.0,1,0,4,1
-0.12189,51.62083,2,1,2,6,30,19.0,2.0,5.0,1,1.0,1,10,Evening,0.5,1,0,3,4
-0.22968,51.46337,2,1,3,6,20,18.0,4.0,1.0,1,1.0,1,4,Evening,0.5,1,0,4,1
-0.75462,51.32519,2,1,5,6,30,0.0,,1.0,1,2.0,1,5,Evening,0.5,1,0,3,3
-0.14585,51.52831,2,1,1,6,20,0.0,,1.0,1,1.0,1,9,Evening,0.5,0,0,1,0
-0.34203,51.45419,2,1,7,6,20,13.0,1.0,4.0,9,1.0,1,4,Evening,0.5,1,0,3,1
-0.2495,52.79171,1,5,5,6,60,0.0,,6.0,8,2.0,2,1,Morning,5.0,0,0,4,0
-0.87043,52.24572,1,1,2,6,30,0.0,,1.0,1,1.0,1,7,Afternoon,1.0,0,1,4,0
-4.83755,55.66523,2,1,1,6,60,0.0,,1.0,1,1.0,2,6,Afternoon,0.5,1,0,4,1
-1.63925,54.97567,2,2,4,6,30,16.0,4.0,1.0,1,1.0,1,7,Afternoon,1.0,1,0,1,1
-0.17775,51.54541,2,1,3,3,20,19.0,2.0,1.0,1,1.0,1,4,Afternoon,0.5,1,0,4,4
-0.09154,51.5599,2,2,1,6,20,13.0,4.0,1.0,1,1.0,1,12,Morning,1.0,1,0,4,1
-4.63096,55.46564,2,1,7,6,30,13.0,4.0,4.0,1,1.0,1,5,Evening,0.5,1,0,4,1
-2.11313,51.37514,1,1,3,1,40,0.0,4.0,4.0,1,1.0,2,6,Night,1.0,1,0,1,1
0.02551,51.67806,1,1,4,7,70,0.0,,1.0,1,1.0,2,10,Afternoon,1.0,1,0,6,6
-3.11391,51.06098,1,4,4,6,20,0.0,,6.0,1,1.0,2,10,Evening,4.0,0,0,1,0
-2.33753,50.74717,2,1,6,6,30,0.0,,1.0,1,1.0,2,9,Morning,0.5,0,0,2,0
-1.08719,50.85206,2,1,6,6,30,13.0,4.0,1.0,1,1.0,1,6,Evening,0.5,1,0,1,1
-0.04877,51.8195,2,1,6,7,70,,4.0,1.0,1,1.0,2,12,Morning,0.5,1,0,4,4
-2.93068,53.45535,1,1,4,6,20,0.0,,4.0,2,2.0,1,11,Afternoon,1.0,0,0,1,0
-1.44723,53.42769,1,1,1,6,30,0.0,,1.0,1,1.0,1,2,Afternoon,1.0,1,0,1,1
-0.18734,51.51968,3,1,2,7,20,0.0,,1.0,8,1.0,1,4,Evening,0.3333333333333333,0,0,4,0
-0.57261,53.20984,2,1,7,6,40,13.0,4.0,1.0,1,1.0,1,9,Afternoon,0.5,1,0,3,1
-0.75414,51.80698,2,1,7,1,70,0.0,4.0,4.0,2,2.0,2,3,Evening,0.5,1,0,4,2
-1.88549,52.7289,1,3,1,6,40,17.0,4.0,4.0,1,2.0,2,11,Afternoon,3.0,1,0,1,4
-2.6135,53.71846,3,5,4,3,70,0.0,,6.0,2,2.0,2,3,Evening,1.6666666666666667,1,0,6,6
-1.34674,54.57665,1,1,1,6,30,,4.0,1.0,1,1.0,1,8,Morning,1.0,1,0,1,1
-1.41332,51.74812,2,3,4,6,60,0.0,,1.0,1,1.0,2,1,Morning,1.5,0,0,3,0
-2.41342,53.44018,2,1,2,6,50,13.0,9.0,1.0,1,1.0,2,10,Afternoon,0.5,1,0,3,4
-0.07305,52.28918,2,3,4,3,70,0.0,,1.0,1,1.0,2,9,Morning,1.5,0,1,4,0
-1.64546,54.62506,2,1,6,6,30,13.0,4.0,1.0,1,1.0,2,5,Afternoon,0.5,1,0,1,1
1.12224,51.37115,2,1,6,6,20,0.0,,1.0,1,1.0,1,6,Morning,0.5,1,0,3,1
-0.43506,51.52554,1,1,3,9,30,0.0,,1.0,1,1.0,1,5,Afternoon,1.0,0,0,1,0
-1.20173,54.49771,2,1,2,6,60,0.0,,1.0,1,1.0,2,6,Afternoon,0.5,0,0,3,0
0.01472,51.55664,2,1,3,6,20,0.0,,1.0,1,1.0,1,7,Evening,0.5,0,0,2,0
-1.63236,54.49265,1,1,6,3,70,0.0,,6.0,1,1.0,2,4,Evening,1.0,0,0,5,0
-1.17723,53.50628,3,2,4,3,70,0.0,,1.0,1,1.0,2,10,Morning,0.6666666666666666,0,1,5,0
-1.72519,53.87625,2,2,5,6,40,19.0,4.0,1.0,2,2.0,1,6,Afternoon,1.0,1,0,1,1
-2.107,54.30839,2,1,1,6,60,0.0,,1.0,1,1.0,2,5,Afternoon,0.5,0,0,4,0
-1.62989,54.66107,1,1,5,6,30,0.0,,1.0,1,1.0,2,11,Afternoon,1.0,1,0,1,1
-0.38303,52.14987,2,1,5,6,60,0.0,,1.0,1,1.0,2,4,Morning,0.5,0,1,1,0
-0.89603,52.03655,2,2,1,6,60,18.0,4.0,1.0,1,1.0,2,10,Afternoon,1.0,1,0,4,1
0.02965,51.53754,1,1,7,6,20,0.0,4.0,1.0,5,2.0,1,12,Afternoon,1.0,1,0,3,1
0.41006,52.26908,3,1,4,3,70,0.0,,1.0,1,1.0,2,3,Afternoon,0.3333333333333333,1,0,4,1
-0.07752,51.5231,2,1,1,9,20,17.0,2.0,4.0,9,1.0,1,4,Evening,0.5,1,0,4,4
0.086,50.94263,2,3,7,6,50,0.0,,1.0,1,2.0,2,6,Morning,1.5,0,1,4,0
-1.71652,53.17543,2,2,1,6,60,16.0,4.0,1.0,1,1.0,2,5,Afternoon,1.0,1,0,2,2
-2.99915,51.57939,2,1,6,6,20,13.0,3.0,4.0,1,1.0,1,11,Evening,0.5,1,0,1,1
-1.5159,53.38028,1,1,2,6,30,0.0,,4.0,2,2.0,1,12,Afternoon,1.0,1,0,1,1
-2.33199,51.20936,2,1,6,6,60,0.0,,1.0,1,1.0,2,8,Morning,0.5,0,0,4,0
-1.39521,50.90794,2,3,5,6,30,16.0,2.0,4.0,1,1.0,1,7,Night,1.5,1,0,1,1
-0.95891,51.26884,2,1,3,6,60,13.0,4.0,1.0,1,1.0,2,8,Evening,0.5,1,0,4,1
-1.86579,53.73512,1,1,5,6,30,13.0,4.0,4.0,2,2.0,1,2,Morning,1.0,1,0,4,1
-1.56695,53.6473,1,1,7,6,60,0.0,,1.0,1,1.0,2,8,Afternoon,1.0,0,1,1,0
-0.34763,51.7391,1,1,4,6,30,0.0,,1.0,1,1.0,1,4,Afternoon,1.0,1,0,4,1
-0.39156,51.53605,1,1,4,1,20,0.0,2.0,1.0,1,2.0,1,9,Morning,1.0,1,0,4,3
-1.44222,52.44075,3,1,5,3,70,0.0,,4.0,1,1.0,2,11,Afternoon,0.3333333333333333,0,1,6,0
-3.04752,53.82234,2,1,7,6,30,13.0,2.0,1.0,1,1.0,1,3,Afternoon,0.5,1,0,4,4
-0.689,52.68907,1,2,3,6,50,0.0,,1.0,2,5.0,2,1,Afternoon,2.0,0,1,3,0
-2.17386,52.99553,2,1,3,6,30,0.0,,1.0,2,2.0,1,7,Evening,0.5,0,1,1,0
-2.7314,51.12051,2,1,2,6,30,13.0,4.0,1.0,1,1.0,1,1,Afternoon,0.5,1,0,3,1
0.82719,51.22337,1,2,7,6,40,0.0,,1.0,2,2.0,2,4,Afternoon,2.0,1,0,1,1
-1.81605,54.92322,1,1,7,6,60,0.0,,1.0,1,1.0,2,10,Morning,1.0,1,0,2,1
-1.34667,50.97235,1,1,6,6,30,0.0,,1.0,1,1.0,1,12,Morning,1.0,0,0,1,0
-1.24312,54.68523,2,1,6,6,30,13.0,4.0,1.0,1,1.0,1,5,Morning,0.5,1,0,1,1
-1.98274,51.78884,1,1,4,6,50,0.0,,6.0,7,2.0,2,12,Evening,1.0,0,1,4,0
-2.06502,53.57754,2,2,6,6,30,0.0,,1.0,1,1.0,2,3,Afternoon,1.0,0,1,3,0
-1.2191,51.75763,2,1,3,6,20,18.0,4.0,1.0,1,1.0,1,7,Afternoon,0.5,1,0,4,1
0.87169,52.79138,2,1,5,6,60,0.0,,1.0,1,2.0,2,7,Morning,0.5,1,0,3,1
-2.72713,53.81382,1,1,1,1,40,0.0,,4.0,2,2.0,2,3,Night,1.0,0,1,4,0
0.05429,51.55305,2,1,3,9,30,,2.0,4.0,1,1.0,1,12,Night,0.5,1,0,4,2
0.51429,51.38344,2,2,3,6,30,0.0,,1.0,8,2.0,1,12,Afternoon,1.0,1,0,1,1
-1.96332,53.16993,2,3,3,6,40,16.0,4.0,1.0,1,1.0,2,8,Afternoon,1.5,1,0,4,1
-3.33111,51.5367,1,2,5,6,60,0.0,,6.0,1,2.0,2,3,Night,2.0,0,0,1,0
-0.13739,51.46185,2,1,6,9,20,13.0,2.0,1.0,9,9.0,1,9,Afternoon,0.5,1,0,4,4
-1.93687,52.5044,1,2,6,6,30,13.0,4.0,1.0,1,1.0,1,11,Morning,2.0,1,0,1,1
0.21895,51.6064,1,1,7,6,20,19.0,4.0,1.0,1,1.0,1,3,Afternoon,1.0,1,0,1,1
-1.86295,51.54451,4,3,3,6,60,13.0,4.0,1.0,2,2.0,2,10,Morning,0.75,1,0,4,1
-1.3202,51.38721,1,4,1,3,50,0.0,,6.0,1,1.0,1,12,Morning,4.0,0,0,4,0
-1.88628,52.31212,2,2,4,6,40,,4.0,1.0,1,1.0,1,5,Afternoon,1.0,1,0,1,4
-0.52385,53.23082,1,1,3,6,30,13.0,4.0,1.0,1,1.0,1,4,Afternoon,1.0,1,0,3,1
0.2268,51.44286,1,1,7,6,30,0.0,,7.0,9,1.0,1,11,Night,1.0,1,0,4,1
0.14483,52.20776,2,1,5,6,30,,4.0,1.0,1,2.0,1,11,Morning,0.5,1,0,1,1
-0.93127,54.16215,2,1,2,6,40,16.0,4.0,1.0,1,2.0,2,1,Morning,0.5,1,0,3,1
-4.29308,55.87566,1,1,5,6,30,17.0,4.0,1.0,2,2.0,1,6,Afternoon,1.0,1,0,1,3
-1.9629,52.93292,1,1,2,3,70,0.0,,1.0,2,2.0,2,7,Evening,1.0,0,1,4,0
-0.22458,51.50987,2,1,4,9,30,0.0,,1.0,9,9.0,1,4,Afternoon,0.5,0,0,4,0
-0.47566,51.75678,2,1,3,1,30,0.0,,4.0,2,2.0,1,10,Evening,0.5,1,0,4,1
-2.7135,52.03916,1,1,3,6,30,13.0,4.0,1.0,1,1.0,1,5,Afternoon,1.0,1,0,1,1
0.91054,51.31227,2,1,3,6,30,13.0,4.0,1.0,1,1.0,2,8,Afternoon,0.5,1,0,1,1
-1.74656,52.3788,1,1,6,6,30,,4.0,1.0,1,1.0,1,2,Afternoon,1.0,1,0,1,3
-4.47445,50.87384,1,1,6,6,60,13.0,4.0,6.0,1,1.0,2,11,Afternoon,1.0,1,0,3,3
-0.07383,51.57875,2,1,7,9,30,,9.0,4.0,1,1.0,1,7,Evening,0.5,1,0,1,1
-1.06465,52.65083,2,1,4,6,30,13.0,4.0,1.0,1,1.0,1,2,Morning,0.5,1,0,1,1
-0.13603,51.0525,4,1,1,6,60,0.0,,1.0,1,2.0,2,10,Morning,0.25,1,0,3,1
-0.12809,51.61481,1,1,5,3,30,17.0,2.0,1.0,1,1.0,1,3,Afternoon,1.0,1,0,4,3
-0.33666,51.90295,2,4,5,6,50,16.0,4.0,1.0,1,1.0,2,7,Afternoon,2.0,1,0,1,1
-2.92326,53.39021,1,1,6,6,20,13.0,2.0,1.0,1,1.0,1,9,Afternoon,1.0,1,0,1,4
-0.22451,51.54315,2,1,6,6,20,13.0,4.0,4.0,2,2.0,1,12,Morning,0.5,1,0,2,2
-2.52952,51.72912,2,2,4,6,30,0.0,,1.0,1,1.0,2,9,Afternoon,1.0,1,0,1,1
-1.44345,50.91327,1,1,7,3,40,16.0,2.0,1.0,1,1.0,1,2,Afternoon,1.0,1,0,4,1
0.50663,51.38796,1,1,7,6,30,13.0,4.0,1.0,1,1.0,1,6,Afternoon,1.0,1,0,1,1
-1.46171,53.85552,2,1,5,6,50,0.0,,1.0,8,1.0,2,12,Afternoon,0.5,0,1,4,0
-1.78371,53.65035,1,1,7,6,30,17.0,2.0,1.0,2,2.0,1,3,Morning,1.0,1,0,1,1
-4.28174,55.83001,1,1,4,6,30,13.0,2.0,1.0,2,2.0,1,4,Afternoon,1.0,1,0,4,1
-3.03973,56.21036,2,1,3,6,30,0.0,,4.0,2,2.0,2,10,Evening,0.5,1,0,1,1
-2.59374,53.48016,1,1,6,6,30,0.0,,1.0,1,1.0,1,7,Morning,1.0,1,0,4,1
-0.64339,53.57472,2,1,4,3,40,13.0,4.0,1.0,8,2.0,1,2,Morning,0.5,1,0,4,1
-0.09955,50.83236,2,1,2,6,30,0.0,,1.0,2,2.0,2,9,Afternoon,0.5,0,1,1,0
-0.21792,51.55576,2,1,2,9,30,,4.0,4.0,9,9.0,1,2,Evening,0.5,1,0,1,1
-2.3757,51.99766,2,1,1,6,50,13.0,4.0,1.0,1,2.0,2,9,Afternoon,0.5,1,0,4,1
-0.05862,52.92846,2,1,6,6,30,13.0,4.0,1.0,1,1.0,2,8,Morning,0.5,1,0,3,2
-0.80271,53.92456,2,2,3,6,30,16.0,4.0,1.0,1,1.0,2,4,Morning,1.0,1,0,1,1
-0.05473,51.54006,2,1,6,6,20,13.0,4.0,1.0,1,1.0,1,12,Afternoon,0.5,1,0,4,1
-0.09201,51.41368,2,1,3,9,20,13.0,4.0,4.0,1,1.0,1,12,Evening,0.5,1,0,2,4
-0.06297,51.53502,2,1,7,6,20,16.0,2.0,4.0,1,1.0,1,6,Evening,0.5,1,0,2,2
-0.73545,51.99402,1,1,7,3,30,0.0,,1.0,1,1.0,1,8,Afternoon,1.0,0,0,1,0
-2.82571,51.13172,3,1,6,6,50,0.0,,7.0,1,1.0,2,2,Evening,0.3333333333333333,0,0,4,0
-0.71618,51.9987,2,1,5,6,30,0.0,4.0,1.0,1,1.0,1,10,Evening,0.5,1,0,2,1
-0.2531,51.55727,2,1,5,3,40,0.0,4.0,4.0,9,2.0,1,9,Evening,0.5,1,0,4,1
0.18924,51.57569,4,3,2,2,30,,4.0,1.0,1,2.0,1,12,Morning,0.75,1,0,2,1
-1.89756,52.49631,1,1,6,6,30,13.0,4.0,1.0,1,1.0,1,5,Afternoon,1.0,1,0,1,1
-0.13456,51.50735,1,1,5,2,20,13.0,4.0,1.0,8,1.0,1,3,Afternoon,1.0,1,0,1,1
-0.30533,51.08811,2,2,3,1,70,,4.0,1.0,1,1.0,2,6,Evening,1.0,1,0,4,1
0.19923,53.18143,2,2,7,3,50,0.0,,1.0,1,1.0,2,1,Afternoon,1.0,0,0,4,0
-1.44098,53.83273,2,2,4,3,50,0.0,,1.0,2,2.0,2,3,Morning,1.0,0,1,1,0
-0.07439,51.58401,2,1,4,6,20,19.0,4.0,4.0,8,2.0,1,2,Afternoon,0.5,1,0,1,4
-1.07062,53.06481,1,1,5,3,50,0.0,,1.0,1,1.0,2,8,Night,1.0,1,0,4,1
-3.24773,55.96213,2,1,2,6,20,13.0,4.0,1.0,1,1.0,1,6,Afternoon,0.5,1,0,1,1
-0.89313,51.1861,1,1,4,7,60,13.0,4.0,6.0,1,1.0,2,5,Evening,1.0,1,0,4,1
-1.7853,52.46267,1,1,4,6,30,0.0,,1.0,1,1.0,1,1,Morning,1.0,0,1,1,0
-1.87787,52.48439,2,1,6,6,30,0.0,,1.0,1,1.0,1,9,Afternoon,0.5,1,0,3,1
-5.54753,50.12724,4,1,3,6,50,0.0,,1.0,1,1.0,1,6,Morning,0.25,0,1,4,0
-1.8515,52.43493,2,1,6,6,30,18.0,4.0,7.0,1,2.0,1,12,Afternoon,0.5,1,0,3,1
-5.23126,50.2613,1,2,7,6,60,19.0,4.0,7.0,1,1.0,2,5,Evening,2.0,1,0,1,1
-2.22968,53.47858,1,1,2,6,30,13.0,4.0,1.0,1,1.0,1,6,Morning,1.0,1,0,1,1
-1.98646,50.73045,2,1,6,6,30,13.0,4.0,4.0,1,1.0,1,2,Night,0.5,1,0,2,2
-0.16894,51.42719,2,1,3,6,30,,4.0,1.0,9,9.0,1,5,Afternoon,0.5,1,0,4,1
-2.39103,53.14464,2,3,2,6,30,13.0,4.0,1.0,2,2.0,1,9,Afternoon,1.5,1,0,1,1
-1.1446,52.98367,2,1,3,6,30,19.0,2.0,1.0,1,1.0,1,9,Afternoon,0.5,1,0,4,1
0.94429,51.84474,2,1,5,1,60,,4.0,1.0,8,1.0,2,12,Evening,0.5,1,0,1,1
-1.24432,53.07096,1,1,7,3,60,19.0,2.0,4.0,1,2.0,2,1,Morning,1.0,1,0,4,4
-1.36951,53.30582,2,2,6,6,30,13.0,4.0,1.0,1,1.0,1,9,Afternoon,1.0,1,0,3,1
-0.18711,51.42043,3,1,5,6,20,0.0,,4.0,2,2.0,1,1,Afternoon,0.3333333333333333,0,0,4,0
-2.13328,53.62267,2,1,5,6,30,0.0,,1.0,8,4.0,1,1,Morning,0.5,1,0,4,1
-3.04075,53.85435,1,1,5,6,30,13.0,4.0,1.0,1,1.0,1,5,Afternoon,1.0,1,0,4,1
-0.39678,51.65557,2,1,5,6,20,0.0,,1.0,1,1.0,1,10,Evening,0.5,0,1,1,0
1.24232,52.41286,2,1,2,6,60,0.0,,1.0,1,1.0,2,9,Afternoon,0.5,1,0,1,1
-1.84508,53.6494,1,1,1,9,30,0.0,,7.0,1,2.0,1,8,Night,1.0,1,0,1,1
0.24134,50.8662,3,2,2,3,70,0.0,,1.0,1,1.0,2,7,Afternoon,0.6666666666666666,0,1,4,0
-2.62258,53.41746,2,1,2,6,30,13.0,4.0,4.0,1,2.0,1,11,Afternoon,0.5,1,0,1,1
-4.3032,55.88241,1,1,2,3,30,16.0,2.0,1.0,8,4.0,1,1,Morning,1.0,1,0,4,1
-2.49354,53.52759,2,1,6,6,30,13.0,4.0,1.0,1,1.0,1,4,Afternoon,0.5,1,0,1,1
0.39013,52.73156,1,1,2,6,30,13.0,4.0,1.0,1,1.0,2,8,Evening,1.0,1,0,1,1
-2.44011,53.08869,2,1,6,3,30,19.0,4.0,1.0,2,2.0,1,3,Afternoon,0.5,1,0,4,1
-0.12634,51.50319,2,1,2,3,20,18.0,1.0,1.0,1,1.0,1,7,Morning,0.5,1,0,4,1
-0.07796,51.52833,2,1,2,6,20,13.0,4.0,1.0,1,1.0,1,7,Morning,0.5,1,0,4,1
-0.11166,51.47969,2,1,4,6,20,19.0,4.0,4.0,1,2.0,1,10,Morning,0.5,1,0,4,1
-0.17233,51.52161,2,1,7,9,30,16.0,2.0,1.0,1,1.0,1,4,Afternoon,0.5,1,0,4,4
-1.77266,53.83832,1,1,3,6,30,13.0,2.0,1.0,5,2.0,1,1,Morning,1.0,1,0,4,1
-0.11025,50.82106,2,1,5,6,20,0.0,,1.0,1,1.0,1,7,Afternoon,0.5,1,0,1,1
-0.26294,51.92504,2,1,5,6,30,13.0,1.0,6.0,5,2.0,1,12,Afternoon,0.5,1,0,3,1
-1.5319,52.28631,2,1,2,6,20,13.0,4.0,1.0,1,1.0,1,8,Afternoon,0.5,1,0,1,1
1.15035,51.79029,3,2,5,6,30,0.0,,1.0,1,1.0,1,11,Afternoon,0.6666666666666666,1,0,1,1
-0.3981,51.57731,2,1,3,6,30,16.0,2.0,1.0,1,1.0,1,12,Afternoon,0.5,1,0,2,2
-0.07009,51.59384,1,1,7,9,30,,9.0,4.0,9,9.0,1,9,Evening,1.0,1,0,4,1
-1.6371,52.80513,2,1,1,6,30,13.0,4.0,1.0,1,1.0,1,6,Afternoon,0.5,1,0,1,3
0.72949,51.32611,2,1,3,6,30,0.0,,1.0,1,1.0,1,5,Morning,0.5,1,0,1,1
-0.0318,51.61189,1,3,6,3,40,13.0,2.0,4.0,1,1.0,1,2,Evening,3.0,1,0,1,4
-3.00441,56.66778,2,1,1,6,30,16.0,3.0,1.0,1,1.0,1,5,Morning,0.5,1,0,4,4
-2.47997,53.77438,1,1,7,6,30,19.0,2.0,1.0,1,1.0,1,6,Evening,1.0,1,0,4,4
-3.52828,55.88114,2,2,3,6,30,19.0,4.0,1.0,5,2.0,1,1,Afternoon,1.0,1,0,1,1
0.97389,51.32561,1,1,3,6,30,0.0,,1.0,9,1.0,2,3,Afternoon,1.0,1,0,1,1
-1.74467,51.55731,2,1,4,6,20,0.0,4.0,1.0,2,2.0,1,5,Afternoon,0.5,1,0,1,1
-0.04448,51.5103,2,3,3,6,20,19.0,2.0,1.0,8,2.0,1,1,Morning,1.5,1,0,4,1
-0.19047,51.47755,2,1,5,9,20,,2.0,1.0,1,1.0,1,1,Afternoon,0.5,1,0,4,1
1.29979,51.12407,2,1,5,6,30,13.0,4.0,1.0,1,1.0,1,9,Afternoon,0.5,1,0,3,1
0.13984,50.8382,2,3,6,6,40,16.0,4.0,1.0,2,2.0,2,9,Morning,1.5,1,0,4,1
-1.59811,54.95924,2,1,4,6,30,16.0,2.0,1.0,1,1.0,1,9,Afternoon,0.5,1,0,4,1
-2.02905,52.5665,1,1,4,6,30,0.0,,1.0,1,1.0,1,5,Afternoon,1.0,1,0,1,1
-1.57463,55.17888,1,1,7,6,30,0.0,,1.0,1,2.0,1,3,Morning,1.0,0,1,1,0
-0.25267,51.39488,5,2,1,3,50,0.0,,1.0,1,1.0,1,5,Evening,0.4,0,0,4,0
-4.15765,51.10285,3,1,3,6,30,0.0,,1.0,2,2.0,2,10,Morning,0.3333333333333333,1,0,4,1
-2.96575,53.57185,3,1,1,6,50,13.0,4.0,1.0,1,1.0,2,2,Afternoon,0.3333333333333333,1,0,4,1
-0.24679,52.57142,2,2,5,3,30,0.0,,4.0,1,4.0,1,1,Evening,1.0,1,0,4,1
-1.99224,52.50953,2,1,3,6,30,13.0,4.0,1.0,1,1.0,1,6,Morning,0.5,1,0,1,1
-0.07453,51.54624,2,1,5,6,20,13.0,2.0,1.0,1,1.0,1,11,Morning,0.5,1,0,4,1
-0.19231,51.36499,1,4,1,2,30,13.0,4.0,1.0,1,2.0,1,1,Afternoon,4.0,1,0,3,1
1.12118,51.78242,2,1,2,6,30,0.0,,1.0,1,2.0,2,9,Afternoon,0.5,1,0,1,1
-0.08984,51.52074,1,1,6,9,20,13.0,4.0,1.0,8,1.0,1,5,Morning,1.0,1,0,3,3
0.2647,52.70559,2,3,6,3,60,16.0,4.0,1.0,1,1.0,2,9,Afternoon,1.5,1,0,1,1
-4.05932,50.38956,2,1,3,6,30,19.0,4.0,1.0,1,1.0,1,12,Morning,0.5,1,0,3,1
-2.17764,53.6058,1,1,6,6,20,0.0,,1.0,1,1.0,1,5,Evening,1.0,1,0,1,3
-0.63838,51.32594,2,1,7,6,30,0.0,,1.0,4,2.0,1,8,Morning,0.5,1,0,4,1
-0.54377,52.0597,2,1,3,6,30,0.0,,1.0,1,2.0,2,7,Evening,0.5,1,0,1,1
-0.13836,51.31594,2,1,1,6,30,0.0,,1.0,1,1.0,1,6,Morning,0.5,0,0,4,0
-1.12624,52.63287,2,1,4,3,30,13.0,2.0,4.0,2,2.0,1,12,Evening,0.5,1,0,4,1
-4.32091,55.87078,1,1,7,3,30,0.0,,4.0,1,1.0,1,6,Night,1.0,1,0,1,1
-0.53663,51.48938,2,1,6,6,30,0.0,,1.0,1,1.0,1,5,Evening,0.5,0,0,4,0
-2.16195,53.36668,1,1,5,6,30,13.0,4.0,4.0,1,1.0,1,12,Evening,1.0,1,0,1,4
-2.06421,53.39284,2,1,6,6,30,17.0,,1.0,1,2.0,1,4,Evening,0.5,1,0,1,1
-0.20453,54.09272,2,1,6,6,30,0.0,,4.0,1,1.0,1,10,Evening,0.5,1,0,3,1
-1.86511,53.73378,2,2,6,6,30,16.0,4.0,1.0,1,1.0,1,8,Evening,1.0,1,0,4,1
-2.19973,53.45629,2,1,6,6,30,0.0,,1.0,1,1.0,1,9,Evening,0.5,0,1,4,0
-0.68882,52.03371,2,1,6,3,70,13.0,4.0,4.0,1,1.0,2,12,Evening,0.5,0,1,4,0
-0.45914,53.7639,2,1,5,6,40,0.0,,1.0,1,1.0,2,8,Morning,0.5,0,1,4,0
-1.03964,53.47787,2,1,4,6,40,0.0,,1.0,1,1.0,2,1,Afternoon,0.5,0,1,4,0
-3.19934,54.99175,2,1,4,6,60,0.0,,1.0,1,1.0,2,11,Morning,0.5,0,1,4,0
-3.17633,55.9652,2,1,2,6,20,13.0,4.0,1.0,1,1.0,1,4,Afternoon,0.5,1,0,4,1
-1.66686,53.73271,1,1,2,6,30,13.0,4.0,1.0,1,2.0,1,2,Morning,1.0,1,0,1,4
-2.12603,53.47824,2,1,2,6,30,0.0,,4.0,1,1.0,1,3,Evening,0.5,1,0,1,1
-0.91741,54.12793,1,1,5,6,60,0.0,,1.0,1,1.0,2,1,Afternoon,1.0,0,0,1,0
-0.00953,51.48005,2,1,1,6,20,13.0,4.0,1.0,1,1.0,1,3,Afternoon,0.5,1,0,4,1
-0.03282,51.47598,1,1,6,9,20,,9.0,1.0,1,9.0,1,2,Afternoon,1.0,1,0,4,4
0.17261,51.56527,1,1,7,6,30,0.0,,1.0,1,1.0,1,12,Evening,1.0,0,0,4,0
-5.44177,50.17449,2,1,6,1,30,,4.0,1.0,4,1.0,2,3,Afternoon,0.5,1,0,4,4
-0.06975,51.39971,2,1,3,2,20,0.0,,5.0,1,1.0,1,5,Night,0.5,0,0,1,0
-0.16502,51.43029,2,1,5,6,20,0.0,,4.0,1,1.0,1,1,Evening,0.5,0,0,1,0
-0.62141,52.90144,2,1,2,6,50,0.0,,1.0,1,4.0,1,3,Morning,0.5,0,0,4,0
-1.36283,54.87762,2,2,5,3,60,0.0,,4.0,1,1.0,1,3,Evening,1.0,1,0,3,3
-1.42207,54.92409,2,1,5,6,30,17.0,4.0,1.0,1,2.0,1,3,Morning,0.5,1,0,1,1
-0.39071,53.76457,2,1,2,6,20,16.0,4.0,1.0,1,1.0,1,3,Afternoon,0.5,1,0,1,1
0.30332,51.43058,3,1,6,3,70,0.0,,1.0,1,2.0,2,11,Evening,0.3333333333333333,0,1,4,0
-0.06326,51.58835,2,1,7,3,20,17.0,2.0,7.0,9,9.0,1,5,Evening,0.5,1,0,4,4
-0.71071,52.39718,1,1,6,6,30,0.0,,4.0,1,2.0,1,12,Evening,1.0,0,1,2,0
-3.04045,53.0195,2,4,6,6,40,0.0,,1.0,1,1.0,2,4,Afternoon,2.0,0,0,3,0
-5.09017,50.40881,1,1,7,6,40,0.0,,1.0,1,1.0,1,5,Afternoon,1.0,1,0,4,1
-1.19489,54.08784,3,2,2,3,60,0.0,,1.0,1,1.0,2,1,Afternoon,0.6666666666666666,0,0,4,0
-0.43717,51.87224,3,3,2,6,20,0.0,,7.0,1,1.0,1,11,Evening,1.0,1,0,1,1
-2.29332,51.23794,4,2,4,6,60,0.0,,1.0,1,2.0,2,9,Morning,0.5,0,0,1,0
0.1108,51.56194,2,2,7,6,20,0.0,,4.0,1,2.0,1,12,Evening,1.0,0,0,1,0
-3.77658,56.01319,2,1,2,3,30,0.0,,1.0,1,1.0,1,7,Afternoon,0.5,1,0,1,1
-0.16288,51.40863,1,1,1,1,20,18.0,2.0,4.0,1,1.0,1,9,Evening,1.0,1,0,4,1
-5.19417,50.22146,2,1,3,6,20,0.0,,1.0,1,1.0,2,6,Afternoon,0.5,0,1,1,0
-1.63423,53.69508,1,1,6,6,30,19.0,4.0,6.0,1,1.0,1,12,Morning,1.0,1,0,4,1
-0.24669,51.57427,1,1,6,6,30,0.0,,1.0,1,1.0,1,5,Afternoon,1.0,0,0,1,0
-1.67853,51.71733,3,1,3,6,50,13.0,4.0,6.0,1,2.0,2,12,Afternoon,0.3333333333333333,1,0,4,1
-3.034,53.78044,3,1,7,3,30,16.0,2.0,4.0,1,2.0,1,12,Evening,0.3333333333333333,1,0,4,1
0.34362,51.28721,2,1,4,6,60,0.0,,6.0,1,2.0,2,2,Afternoon,0.5,1,0,1,1
-1.51254,53.67951,2,1,6,6,30,13.0,4.0,7.0,1,1.0,1,3,Evening,0.5,1,0,1,4
-1.42424,54.05002,2,2,3,6,60,16.0,4.0,1.0,1,1.0,2,1,Morning,1.0,1,0,4,1
-0.3429,53.77814,2,1,1,6,30,0.0,,1.0,1,1.0,1,9,Afternoon,0.5,1,0,1,1
-1.90435,52.50273,1,1,3,6,30,16.0,4.0,4.0,2,2.0,1,5,Evening,1.0,1,0,3,1
-3.37259,51.51416,2,1,2,3,70,0.0,,1.0,1,1.0,2,7,Evening,0.5,0,0,6,0
-2.25158,53.47489,1,1,3,6,20,13.0,4.0,1.0,1,1.0,1,8,Afternoon,1.0,1,0,4,1
1.28514,52.61787,2,1,5,6,20,0.0,,1.0,2,2.0,1,1,Morning,0.5,0,1,4,0
0.01257,51.47596,1,2,6,6,20,0.0,,4.0,1,2.0,1,1,Afternoon,2.0,0,0,3,0
-1.57577,52.40644,1,1,5,6,30,0.0,,1.0,1,1.0,1,8,Afternoon,1.0,0,1,1,0
-1.6367,52.73665,3,1,5,6,30,13.0,4.0,1.0,1,1.0,2,8,Afternoon,0.3333333333333333,1,0,1,1
-1.54717,53.79873,1,1,7,2,30,19.0,4.0,4.0,5,2.0,1,12,Evening,1.0,1,0,1,1
0.18979,51.51076,2,1,2,7,30,19.0,4.0,7.0,9,1.0,2,7,Night,0.5,1,0,4,1
-1.24916,53.54134,2,1,5,6,60,0.0,,6.0,1,2.0,2,10,Night,0.5,0,1,4,0
-3.25109,55.97047,2,1,3,3,20,16.0,4.0,1.0,1,1.0,1,6,Evening,0.5,1,0,1,1
-0.83767,52.76512,2,2,7,6,50,0.0,,6.0,1,2.0,2,12,Evening,1.0,0,1,3,0
-3.1783,52.22892,1,1,7,6,60,0.0,,1.0,1,1.0,2,8,Morning,1.0,1,0,4,1
0.47694,51.20118,1,1,6,6,60,0.0,,6.0,1,1.0,2,5,Evening,1.0,1,0,1,1
1.09302,51.26828,2,1,6,6,30,0.0,,1.0,1,1.0,1,4,Morning,0.5,1,0,3,1
-1.52481,55.00283,1,1,2,6,30,0.0,,4.0,1,1.0,1,12,Evening,1.0,0,1,1,0
-0.78895,51.21904,2,1,5,6,30,13.0,2.0,1.0,2,2.0,1,8,Evening,0.5,1,0,3,1
-2.20496,53.4976,2,1,3,6,30,0.0,,1.0,4,1.0,1,4,Morning,0.5,1,0,4,1
-1.25149,54.56815,2,1,2,6,20,16.0,4.0,4.0,1,1.0,1,10,Evening,0.5,1,0,1,1
-0.83288,51.69138,3,2,7,6,60,13.0,4.0,6.0,1,1.0,2,7,Evening,0.6666666666666666,1,0,4,1
-1.06379,53.10439,2,1,4,6,50,0.0,,1.0,1,2.0,2,4,Morning,0.5,1,0,4,1
-2.57849,51.23654,2,1,3,6,60,16.0,4.0,1.0,4,1.0,2,7,Evening,0.5,1,0,3,3
-0.20529,51.54456,2,1,6,6,20,13.0,4.0,4.0,1,1.0,1,1,Afternoon,0.5,1,0,2,1
-0.08959,51.14658,1,1,7,6,40,0.0,,5.0,1,1.0,1,8,Evening,1.0,0,1,3,0
-2.79559,52.76241,1,1,1,6,60,13.0,4.0,1.0,1,1.0,2,8,Evening,1.0,1,0,3,1
-0.64943,54.16706,2,1,1,6,60,0.0,,1.0,1,1.0,2,3,Afternoon,0.5,0,0,4,0
-0.02089,51.50069,2,1,4,6,20,13.0,4.0,1.0,1,1.0,1,6,Morning,0.5,1,0,2,1
-0.23258,52.58061,2,1,3,6,30,13.0,4.0,1.0,1,,1,1,Morning,0.5,1,0,1,1
-0.02382,51.83659,1,1,4,3,70,0.0,,6.0,2,2.0,2,2,Night,1.0,0,1,4,0
-1.84177,51.48434,2,2,2,6,50,13.0,4.0,6.0,2,2.0,2,5,Evening,1.0,1,0,4,1
-2.76503,53.41526,1,1,4,6,20,0.0,,1.0,1,1.0,1,6,Morning,1.0,0,0,1,0
-0.71889,51.50307,2,2,4,3,70,0.0,,1.0,1,1.0,2,7,Afternoon,1.0,0,0,5,0
-1.40403,54.81738,2,2,3,6,30,13.0,4.0,4.0,1,2.0,2,11,Afternoon,1.0,1,0,3,1
0.29978,51.39706,2,1,4,6,30,13.0,4.0,1.0,1,1.0,1,8,Afternoon,0.5,1,0,1,1
-2.37744,51.2613,1,1,5,6,60,0.0,,6.0,5,2.0,2,5,Night,1.0,0,0,4,0
-1.34265,51.01482,6,3,6,3,70,0.0,,1.0,1,1.0,2,10,Afternoon,0.5,0,0,6,0
-1.97099,53.89648,1,1,6,6,30,0.0,,1.0,1,1.0,1,3,Afternoon,1.0,1,0,3,1
-2.03332,52.58122,2,1,1,3,50,0.0,,1.0,1,2.0,1,9,Morning,0.5,0,1,4,0
1.26245,52.66409,2,1,4,6,30,13.0,4.0,4.0,1,1.0,1,11,Afternoon,0.5,1,0,1,1
-0.13673,51.45298,1,1,7,6,20,,9.0,1.0,1,1.0,1,7,Afternoon,1.0,1,0,1,1
1.17326,52.04942,2,1,5,6,30,19.0,4.0,1.0,1,1.0,1,1,Afternoon,0.5,1,0,4,1
-0.23234,51.49689,2,1,4,9,20,,4.0,1.0,1,1.0,1,12,Morning,0.5,1,0,1,1
-2.9047,53.19776,2,1,6,6,30,13.0,4.0,1.0,1,1.0,1,10,Morning,0.5,1,0,2,1
-0.56071,51.30286,2,1,6,6,30,0.0,,1.0,1,1.0,1,11,Morning,0.5,1,0,1,1
-3.84029,50.80039,1,1,4,6,60,0.0,,6.0,6,4.0,2,3,Evening,1.0,0,1,4,0
-0.38683,52.35398,1,1,7,3,70,0.0,,6.0,2,2.0,2,7,Night,1.0,1,0,4,4
0.03203,51.59516,2,5,1,3,40,0.0,,4.0,1,1.0,1,6,Night,2.5,0,0,4,0
-2.38972,53.58624,2,1,4,6,20,16.0,4.0,1.0,1,1.0,1,5,Afternoon,0.5,1,0,1,1
-2.93547,57.67767,2,1,6,6,30,19.0,4.0,1.0,1,1.0,2,5,Evening,0.5,1,0,1,1
-2.80175,54.07364,2,1,7,3,30,13.0,2.0,1.0,1,1.0,2,1,Afternoon,0.5,1,0,4,4
-1.27927,52.66954,3,3,3,3,70,0.0,,6.0,2,2.0,2,1,Morning,1.0,0,1,6,0
-0.42641,51.46482,1,1,4,3,40,0.0,,1.0,2,2.0,1,5,Evening,1.0,0,0,4,0
-2.98752,53.43997,1,1,4,6,30,16.0,4.0,1.0,4,1.0,1,1,Morning,1.0,1,0,4,1
-1.19863,53.13567,1,1,7,1,30,,4.0,1.0,1,1.0,1,5,Morning,1.0,1,0,1,1
0.41705,51.6893,2,1,4,6,30,13.0,4.0,4.0,1,1.0,2,8,Evening,0.5,1,0,1,1
-2.58235,51.46022,2,1,7,2,30,13.0,2.0,1.0,1,1.0,1,5,Afternoon,0.5,1,0,4,1
-0.01653,51.60206,3,1,3,6,20,13.0,4.0,1.0,2,2.0,1,10,Afternoon,0.3333333333333333,1,0,4,1
-1.63826,53.76801,1,1,1,6,30,0.0,,1.0,1,1.0,1,9,Morning,1.0,0,1,3,0
-1.55235,53.60853,2,1,4,7,70,0.0,,1.0,1,1.0,2,9,Afternoon,0.5,1,0,6,6
-2.88467,54.0611,2,1,3,6,30,19.0,4.0,4.0,1,1.0,1,1,Evening,0.5,1,0,1,1
-2.09484,53.00635,1,1,4,6,60,0.0,,1.0,2,2.0,2,12,Morning,1.0,0,1,1,0
-2.10393,52.47235,1,1,2,6,30,13.0,4.0,4.0,1,1.0,1,7,Evening,1.0,1,0,4,1
-1.34171,51.17526,1,1,7,7,70,0.0,4.0,1.0,1,1.0,2,2,Morning,1.0,1,0,4,4
-0.14402,51.5408,1,1,7,2,20,16.0,4.0,4.0,1,1.0,1,11,Night,1.0,1,0,4,2
-4.96565,50.47744,2,1,7,6,60,0.0,,1.0,1,1.0,2,6,Night,0.5,1,0,1,1
-2.24187,53.48981,1,4,3,6,30,13.0,,1.0,1,1.0,1,7,Morning,4.0,1,0,1,4
0.24246,51.45323,1,1,3,3,50,0.0,,1.0,1,1.0,2,9,Morning,1.0,1,0,4,4
0.25408,50.86589,2,2,1,6,30,13.0,4.0,1.0,1,1.0,1,6,Afternoon,1.0,1,0,3,1
-0.71978,51.51704,2,1,1,1,30,0.0,4.0,1.0,1,1.0,1,7,Afternoon,0.5,1,0,4,1
-1.35319,53.24591,2,5,5,6,60,13.0,4.0,6.0,1,2.0,2,11,Morning,2.5,1,0,2,1
-1.46954,53.6687,2,1,7,1,30,,2.0,4.0,2,2.0,2,6,Night,0.5,1,0,4,4
-1.18437,52.96736,1,1,2,6,30,19.0,2.0,4.0,1,1.0,1,3,Evening,1.0,1,0,3,1
-1.53428,52.26838,2,1,1,6,30,16.0,2.0,1.0,1,1.0,1,11,Afternoon,0.5,1,0,1,3
-0.35765,51.15314,2,2,2,6,30,19.0,4.0,1.0,1,1.0,2,8,Afternoon,1.0,1,0,3,4
-1.49464,52.89425,2,1,1,6,30,0.0,,1.0,1,1.0,1,7,Evening,0.5,0,0,1,0
0.08862,51.53454,1,1,2,6,30,13.0,4.0,1.0,1,1.0,1,7,Afternoon,1.0,1,0,1,1
-1.22837,51.16808,2,1,5,3,70,0.0,,1.0,2,2.0,2,2,Afternoon,0.5,0,0,6,0
-1.39575,54.91898,2,1,3,6,30,13.0,2.0,1.0,1,1.0,1,2,Morning,0.5,1,0,3,4
0.56501,51.38002,1,1,5,6,30,0.0,,1.0,1,1.0,1,5,Afternoon,1.0,1,0,1,1
-0.30012,53.59945,1,1,5,6,60,0.0,,1.0,1,2.0,2,11,Morning,1.0,0,1,3,0
-2.60849,51.02441,3,4,2,6,50,0.0,4.0,1.0,1,1.0,2,8,Evening,1.3333333333333333,1,0,4,3
-0.17463,51.422,2,1,4,6,20,13.0,4.0,1.0,1,1.0,1,9,Morning,0.5,1,0,4,1
-3.83197,53.33668,1,1,1,2,20,0.0,,1.0,1,1.0,2,9,Afternoon,1.0,0,0,1,0
-1.00219,51.44673,2,1,2,6,30,13.0,2.0,1.0,1,1.0,1,9,Morning,0.5,1,0,4,1
-1.47615,53.42449,2,1,6,6,30,0.0,,1.0,1,2.0,1,3,Morning,0.5,1,0,1,1
-0.22167,51.49976,2,1,6,6,20,13.0,2.0,1.0,1,1.0,1,6,Afternoon,0.5,1,0,4,2
-0.10499,51.49103,2,1,3,6,20,13.0,4.0,1.0,1,1.0,1,9,Morning,0.5,1,0,4,1
-0.42866,51.45367,1,1,3,6,30,13.0,4.0,1.0,1,1.0,1,6,Afternoon,1.0,1,0,4,1
-1.13354,52.658,1,1,5,3,30,0.0,,1.0,1,1.0,1,8,Morning,1.0,0,1,4,0
-1.50142,53.58765,2,1,5,6,30,0.0,,4.0,1,1.0,1,11,Evening,0.5,1,0,1,1
-0.14321,51.59249,2,1,1,6,20,13.0,4.0,1.0,1,1.0,1,9,Afternoon,0.5,1,0,3,1
0.50096,51.40968,2,1,3,6,30,13.0,4.0,1.0,1,1.0,1,8,Afternoon,0.5,1,0,3,1
-3.56832,50.48729,3,1,7,3,40,19.0,2.0,1.0,1,1.0,2,8,Afternoon,0.3333333333333333,1,0,4,4
-0.38262,51.54657,2,1,5,6,20,13.0,4.0,4.0,2,2.0,1,2,Evening,0.5,1,0,1,1
-0.16484,51.45021,2,1,4,6,20,,9.0,1.0,9,9.0,1,1,Afternoon,0.5,1,0,3,1
0.50281,50.84552,2,1,3,1,30,,4.0,1.0,1,2.0,1,6,Afternoon,0.5,1,0,4,4
1.03715,52.52861,2,2,3,3,70,0.0,,6.0,1,1.0,2,11,Afternoon,1.0,0,1,4,0
-0.3018,51.41072,1,1,2,2,20,16.0,2.0,1.0,1,1.0,1,7,Afternoon,1.0,1,0,2,1
-2.96184,53.42196,1,1,6,6,30,0.0,,1.0,1,1.0,1,2,Afternoon,1.0,0,0,4,0
-1.75732,52.43734,2,1,7,3,40,19.0,2.0,1.0,1,1.0,1,8,Morning,0.5,1,0,3,1
-1.92132,52.38023,2,2,4,6,40,13.0,4.0,1.0,1,1.0,2,10,Afternoon,1.0,1,0,1,1
-0.44197,51.90444,3,3,3,3,30,13.0,4.0,1.0,2,2.0,1,5,Afternoon,1.0,1,0,1,1
-0.21227,51.52127,1,1,5,6,20,19.0,4.0,1.0,1,1.0,1,6,Afternoon,1.0,1,0,3,1
-2.07428,52.54978,1,1,5,6,30,0.0,,1.0,1,1.0,1,11,Morning,1.0,1,0,1,1
-1.13549,52.93513,1,1,4,3,30,0.0,,1.0,1,1.0,1,4,Morning,1.0,1,0,4,1
-0.07513,51.55101,2,1,3,9,20,13.0,4.0,1.0,1,1.0,1,4,Morning,0.5,1,0,4,1
-2.67876,53.75193,2,1,5,6,30,16.0,2.0,4.0,1,1.0,1,11,Afternoon,0.5,1,0,1,4
0.79017,51.21328,2,1,7,1,50,,4.0,1.0,1,1.0,2,4,Afternoon,0.5,1,0,4,4
-3.08476,54.198,1,1,5,6,30,0.0,,1.0,1,2.0,1,1,Afternoon,1.0,1,0,4,1
-4.42402,55.84281,2,1,5,6,30,16.0,2.0,1.0,1,1.0,1,1,Afternoon,0.5,1,0,1,1
-2.19864,52.07058,1,1,5,6,60,,4.0,1.0,1,2.0,2,4,Evening,1.0,1,0,4,4
-4.10692,50.42483,2,1,1,6,30,13.0,4.0,4.0,2,2.0,1,3,Evening,0.5,1,0,3,1
-0.26545,51.40619,2,1,2,9,20,,9.0,1.0,9,9.0,1,6,Morning,0.5,1,0,1,1
-4.66203,55.73783,3,1,3,6,30,13.0,4.0,1.0,1,2.0,2,5,Afternoon,0.3333333333333333,1,0,3,1
-1.45637,50.93228,1,2,4,6,20,13.0,4.0,1.0,1,1.0,1,1,Afternoon,2.0,1,0,1,1
-4.93979,50.49473,1,1,3,6,60,16.0,4.0,1.0,1,1.0,2,6,Afternoon,1.0,1,0,1,1
-4.64434,55.60721,1,1,6,3,60,0.0,,4.0,1,1.0,1,9,Night,1.0,1,0,4,4
-0.06004,51.56497,2,1,4,6,20,13.0,4.0,4.0,1,1.0,1,5,Evening,0.5,1,0,4,1
-2.98135,53.40401,1,1,7,2,20,13.0,4.0,4.0,1,,1,2,Evening,1.0,1,0,1,1
1.02178,51.04047,2,1,6,6,40,13.0,4.0,1.0,1,1.0,2,1,Afternoon,0.5,1,0,4,1
-0.19604,51.52824,2,1,6,6,20,13.0,4.0,4.0,5,2.0,1,12,Evening,0.5,1,0,3,1
-0.05072,51.51363,2,3,2,6,20,13.0,4.0,4.0,1,2.0,1,12,Evening,1.5,1,0,4,1
-1.13621,52.93083,2,1,2,6,30,13.0,4.0,1.0,1,1.0,1,2,Afternoon,0.5,1,0,4,1
-2.32144,51.7475,1,1,7,6,30,0.0,,1.0,1,1.0,2,5,Evening,1.0,1,0,1,1
-1.00207,50.92359,1,1,5,6,30,0.0,,1.0,1,2.0,1,7,Evening,1.0,0,0,1,0
-0.32839,53.74807,2,1,3,6,30,13.0,2.0,1.0,1,1.0,1,4,Morning,0.5,1,0,4,4
-1.17997,52.78024,2,1,7,6,40,0.0,,6.0,1,1.0,2,8,Evening,0.5,0,1,4,0
-2.68072,53.77267,1,2,6,6,30,19.0,4.0,6.0,1,2.0,1,11,Morning,2.0,1,0,4,1
-0.24686,52.57197,1,1,4,6,30,13.0,,4.0,2,2.0,1,12,Afternoon,1.0,1,0,1,4
-5.09425,50.3154,1,1,5,6,40,0.0,,1.0,1,1.0,2,9,Morning,1.0,1,0,1,1
-1.55225,52.39319,2,2,6,7,30,0.0,,1.0,1,1.0,1,6,Afternoon,1.0,0,1,1,0
0.44381,51.51926,1,1,7,6,30,18.0,,1.0,1,1.0,1,2,Afternoon,1.0,1,0,1,1
-0.10833,51.46837,2,1,6,6,30,13.0,4.0,1.0,1,1.0,1,3,Afternoon,0.5,1,0,1,1
-0.40461,51.65799,2,1,1,3,30,13.0,4.0,1.0,1,1.0,1,9,Afternoon,0.5,1,0,4,4
-0.10131,51.53626,1,1,6,9,20,,9.0,1.0,1,1.0,1,9,Morning,1.0,1,0,1,1
-1.35951,50.91649,2,1,7,6,60,13.0,2.0,4.0,1,2.0,1,12,Evening,0.5,1,0,1,1
0.70675,51.57345,2,1,7,6,30,13.0,4.0,1.0,1,1.0,1,10,Afternoon,0.5,1,0,1,1
-0.39965,51.54863,2,2,7,1,60,0.0,4.0,4.0,1,1.0,1,12,Night,1.0,1,0,4,4
-1.9326,53.87315,2,1,1,6,30,13.0,4.0,1.0,1,1.0,1,2,Afternoon,0.5,1,0,1,1
-0.55896,53.21867,2,3,7,6,40,0.0,,1.0,1,1.0,1,11,Morning,1.5,0,0,3,0
-2.56156,53.71576,3,1,4,3,70,0.0,,1.0,2,2.0,2,3,Morning,0.3333333333333333,0,1,6,0
-1.11489,52.92363,2,1,2,6,30,13.0,4.0,4.0,1,1.0,1,1,Afternoon,0.5,1,0,1,1
-2.59043,51.47643,2,1,4,6,20,13.0,4.0,1.0,1,1.0,1,7,Afternoon,0.5,1,0,4,1
-3.17203,56.12641,2,2,7,6,30,,4.0,1.0,1,2.0,1,1,Afternoon,1.0,1,0,1,1
-2.22729,52.41387,2,2,5,6,30,13.0,4.0,1.0,1,1.0,2,6,Morning,1.0,1,0,4,1
-0.05859,52.97233,2,2,3,1,30,0.0,4.0,1.0,1,2.0,2,3,Morning,1.0,1,0,4,4
0.54063,52.42951,2,1,4,6,60,13.0,4.0,1.0,1,1.0,2,8,Afternoon,0.5,1,0,1,1
-1.97882,52.59722,2,1,7,6,30,13.0,4.0,4.0,1,2.0,1,11,Evening,0.5,1,0,1,1
-1.16553,51.65164,2,2,6,6,60,0.0,,6.0,1,2.0,2,1,Morning,1.0,0,0,4,0
-2.05193,52.45465,1,1,4,6,30,0.0,,1.0,2,2.0,1,9,Afternoon,1.0,0,1,1,0
-0.71017,52.38733,2,3,2,6,30,13.0,2.0,1.0,1,1.0,1,5,Afternoon,1.5,1,0,4,4
-1.85978,52.42115,2,1,3,6,30,19.0,4.0,1.0,1,1.0,1,9,Morning,0.5,1,0,1,1
1.06538,52.46992,2,2,2,6,40,16.0,4.0,1.0,1,1.0,2,6,Morning,1.0,1,0,3,3
-0.91564,52.19859,2,2,7,3,50,0.0,,6.0,1,2.0,2,11,Evening,1.0,0,1,6,0
-1.66388,54.96551,2,2,3,3,50,16.0,2.0,1.0,1,1.0,1,12,Morning,1.0,1,0,4,3
-1.92776,52.5527,2,1,6,3,70,0.0,,1.0,1,1.0,1,5,Evening,0.5,0,1,6,0
-3.01659,53.37916,1,1,4,6,30,0.0,,1.0,1,1.0,1,1,Morning,1.0,0,0,1,0
0.25589,51.61448,2,2,7,3,70,0.0,,1.0,1,1.0,2,9,Morning,1.0,0,0,6,0
-1.52599,52.40379,2,1,7,6,30,13.0,2.0,1.0,1,1.0,1,8,Morning,0.5,1,0,1,1
1.17571,51.08664,2,1,5,6,30,0.0,,1.0,1,1.0,1,8,Morning,0.5,1,0,4,1
-2.70993,53.75659,2,1,6,6,30,19.0,4.0,1.0,1,1.0,1,6,Afternoon,0.5,1,0,1,1
-0.12927,51.46232,2,1,1,6,20,13.0,4.0,1.0,1,1.0,1,4,Evening,0.5,1,0,3,1
-0.699,53.58535,3,6,7,3,50,0.0,,1.0,1,1.0,2,3,Afternoon,2.0,0,1,6,0
-1.13973,51.28658,1,1,2,6,30,13.0,4.0,4.0,2,2.0,2,11,Afternoon,1.0,1,0,1,1
-0.24887,51.51377,1,1,1,2,20,,2.0,1.0,1,1.0,1,11,Afternoon,1.0,1,0,4,4
0.29866,51.43049,2,1,2,3,70,0.0,,5.0,1,1.0,2,5,Evening,0.5,1,0,4,4
-0.39107,51.5257,1,3,5,1,40,0.0,4.0,1.0,1,1.0,1,5,Afternoon,3.0,1,0,4,2
-2.21041,53.03563,2,1,2,3,50,0.0,,4.0,1,1.0,2,5,Night,0.5,1,0,4,4
-2.86138,51.4429,1,1,6,6,30,13.0,4.0,7.0,9,,1,1,Morning,1.0,1,0,1,1
-1.15066,52.92643,2,1,2,6,30,0.0,,4.0,1,1.0,1,2,Afternoon,0.5,1,0,3,1
-0.15287,51.50285,1,1,1,1,20,,9.0,1.0,1,1.0,1,7,Afternoon,1.0,1,0,4,4
-2.71934,52.05943,2,1,3,3,30,13.0,4.0,1.0,1,2.0,1,12,Afternoon,0.5,1,0,4,1
-1.84373,52.53561,2,1,1,6,30,13.0,4.0,1.0,1,2.0,1,10,Afternoon,0.5,1,0,1,1
-0.02881,51.5149,2,1,5,7,20,0.0,,1.0,1,1.0,1,6,Evening,0.5,0,0,4,0
-1.8272,52.43533,2,1,3,6,30,13.0,4.0,4.0,1,1.0,1,1,Afternoon,0.5,1,0,1,1
-2.15974,51.32186,2,1,7,6,60,0.0,,1.0,1,1.0,2,2,Afternoon,0.5,0,0,4,0
-1.29405,52.35864,1,1,4,6,30,0.0,,1.0,1,1.0,1,11,Evening,1.0,0,1,3,0
-1.8932,53.73544,1,1,2,6,30,0.0,,1.0,1,1.0,1,3,Afternoon,1.0,1,0,1,1
-1.15066,50.85501,2,1,7,6,40,13.0,4.0,1.0,1,1.0,2,4,Morning,0.5,1,0,1,1
-1.49603,52.92014,2,1,6,6,30,13.0,4.0,1.0,1,1.0,1,11,Afternoon,0.5,1,0,1,1
-3.65247,50.72582,2,3,5,3,70,19.0,4.0,1.0,5,2.0,2,3,Morning,1.5,1,0,4,4
-2.56048,51.58744,2,2,6,6,60,0.0,,1.0,1,1.0,2,4,Afternoon,1.0,0,0,1,0
-1.72547,53.81345,2,1,7,6,30,13.0,4.0,4.0,1,1.0,1,2,Afternoon,0.5,1,0,4,1
0.16947,51.52051,2,1,2,1,30,0.0,2.0,1.0,1,1.0,2,3,Morning,0.5,1,0,2,4
-3.14824,51.50412,2,2,2,7,50,19.0,4.0,4.0,2,2.0,2,12,Afternoon,1.0,1,0,1,4
-0.04699,51.47529,1,1,4,3,30,16.0,2.0,1.0,1,1.0,1,3,Afternoon,1.0,1,0,4,4
0.26863,51.499,2,2,1,3,70,0.0,,1.0,1,1.0,2,9,Afternoon,1.0,0,1,6,0
-2.74075,53.76284,1,1,6,3,40,16.0,2.0,7.0,1,1.0,1,8,Night,1.0,1,0,4,1
-0.03683,51.63762,2,1,6,6,40,13.0,4.0,1.0,8,1.0,2,6,Afternoon,0.5,1,0,4,2
-1.52219,53.80466,2,1,5,6,30,0.0,,1.0,9,2.0,1,2,Morning,0.5,1,0,1,1
-0.52544,51.2471,2,1,3,3,30,19.0,4.0,1.0,1,1.0,2,6,Morning,0.5,1,0,4,4
-2.57102,51.46338,3,2,7,3,40,16.0,2.0,1.0,9,1.0,1,9,Evening,0.6666666666666666,1,0,4,4
0.27368,50.78072,2,1,2,6,30,19.0,4.0,1.0,1,1.0,1,1,Afternoon,0.5,1,0,4,1
-2.21651,53.42774,2,1,4,6,30,13.0,4.0,1.0,2,2.0,1,9,Afternoon,0.5,1,0,1,1
-2.15768,53.44297,2,1,2,6,30,13.0,4.0,4.0,1,1.0,1,1,Evening,0.5,1,0,3,1
-2.86681,53.40993,3,1,1,6,20,0.0,,4.0,2,2.0,1,9,Night,0.3333333333333333,0,0,1,0
-3.17186,51.6566,2,1,1,1,70,0.0,4.0,1.0,1,1.0,1,11,Morning,0.5,1,0,4,4
0.53675,51.61165,2,1,6,6,30,0.0,,1.0,1,1.0,1,12,Morning,0.5,1,0,4,1
-0.15032,51.78734,2,2,4,1,40,,4.0,1.0,1,1.0,2,10,Afternoon,1.0,1,0,4,1
-1.16129,52.97177,2,1,5,6,30,0.0,,4.0,2,2.0,1,2,Morning,0.5,1,0,1,1
1.32641,52.64588,1,1,3,6,30,0.0,,1.0,1,1.0,1,9,Morning,1.0,1,0,1,1
-2.2273,50.92368,2,2,3,6,60,17.0,4.0,1.0,1,2.0,2,5,Morning,1.0,1,0,2,2
-1.68303,53.72879,2,1,1,6,30,13.0,4.0,4.0,8,1.0,1,11,Evening,0.5,1,0,4,1
-1.35278,53.50408,1,1,2,6,30,0.0,,1.0,1,1.0,1,6,Morning,1.0,1,0,3,1
-3.40153,50.6444,2,1,1,6,30,19.0,4.0,1.0,2,2.0,1,9,Morning,0.5,1,0,1,1
-1.1678,52.62512,2,2,6,6,30,16.0,4.0,4.0,1,4.0,1,1,Afternoon,1.0,1,0,1,1
-1.28584,53.38652,3,2,1,6,60,0.0,,1.0,1,1.0,2,7,Afternoon,0.6666666666666666,1,0,1,1
-0.22124,51.55891,2,1,6,9,30,,9.0,1.0,9,9.0,1,3,Afternoon,0.5,1,0,1,1
-0.17064,51.49009,1,1,3,6,30,16.0,4.0,1.0,1,1.0,1,9,Afternoon,1.0,1,0,3,1
-2.17592,53.46002,1,1,6,6,20,16.0,4.0,1.0,1,1.0,1,8,Afternoon,1.0,1,0,1,1
-3.22131,53.02688,1,1,2,6,40,19.0,4.0,1.0,1,1.0,2,4,Morning,1.0,1,0,4,1
-3.48465,56.38706,2,3,6,3,70,17.0,4.0,1.0,1,2.0,2,12,Morning,1.5,1,0,6,6
-4.10508,50.39875,1,1,1,6,30,0.0,,1.0,1,1.0,1,5,Afternoon,1.0,1,0,1,1
-0.47843,52.13419,2,1,6,6,30,0.0,,1.0,1,,2,10,Afternoon,0.5,0,1,1,0
-0.41632,51.54828,2,1,2,3,50,,9.0,1.0,1,1.0,1,5,Afternoon,0.5,1,0,4,1
-2.21694,51.84536,2,1,6,6,30,0.0,,4.0,1,1.0,1,2,Evening,0.5,1,0,1,1
1.31154,52.10966,3,2,2,6,60,0.0,,1.0,1,2.0,2,10,Morning,0.6666666666666666,1,0,4,1
-0.04487,51.44232,2,1,7,9,20,18.0,4.0,4.0,1,1.0,1,11,Night,0.5,1,0,4,1
-0.15299,51.52408,2,1,6,6,20,16.0,2.0,1.0,1,1.0,1,6,Morning,0.5,1,0,1,1
-2.11091,53.6018,2,2,3,3,70,0.0,,6.0,2,2.0,2,2,Night,1.0,1,0,6,6
-0.24001,51.50545,1,1,4,6,20,19.0,4.0,1.0,1,1.0,1,8,Afternoon,1.0,1,0,1,1
-2.58683,52.31123,2,1,6,6,60,13.0,4.0,1.0,1,2.0,2,5,Afternoon,0.5,1,0,3,1
-1.97606,52.51268,2,1,7,3,30,,2.0,1.0,1,1.0,1,1,Afternoon,0.5,1,0,4,4
-1.50498,52.39436,1,1,2,6,30,0.0,,1.0,1,1.0,1,1,Afternoon,1.0,0,1,1,0
0.609,51.52284,2,1,5,6,30,0.0,,1.0,9,,1,5,Afternoon,0.5,1,0,1,1
-0.8506,52.05549,2,1,1,6,30,13.0,4.0,1.0,1,1.0,1,9,Night,0.5,0,1,1,0
-3.83497,51.01773,1,1,4,6,30,0.0,,1.0,1,1.0,2,11,Afternoon,1.0,0,1,3,0
-0.35663,53.73404,2,3,3,7,40,0.0,,1.0,1,1.0,1,6,Morning,1.5,1,0,4,1
-3.39536,51.94984,2,6,2,6,20,13.0,4.0,1.0,1,1.0,2,6,Afternoon,3.0,1,0,1,1
-1.75814,52.47224,2,2,7,6,30,0.0,,1.0,1,1.0,1,8,Afternoon,1.0,0,1,1,0
-5.44142,50.17453,2,1,3,1,30,,4.0,1.0,1,1.0,2,7,Afternoon,0.5,1,0,4,4
-0.14869,51.47228,1,1,2,6,20,0.0,,4.0,1,1.0,1,12,Afternoon,1.0,0,0,4,0
-3.24571,51.49722,2,2,1,6,20,0.0,,1.0,2,2.0,1,2,Morning,1.0,0,0,1,0
-1.10984,53.53805,2,1,5,6,20,13.0,4.0,4.0,1,1.0,1,6,Evening,0.5,1,0,1,1
-0.08598,51.51101,1,1,2,3,20,13.0,2.0,4.0,1,1.0,1,5,Evening,1.0,1,0,4,1
-1.20512,51.20008,1,1,3,3,70,0.0,,6.0,1,1.0,2,10,Night,1.0,0,0,4,0
-0.19847,51.47992,1,1,6,6,20,0.0,4.0,1.0,1,1.0,1,11,Afternoon,1.0,1,0,4,4
0.44144,51.58323,2,1,7,1,70,,4.0,1.0,2,2.0,2,3,Afternoon,0.5,1,0,4,4
-0.02699,51.60652,2,2,1,3,50,0.0,2.0,1.0,1,1.0,2,11,Afternoon,1.0,1,0,4,1
-2.11993,51.46998,2,1,1,6,30,0.0,,7.0,9,1.0,1,3,Afternoon,0.5,0,0,1,0
-0.18257,51.49329,2,1,1,6,20,0.0,,1.0,2,2.0,1,4,Afternoon,0.5,0,0,1,0
-0.03378,51.45366,2,1,1,6,30,13.0,4.0,4.0,2,2.0,1,4,Night,0.5,1,0,2,2
-3.95635,56.1312,2,1,6,6,20,0.0,,4.0,1,2.0,1,11,Evening,0.5,1,0,1,1
-2.93945,53.4405,2,1,4,3,30,13.0,2.0,1.0,2,2.0,1,9,Morning,0.5,1,0,1,1
-2.77649,50.8356,2,1,4,6,60,13.0,4.0,1.0,1,2.0,2,2,Afternoon,0.5,1,0,3,4
-1.81732,51.59958,2,1,1,6,30,16.0,4.0,1.0,1,1.0,1,6,Morning,0.5,1,0,1,1
-0.66913,51.91612,2,1,2,1,20,,4.0,1.0,1,1.0,1,1,Afternoon,0.5,1,0,1,1
-0.16254,51.46688,2,1,7,6,20,17.0,4.0,4.0,1,1.0,1,10,Evening,0.5,1,0,4,1
-0.08155,51.63679,2,1,4,6,30,16.0,2.0,1.0,1,1.0,1,9,Afternoon,0.5,1,0,4,3
-1.14906,52.95793,1,1,3,6,30,19.0,,4.0,8,1.0,1,5,Evening,1.0,1,0,4,1
-2.00374,52.53091,2,1,1,6,30,18.0,4.0,1.0,1,1.0,1,8,Evening,0.5,1,0,3,1
-0.32976,51.43394,2,1,1,6,20,13.0,4.0,1.0,1,1.0,1,1,Afternoon,0.5,1,0,4,1
0.24079,51.45405,2,1,2,3,30,19.0,1.0,1.0,1,1.0,2,2,Afternoon,0.5,1,0,4,4
-0.31334,51.45263,2,1,5,6,20,,9.0,1.0,1,1.0,1,12,Morning,0.5,1,0,4,1
0.019,51.47708,2,1,3,2,20,0.0,4.0,4.0,1,1.0,1,10,Evening,0.5,1,0,3,3
-3.52099,55.89659,2,1,5,6,30,0.0,,4.0,1,1.0,1,9,Evening,0.5,1,0,1,1
-0.24172,54.1406,3,2,6,6,60,13.0,4.0,1.0,1,1.0,2,10,Afternoon,0.6666666666666666,1,0,4,1
-0.14723,51.50743,2,1,4,2,20,13.0,2.0,1.0,1,1.0,1,10,Morning,0.5,1,0,1,1
-0.94302,53.69589,2,1,3,3,70,0.0,,1.0,2,2.0,2,7,Afternoon,0.5,0,1,6,0
0.30149,53.23247,2,1,7,6,60,0.0,,1.0,1,2.0,2,12,Afternoon,0.5,0,0,1,0
-1.61752,54.92147,2,2,2,7,50,0.0,,1.0,1,1.0,1,9,Evening,1.0,0,1,4,0
-2.16939,53.47291,1,1,5,6,30,13.0,4.0,4.0,1,1.0,1,7,Evening,1.0,1,0,4,1
-0.76741,52.01888,2,1,5,6,60,0.0,4.0,1.0,2,2.0,2,3,Afternoon,0.5,1,0,2,2
-1.1282,51.28003,3,1,4,6,60,16.0,4.0,1.0,1,1.0,2,9,Afternoon,0.3333333333333333,1,0,4,1
-5.34753,50.13372,1,1,5,6,30,16.0,4.0,4.0,1,1.0,2,2,Evening,1.0,1,0,1,1
-0.09209,51.51379,2,1,5,6,20,13.0,4.0,4.0,1,2.0,1,9,Evening,0.5,1,0,1,1
-2.63659,53.64457,2,1,2,6,30,13.0,4.0,4.0,5,2.0,1,1,Evening,0.5,1,0,3,1
-2.98204,53.67642,2,1,1,6,50,17.0,4.0,1.0,1,1.0,2,10,Afternoon,0.5,1,0,1,1
0.16811,51.28756,1,1,2,6,20,0.0,,7.0,2,2.0,1,8,Evening,1.0,1,0,4,1
-0.28535,51.60264,2,1,7,6,30,0.0,,1.0,1,1.0,1,8,Afternoon,0.5,0,0,2,0
-2.21432,53.44128,2,1,7,6,30,13.0,4.0,1.0,1,1.0,1,6,Night,0.5,1,0,1,1
-1.48374,53.37231,2,1,2,6,30,13.0,4.0,1.0,1,1.0,1,10,Morning,0.5,1,0,1,1
-1.34232,53.10641,1,1,3,6,30,13.0,4.0,1.0,2,2.0,1,5,Evening,1.0,1,0,1,1
-3.23624,51.48184,2,1,7,6,30,13.0,2.0,4.0,1,1.0,1,11,Evening,0.5,1,0,4,1
-3.05347,53.80576,2,1,3,6,30,13.0,4.0,1.0,1,1.0,1,12,Morning,0.5,1,0,3,1
-0.20462,51.10659,2,1,4,3,40,,4.0,1.0,1,1.0,1,12,Morning,0.5,1,0,4,4
-0.41676,51.41544,1,1,3,6,20,13.0,4.0,1.0,1,1.0,1,2,Afternoon,1.0,1,0,1,1
-0.15315,52.78627,1,1,6,6,30,13.0,4.0,1.0,1,1.0,1,7,Afternoon,1.0,1,0,1,1
-2.77418,54.14264,1,1,4,6,20,0.0,,1.0,1,1.0,2,6,Afternoon,1.0,1,0,1,1
-3.35468,51.55462,1,1,1,6,20,13.0,4.0,1.0,1,1.0,1,10,Afternoon,1.0,1,0,1,1
-2.39735,53.58903,2,1,4,6,30,13.0,2.0,1.0,1,1.0,1,7,Afternoon,0.5,1,0,1,1
-1.50075,53.81621,1,1,7,3,30,19.0,4.0,1.0,1,1.0,1,7,Evening,1.0,1,0,1,1
-1.21785,51.19705,2,4,5,3,70,0.0,,1.0,1,1.0,2,5,Afternoon,2.0,0,0,4,0
-0.14023,51.35943,2,2,5,6,30,16.0,4.0,4.0,2,2.0,1,1,Afternoon,1.0,1,0,3,2
-0.07144,53.52928,3,1,5,6,60,0.0,,1.0,1,1.0,2,6,Afternoon,0.3333333333333333,0,1,4,0
1.18935,52.07199,2,1,6,6,30,0.0,,1.0,1,1.0,1,7,Afternoon,0.5,1,0,1,1
-2.9785,53.40225,1,1,1,6,20,0.0,,4.0,1,1.0,1,4,Night,1.0,0,0,1,0
-2.64126,51.61047,2,1,1,3,40,0.0,,4.0,1,1.0,2,2,Evening,0.5,0,0,6,0
-0.13841,51.51561,2,4,7,3,20,0.0,,1.0,1,1.0,1,5,Evening,2.0,0,0,4,0
-1.00372,51.45863,2,1,6,6,30,18.0,4.0,4.0,1,1.0,1,9,Evening,0.5,1,0,4,1
-0.02514,52.97446,2,1,1,3,40,13.0,2.0,4.0,2,2.0,1,3,Evening,0.5,1,0,4,1
-0.25664,51.40296,2,1,4,1,20,16.0,4.0,1.0,1,1.0,1,11,Morning,0.5,1,0,3,3
1.26206,52.65191,3,1,4,7,40,0.0,,4.0,1,1.0,1,9,Evening,0.3333333333333333,1,0,4,4
-2.67647,53.77182,2,1,5,6,30,0.0,,1.0,1,1.0,1,11,Afternoon,0.5,1,0,4,1
-2.02906,52.53156,2,1,4,3,40,0.0,,1.0,2,2.0,1,5,Afternoon,0.5,0,1,4,0
0.00606,51.41571,2,1,6,6,30,17.0,4.0,1.0,1,1.0,1,3,Afternoon,0.5,1,0,4,4
-0.10381,51.4226,2,1,6,6,30,19.0,4.0,1.0,1,1.0,1,3,Afternoon,0.5,1,0,4,1
-2.9211,53.41524,1,1,6,6,30,13.0,4.0,1.0,1,1.0,1,10,Evening,1.0,1,0,4,1
-5.40756,50.1894,1,1,6,6,20,0.0,,1.0,1,1.0,2,11,Morning,1.0,1,0,1,1
-2.24498,53.32205,2,1,3,6,30,0.0,,1.0,1,1.0,1,8,Morning,0.5,0,1,1,0
-4.16448,50.37864,2,1,2,7,30,,4.0,4.0,1,1.0,1,12,Evening,0.5,1,0,1,1
-0.46471,51.52781,2,1,7,6,30,13.0,4.0,1.0,1,1.0,1,9,Evening,0.5,1,0,2,2
-1.31127,52.06972,2,1,1,3,70,0.0,,1.0,1,1.0,2,6,Afternoon,0.5,0,0,6,0
-1.64885,52.80468,2,1,2,6,30,19.0,4.0,4.0,1,1.0,1,11,Evening,0.5,1,0,4,3
-3.04383,53.81925,1,1,6,6,20,19.0,4.0,1.0,1,1.0,1,3,Afternoon,1.0,1,0,1,1
0.13049,51.45867,2,1,6,6,30,13.0,4.0,1.0,1,1.0,1,10,Morning,0.5,1,0,4,2
0.27018,52.1672,2,1,3,3,70,0.0,,6.0,1,1.0,2,9,Evening,0.5,0,1,4,0
-2.96137,53.56621,2,1,2,6,60,0.0,,1.0,1,1.0,2,5,Evening,0.5,0,1,1,0
-1.30583,53.22684,2,1,3,6,30,13.0,4.0,1.0,1,1.0,2,10,Morning,0.5,1,0,1,1
-3.14663,51.4848,1,1,3,6,20,0.0,,1.0,1,1.0,1,9,Morning,1.0,0,0,1,0
-1.44652,53.39705,2,1,7,6,30,16.0,4.0,1.0,1,1.0,1,9,Afternoon,0.5,1,0,3,1
-0.41977,54.25373,2,2,4,6,30,13.0,4.0,1.0,1,1.0,2,6,Morning,1.0,1,0,4,1
-4.03297,55.94178,1,1,5,6,30,0.0,,1.0,1,2.0,1,8,Morning,1.0,1,0,3,3
-1.03177,54.03196,2,1,1,6,40,16.0,4.0,1.0,2,2.0,2,9,Night,0.5,1,0,1,1
-1.62668,53.70775,1,1,2,6,30,13.0,4.0,1.0,2,2.0,1,9,Morning,1.0,1,0,4,1
-1.11944,53.30798,2,1,5,6,30,13.0,3.0,1.0,1,1.0,1,7,Morning,0.5,1,0,1,1
-1.51356,51.42647,2,1,4,6,60,16.0,4.0,1.0,2,2.0,2,5,Morning,0.5,1,0,1,1
-2.39467,53.43171,1,1,7,6,40,0.0,,1.0,1,1.0,2,8,Afternoon,1.0,0,1,4,0
0.20847,51.52583,3,1,4,6,30,0.0,,1.0,1,2.0,1,4,Evening,0.3333333333333333,0,0,1,0
-0.19366,51.11483,2,1,5,6,30,0.0,,4.0,1,2.0,1,2,Afternoon,0.5,1,0,4,1
-4.23126,55.82857,1,1,1,6,30,0.0,,4.0,1,1.0,1,2,Evening,1.0,1,0,3,1
1.03327,51.79726,1,1,5,6,20,0.0,,1.0,1,1.0,2,7,Afternoon,1.0,0,1,1,0
-2.8562,54.06094,1,1,6,6,30,0.0,,1.0,1,1.0,1,11,Afternoon,1.0,0,1,1,0
-0.37431,51.67796,2,1,6,3,70,0.0,,1.0,1,1.0,1,8,Afternoon,0.5,0,1,6,0
-2.71984,52.99092,2,1,5,6,60,0.0,,1.0,1,1.0,2,5,Morning,0.5,0,0,4,0
-0.09416,51.47855,2,1,7,6,20,0.0,,1.0,1,1.0,1,5,Afternoon,0.5,0,0,4,0
-0.01658,51.45301,3,1,4,6,20,18.0,2.0,1.0,1,1.0,1,7,Morning,0.3333333333333333,1,0,4,1
-0.44986,52.79766,1,1,1,6,60,0.0,,6.0,1,2.0,2,11,Afternoon,1.0,0,0,4,0
-0.54102,50.80807,1,1,6,6,30,13.0,4.0,7.0,9,1.0,1,3,Afternoon,1.0,1,0,1,1
-0.10668,51.40422,1,1,2,9,20,13.0,4.0,4.0,8,2.0,1,5,Evening,1.0,1,0,1,1
-1.44022,53.28899,3,3,1,6,30,0.0,,4.0,1,2.0,2,2,Evening,1.0,0,0,3,0
0.21562,52.21355,2,1,3,3,40,0.0,,1.0,1,1.0,2,11,Afternoon,0.5,0,1,4,0
0.20896,51.24079,2,2,5,1,60,,4.0,1.0,1,1.0,2,7,Morning,1.0,1,0,4,4
-1.39465,53.09131,2,1,7,6,30,13.0,4.0,1.0,1,1.0,2,1,Afternoon,0.5,1,0,4,1
-4.07182,50.36278,2,1,3,3,30,13.0,4.0,1.0,1,1.0,1,11,Afternoon,0.5,1,0,4,1
-0.16274,51.43169,2,1,6,9,20,,9.0,1.0,1,1.0,1,4,Evening,0.5,1,0,1,1
0.13393,52.20509,2,1,5,6,30,13.0,2.0,4.0,1,1.0,1,11,Evening,0.5,1,0,4,1
0.0496,51.05274,2,3,6,6,50,0.0,,1.0,1,1.0,2,5,Morning,1.5,1,0,1,1
-0.34219,51.58048,1,2,6,6,30,0.0,2.0,1.0,1,1.0,1,11,Morning,2.0,1,0,4,4
-3.23269,50.68428,2,1,3,6,30,0.0,,1.0,1,1.0,1,4,Afternoon,0.5,1,0,1,1
-1.45525,54.81372,2,1,6,6,20,13.0,4.0,1.0,1,1.0,1,4,Morning,0.5,1,0,1,1
-0.56237,53.21031,2,1,6,1,30,0.0,4.0,1.0,1,1.0,1,11,Afternoon,0.5,1,0,2,2
-0.26719,51.60062,1,1,1,6,20,16.0,2.0,1.0,1,1.0,1,2,Morning,1.0,1,0,2,2
-0.15892,51.39552,2,1,4,6,20,19.0,4.0,1.0,1,1.0,1,9,Afternoon,0.5,1,0,4,4
-0.65834,52.90285,2,1,3,6,30,16.0,4.0,1.0,8,1.0,1,6,Evening,0.5,1,0,2,1
-2.32042,53.70101,2,1,2,6,30,13.0,4.0,1.0,1,1.0,1,8,Morning,0.5,1,0,4,1
-0.35926,53.74316,2,1,6,3,30,16.0,3.0,1.0,1,2.0,1,9,Morning,0.5,1,0,1,4
-0.60432,53.67644,1,2,5,6,60,0.0,,1.0,1,1.0,2,5,Evening,2.0,1,0,1,1
-2.36436,53.75257,5,2,5,6,30,0.0,,1.0,1,2.0,1,2,Afternoon,0.4,1,0,1,1
1.01914,51.88163,2,1,2,6,60,0.0,,1.0,1,1.0,2,8,Morning,0.5,1,0,1,1
-1.72972,52.41168,2,1,6,3,70,0.0,,4.0,1,1.0,2,6,Evening,0.5,0,1,6,0
-0.9555,52.935,1,1,6,6,60,0.0,,4.0,1,1.0,2,2,Evening,1.0,0,1,1,0
0.14124,51.45692,1,1,4,9,20,0.0,,1.0,8,2.0,1,2,Afternoon,1.0,0,0,4,0
-1.19521,53.00355,1,1,2,6,30,0.0,,1.0,1,1.0,1,2,Afternoon,1.0,1,0,3,1
-0.20156,51.8889,2,4,2,3,30,19.0,4.0,1.0,1,1.0,1,4,Afternoon,2.0,1,0,4,4
-0.5913,52.53342,2,1,7,6,60,0.0,,6.0,1,1.0,2,3,Night,0.5,0,1,4,0
-0.11129,51.50342,2,1,5,3,20,13.0,4.0,4.0,1,2.0,1,10,Evening,0.5,1,0,4,1
-2.5508,51.45965,2,2,4,6,20,16.0,2.0,1.0,1,1.0,1,9,Afternoon,1.0,1,0,4,1
-0.38014,50.83175,2,1,7,3,30,16.0,4.0,4.0,1,1.0,1,1,Night,0.5,1,0,4,4
-0.82968,52.27378,2,1,3,6,60,0.0,,6.0,2,2.0,1,6,Evening,0.5,0,1,4,0
-0.41457,51.441,2,1,4,7,20,,2.0,4.0,1,1.0,1,12,Afternoon,0.5,1,0,4,1
-2.48067,51.7592,2,1,4,6,30,0.0,,1.0,1,1.0,2,8,Evening,0.5,1,0,1,4
0.50054,51.56309,1,1,7,6,30,0.0,,1.0,9,1.0,1,2,Evening,1.0,1,0,1,1
-4.08627,53.19958,3,1,3,6,60,13.0,4.0,1.0,1,2.0,2,7,Morning,0.3333333333333333,1,0,4,1
-1.16726,53.79525,1,2,2,6,60,0.0,,6.0,2,2.0,2,2,Evening,2.0,0,0,1,0
0.09901,51.36924,1,1,5,6,30,0.0,,4.0,1,2.0,1,11,Afternoon,1.0,0,0,1,0
-4.02502,55.86279,1,1,2,6,20,18.0,4.0,1.0,1,1.0,1,9,Morning,1.0,1,0,1,1
-0.9933,50.90679,2,1,2,6,60,0.0,4.0,1.0,1,1.0,2,10,Afternoon,0.5,1,0,3,3
0.99452,51.88044,2,1,1,6,30,0.0,,1.0,1,1.0,2,9,Evening,0.5,1,0,1,4
-1.14001,51.45592,3,2,2,6,60,0.0,,1.0,1,2.0,2,2,Morning,0.6666666666666666,0,0,1,0
-0.19889,51.47975,1,1,2,6,20,0.0,4.0,1.0,1,1.0,1,6,Morning,1.0,1,0,4,4
-2.87089,53.42787,2,1,1,6,30,0.0,,1.0,1,1.0,1,10,Afternoon,0.5,0,0,1,0
-4.86425,50.297,2,1,6,6,60,0.0,,1.0,1,1.0,2,8,Morning,0.5,1,0,3,1
-2.81257,53.55076,2,1,6,6,30,0.0,,1.0,1,1.0,1,7,Morning,0.5,1,0,4,1
-0.08765,51.52535,1,1,5,6,20,19.0,2.0,4.0,1,2.0,1,9,Evening,1.0,1,0,4,4
-2.92036,53.35944,1,1,7,9,30,,9.0,6.0,1,1.0,1,10,Night,1.0,0,1,1,0
-0.44043,54.28476,2,1,1,6,30,13.0,4.0,4.0,1,1.0,1,5,Evening,0.5,1,0,1,1
-0.30242,51.73103,2,1,3,1,40,,2.0,4.0,2,2.0,2,12,Evening,0.5,1,0,4,4
-2.4756,52.20994,2,1,1,6,60,0.0,,1.0,1,1.0,2,12,Afternoon,0.5,1,0,3,1
0.40453,52.35007,2,1,3,6,60,0.0,,6.0,1,4.0,2,1,Evening,0.5,1,0,3,1
-1.06752,50.82044,2,2,5,6,30,16.0,4.0,1.0,1,1.0,1,9,Afternoon,1.0,1,0,1,1
0.2354,51.10842,2,3,5,6,60,13.0,4.0,1.0,1,1.0,2,8,Afternoon,1.5,1,0,4,1
-0.9086,53.70427,2,1,2,3,40,0.0,,1.0,1,1.0,2,1,Afternoon,0.5,1,0,4,4
-1.97868,54.73323,2,2,6,6,60,13.0,4.0,1.0,1,1.0,2,8,Morning,1.0,1,0,4,1
-1.24714,54.57079,1,1,7,6,30,16.0,4.0,1.0,2,2.0,1,6,Afternoon,1.0,1,0,1,1
-1.86346,52.47532,2,3,6,6,30,16.0,4.0,4.0,1,1.0,1,3,Evening,1.5,1,0,3,1
-0.25003,51.51281,2,1,4,6,20,18.0,4.0,1.0,1,1.0,1,2,Afternoon,0.5,1,0,2,1
-2.27976,53.48865,2,1,7,6,30,0.0,,1.0,1,2.0,1,6,Afternoon,0.5,1,0,3,1
0.52599,51.26955,2,1,4,6,30,13.0,4.0,5.0,1,1.0,1,1,Afternoon,0.5,1,0,4,1
-0.98123,50.85512,2,1,7,6,30,0.0,,1.0,1,1.0,1,10,Afternoon,0.5,0,0,1,0
-1.54862,55.02497,2,1,3,6,30,13.0,4.0,1.0,1,1.0,1,7,Morning,0.5,1,0,1,3
-1.0188,53.71824,1,1,7,6,60,0.0,,1.0,4,2.0,2,12,Afternoon,1.0,0,0,4,0
-2.00001,54.60669,2,1,7,6,60,0.0,,1.0,2,2.0,2,6,Afternoon,0.5,0,1,3,0
-1.88918,51.85021,2,2,6,6,60,13.0,4.0,1.0,2,2.0,2,3,Morning,1.0,1,0,4,1
-1.8193,50.73333,2,1,6,6,30,13.0,4.0,4.0,1,1.0,1,11,Afternoon,0.5,1,0,4,1
-1.66376,53.89835,2,2,6,6,60,0.0,,4.0,1,2.0,2,10,Evening,1.0,1,0,4,1
-2.17452,51.29975,2,1,2,6,30,0.0,,6.0,1,1.0,2,1,Afternoon,0.5,0,0,1,0
-1.4348,54.90068,2,1,7,6,20,0.0,,1.0,1,1.0,1,5,Evening,0.5,1,0,1,1
-0.96855,51.43418,2,1,4,6,30,19.0,4.0,1.0,1,1.0,1,7,Afternoon,0.5,1,0,3,1
-0.06384,50.96488,2,1,2,6,40,0.0,,1.0,1,2.0,2,2,Afternoon,0.5,1,0,1,1
-1.09515,53.54292,2,1,7,6,30,13.0,4.0,4.0,1,2.0,1,10,Evening,0.5,1,0,1,1
-1.35193,50.8947,2,1,4,6,30,13.0,4.0,1.0,1,1.0,1,8,Morning,0.5,1,0,4,1
-2.88446,54.05325,2,1,5,6,30,0.0,,1.0,1,1.0,1,8,Evening,0.5,1,0,1,1
-0.61226,51.48164,2,1,7,6,30,0.0,,1.0,9,1.0,1,7,Morning,0.5,0,0,1,0
-2.1778,51.30129,2,1,3,6,40,16.0,2.0,1.0,2,2.0,2,2,Afternoon,0.5,1,0,4,3
-2.00558,53.9288,1,2,1,6,60,13.0,4.0,1.0,1,1.0,2,5,Morning,2.0,1,0,4,1
-0.23998,51.60266,1,1,7,6,30,13.0,4.0,4.0,5,2.0,1,11,Evening,1.0,1,0,2,1
-0.33739,53.75007,2,2,3,6,30,16.0,3.0,1.0,1,1.0,1,11,Afternoon,1.0,1,0,1,1
-1.40617,53.22027,1,1,6,6,30,13.0,2.0,1.0,2,2.0,1,3,Morning,1.0,1,0,3,1
-0.38108,51.44199,2,1,2,6,20,0.0,,1.0,1,1.0,1,5,Evening,0.5,0,0,1,0
-1.83216,52.44492,1,1,3,3,30,0.0,,4.0,1,1.0,1,1,Evening,1.0,0,1,4,0
-1.15232,53.2237,3,2,3,6,50,0.0,,1.0,1,2.0,2,11,Morning,0.6666666666666666,1,0,4,1
0.59212,51.38496,2,4,4,6,30,19.0,4.0,6.0,1,1.0,2,8,Evening,2.0,1,0,3,1
-0.12015,51.37771,3,3,5,3,40,0.0,4.0,1.0,1,1.0,1,4,Morning,1.0,1,0,4,1
-2.39227,51.4978,3,1,4,3,70,0.0,,1.0,1,1.0,2,4,Morning,0.3333333333333333,0,0,6,0
-1.94786,52.45911,2,1,5,6,30,13.0,4.0,1.0,2,2.0,1,5,Afternoon,0.5,1,0,3,1
-0.07793,51.48898,2,1,7,6,20,13.0,2.0,1.0,1,1.0,1,3,Afternoon,0.5,1,0,4,4
-2.04063,52.6097,1,1,4,6,30,0.0,,1.0,1,1.0,1,1,Morning,1.0,0,1,4,0
-0.09121,51.46766,2,1,2,6,20,13.0,4.0,1.0,1,1.0,1,7,Morning,0.5,1,0,4,1
-0.06991,51.54536,2,1,5,6,20,19.0,4.0,4.0,1,1.0,1,11,Afternoon,0.5,1,0,3,1
0.14202,51.45696,2,1,4,3,30,19.0,4.0,1.0,1,1.0,1,3,Afternoon,0.5,1,0,4,2
-3.02927,53.83266,2,1,6,6,30,19.0,4.0,1.0,1,1.0,1,6,Morning,0.5,1,0,4,1
-0.60442,52.02549,2,2,6,3,60,19.0,2.0,1.0,1,1.0,2,5,Afternoon,1.0,1,0,4,4
-0.25412,51.36118,2,1,6,6,30,,4.0,4.0,1,2.0,1,12,Afternoon,0.5,1,0,1,1
-0.09123,51.42746,1,1,6,6,20,0.0,,1.0,1,1.0,1,5,Afternoon,1.0,0,0,1,0
0.79433,51.41954,2,1,5,6,30,,4.0,4.0,2,2.0,1,1,Evening,0.5,1,0,3,1
0.74803,52.43469,2,1,3,3,70,0.0,,1.0,1,1.0,2,5,Morning,0.5,0,1,4,0
1.18033,52.04464,2,1,4,6,30,0.0,,1.0,1,1.0,1,4,Afternoon,0.5,1,0,1,1
-1.14468,51.73285,2,2,5,6,50,13.0,4.0,1.0,1,1.0,2,5,Morning,1.0,1,0,1,1
-2.15899,53.60607,2,1,7,2,30,16.0,4.0,1.0,1,1.0,1,10,Morning,0.5,1,0,1,1
-2.78964,53.36093,1,1,5,3,60,0.0,4.0,1.0,5,2.0,2,8,Evening,1.0,1,0,4,1
-1.235,51.46265,2,2,4,3,70,0.0,,1.0,1,1.0,2,1,Morning,1.0,0,0,6,0
-1.46739,52.4064,1,1,2,6,30,0.0,,4.0,1,1.0,1,12,Afternoon,1.0,1,0,1,1
-0.52804,51.27101,1,1,1,3,70,,4.0,6.0,1,1.0,2,11,Night,1.0,1,0,4,1
-0.02542,51.72893,2,1,5,3,30,13.0,,1.0,2,2.0,1,1,Afternoon,0.5,1,0,4,1
-1.8535,50.75853,1,1,7,6,30,13.0,4.0,4.0,1,1.0,1,8,Evening,1.0,1,0,1,1
0.56481,51.53763,2,1,5,6,40,0.0,,4.0,1,1.0,2,1,Evening,0.5,0,1,3,0
-0.20127,51.49835,2,1,1,6,30,13.0,4.0,1.0,1,1.0,1,5,Morning,0.5,1,0,4,1
-0.65548,53.59624,2,2,7,6,30,17.0,4.0,4.0,1,1.0,1,3,Evening,1.0,1,0,1,1
-1.97784,50.77817,2,1,4,6,30,13.0,4.0,1.0,1,1.0,1,6,Evening,0.5,1,0,4,4
-4.18119,55.87257,3,3,7,3,60,0.0,,4.0,1,2.0,1,3,Evening,1.0,1,0,6,6
-3.71737,55.86262,2,2,7,6,40,0.0,,1.0,4,1.0,2,4,Afternoon,1.0,1,0,3,1
-0.70178,52.30716,2,2,5,6,20,16.0,4.0,4.0,2,2.0,1,9,Evening,1.0,1,0,1,1
0.20103,51.55169,2,1,2,6,30,0.0,,4.0,8,2.0,1,1,Night,0.5,0,0,2,0
-1.8214,52.44291,1,1,4,6,30,0.0,,1.0,1,1.0,1,11,Morning,1.0,0,1,3,0
-1.33391,52.06024,1,1,7,6,30,0.0,,1.0,1,1.0,1,3,Afternoon,1.0,0,0,1,0
-2.0847,52.52747,2,2,4,3,30,0.0,,1.0,1,1.0,1,7,Evening,1.0,1,0,4,4
-0.40549,51.4732,2,1,1,6,40,,9.0,1.0,1,1.0,1,12,Afternoon,0.5,1,0,4,1
-1.3505,50.91069,2,1,7,6,30,13.0,2.0,1.0,1,1.0,1,4,Evening,0.5,1,0,4,1
-1.89897,52.45206,2,2,5,6,20,13.0,4.0,1.0,1,1.0,1,9,Afternoon,1.0,1,0,1,1
-0.48134,51.89225,2,1,6,3,30,0.0,,4.0,1,1.0,1,6,Evening,0.5,1,0,4,1
-1.11705,52.5996,2,1,2,6,30,0.0,,1.0,1,1.0,1,10,Morning,0.5,0,1,4,0
-1.87822,53.94328,2,2,1,6,30,0.0,,1.0,1,1.0,2,6,Afternoon,1.0,1,0,1,1
-2.87427,53.42042,2,1,6,3,40,0.0,,5.0,2,2.0,1,11,Evening,0.5,0,0,4,0
1.58995,52.67529,1,1,1,6,60,0.0,,6.0,2,2.0,2,10,Afternoon,1.0,0,1,1,0
0.475,51.376,1,1,2,3,70,0.0,,4.0,2,5.0,2,9,Night,1.0,0,1,6,0
-0.40196,51.49756,2,2,1,6,20,18.0,4.0,1.0,1,1.0,1,9,Afternoon,1.0,1,0,2,1
-2.95678,51.33961,2,2,7,3,50,0.0,2.0,1.0,2,2.0,1,7,Morning,1.0,1,0,4,1
-0.08554,51.48043,2,1,3,2,20,,4.0,1.0,1,1.0,1,10,Morning,0.5,1,0,2,1
-1.34429,53.34667,2,1,3,6,30,0.0,,1.0,1,1.0,1,8,Afternoon,0.5,1,0,1,1
1.7239,52.61509,2,3,2,6,30,13.0,4.0,1.0,1,1.0,1,3,Morning,1.5,1,0,4,1
-4.68594,55.74889,1,1,5,6,30,0.0,,4.0,2,2.0,1,12,Morning,1.0,1,0,3,1
-0.14367,51.50921,2,1,7,2,20,0.0,,1.0,1,1.0,1,5,Afternoon,0.5,0,0,2,0
-2.55739,51.42627,1,2,1,6,30,0.0,4.0,4.0,1,2.0,1,7,Night,2.0,1,0,3,1
-0.11732,51.577,2,1,2,9,20,,9.0,1.0,9,9.0,1,4,Afternoon,0.5,1,0,1,1
-0.40779,54.23922,2,1,5,6,30,13.0,4.0,1.0,1,1.0,1,3,Afternoon,0.5,1,0,1,1
-0.30832,51.39115,1,1,4,6,20,0.0,,1.0,2,2.0,1,9,Evening,1.0,0,0,3,0
-1.68641,53.68277,1,1,3,6,30,0.0,,1.0,1,1.0,1,11,Morning,1.0,1,0,1,1
-1.38271,53.51534,2,2,1,6,30,13.0,4.0,1.0,1,1.0,1,6,Morning,1.0,1,0,3,1
-2.069,51.89661,2,1,3,6,30,16.0,2.0,4.0,1,1.0,1,1,Evening,0.5,1,0,1,4
-4.76592,51.70797,1,1,5,6,60,0.0,,1.0,8,4.0,2,11,Morning,1.0,0,1,4,0
-1.2147,54.61825,2,1,6,6,60,13.0,4.0,1.0,1,1.0,2,10,Morning,0.5,1,0,4,1
-1.55467,54.5111,2,1,5,6,30,0.0,,1.0,1,1.0,1,10,Afternoon,0.5,1,0,1,1
0.06339,51.53384,2,1,5,9,30,13.0,4.0,1.0,1,2.0,1,2,Afternoon,0.5,1,0,4,1
0.55883,51.88014,2,1,5,1,30,,4.0,4.0,1,1.0,1,1,Afternoon,0.5,1,0,3,3
-0.33584,51.50876,1,1,1,2,20,0.0,,1.0,1,1.0,1,10,Afternoon,1.0,0,0,4,0
0.85422,51.8835,2,1,4,6,30,13.0,4.0,1.0,1,1.0,1,11,Afternoon,0.5,1,0,1,1
-0.05432,51.44824,2,1,6,6,20,13.0,4.0,4.0,1,1.0,1,7,Evening,0.5,1,0,2,1
0.05915,51.36891,1,1,6,6,30,13.0,4.0,1.0,1,1.0,1,9,Afternoon,1.0,1,0,1,4
-2.50357,53.65048,2,2,2,6,50,0.0,,6.0,1,1.0,2,3,Evening,1.0,1,0,4,1
-4.25257,51.69098,2,1,6,6,20,18.0,4.0,1.0,1,1.0,2,12,Evening,0.5,1,0,4,1
-1.8291,55.359,1,2,7,6,60,0.0,,6.0,1,2.0,2,6,Evening,2.0,1,0,3,1
-3.04429,53.60358,1,1,5,6,20,16.0,4.0,1.0,1,2.0,1,1,Morning,1.0,1,0,1,1
-1.48624,53.66747,1,1,3,9,20,13.0,4.0,1.0,4,1.0,1,4,Afternoon,1.0,1,0,1,1
-0.14517,52.56278,2,1,4,6,30,13.0,4.0,1.0,1,1.0,1,9,Evening,0.5,1,0,1,1
-1.46104,54.94804,1,1,3,6,30,19.0,,1.0,1,1.0,1,7,Afternoon,1.0,1,0,2,1
-0.08332,51.42098,2,1,7,6,20,13.0,4.0,1.0,1,1.0,1,3,Afternoon,0.5,1,0,2,1
-0.31111,53.87923,2,1,7,1,60,,4.0,1.0,1,1.0,2,6,Afternoon,0.5,1,0,4,4
-3.09269,51.60315,1,1,5,6,20,0.0,,4.0,1,2.0,1,1,Afternoon,1.0,0,0,3,0
-2.13764,52.59665,2,1,1,6,30,0.0,,4.0,4,2.0,1,12,Evening,0.5,0,1,1,0
-0.29804,51.54129,2,1,5,3,30,18.0,4.0,4.0,1,1.0,1,1,Afternoon,0.5,1,0,4,1
-0.34286,51.58728,2,1,6,3,30,13.0,4.0,1.0,1,1.0,1,3,Evening,0.5,1,0,2,1
-1.59293,50.8744,2,1,3,6,30,13.0,4.0,1.0,1,1.0,2,7,Evening,0.5,1,0,1,1
-0.70994,51.65903,1,1,7,6,30,13.0,4.0,1.0,1,1.0,1,3,Afternoon,1.0,1,0,2,1
-0.1141,51.505,2,1,5,1,20,0.0,4.0,1.0,1,1.0,1,7,Morning,0.5,1,0,4,4
-2.44755,50.71383,4,1,6,6,30,13.0,4.0,1.0,1,2.0,1,2,Afternoon,0.25,1,0,3,1
0.13311,52.20164,2,1,4,6,30,13.0,4.0,1.0,1,1.0,1,2,Afternoon,0.5,1,0,1,1
-1.46336,54.0096,2,1,3,6,30,13.0,4.0,1.0,2,2.0,1,4,Afternoon,0.5,1,0,1,1
-2.15809,51.10588,2,1,6,6,60,0.0,,1.0,1,1.0,2,4,Afternoon,0.5,0,0,4,0
-0.14035,51.13549,3,1,7,7,70,0.0,,6.0,1,1.0,2,11,Evening,0.3333333333333333,0,1,6,0
-0.77667,53.3977,1,1,6,6,30,0.0,,4.0,2,2.0,1,12,Afternoon,1.0,0,0,1,0
-1.31913,53.71736,2,1,4,6,30,13.0,4.0,1.0,1,1.0,1,8,Afternoon,0.5,1,0,3,1
-2.05341,52.47312,3,1,4,6,30,0.0,,1.0,1,1.0,1,5,Evening,0.3333333333333333,0,1,1,0
-0.20657,51.51259,1,1,5,6,30,13.0,4.0,1.0,9,9.0,1,5,Morning,1.0,1,0,3,3
-4.13044,50.38975,2,1,6,3,30,13.0,4.0,1.0,1,1.0,1,5,Morning,0.5,1,0,3,1
-0.43516,51.50181,2,3,1,6,30,13.0,4.0,1.0,1,2.0,1,2,Morning,1.5,1,0,1,1
-2.493,50.7121,3,1,7,3,60,16.0,4.0,1.0,5,2.0,2,11,Afternoon,0.3333333333333333,1,0,4,1
0.09966,51.56453,2,1,3,6,30,13.0,4.0,4.0,1,1.0,1,12,Afternoon,0.5,1,0,4,1
1.14317,52.04039,2,1,5,6,30,0.0,,1.0,2,2.0,1,2,Afternoon,0.5,1,0,1,1
-2.74709,53.40395,2,1,5,1,30,0.0,4.0,1.0,2,2.0,2,5,Morning,0.5,1,0,1,1
-3.03542,56.17924,1,1,1,6,20,0.0,,1.0,1,1.0,1,8,Afternoon,1.0,1,0,1,1
-1.78243,53.64949,4,1,3,6,30,13.0,4.0,1.0,1,1.0,1,9,Morning,0.25,1,0,1,1
-1.78706,52.5164,2,1,3,6,20,0.0,,1.0,2,2.0,1,10,Afternoon,0.5,1,0,1,1
-0.09286,51.51175,2,1,4,6,20,13.0,4.0,1.0,1,1.0,1,5,Morning,0.5,1,0,1,1
-1.84435,50.72533,2,1,3,6,30,13.0,4.0,4.0,1,2.0,1,3,Evening,0.5,1,0,4,1
0.27032,51.14872,3,1,3,6,30,0.0,,1.0,1,1.0,1,4,Afternoon,0.3333333333333333,1,0,1,1
-0.15111,51.36319,2,1,4,6,30,13.0,4.0,1.0,9,9.0,1,7,Afternoon,0.5,1,0,4,1
-0.01786,51.60153,5,2,4,3,50,0.0,,1.0,1,1.0,1,4,Evening,0.4,0,0,4,0
0.15708,51.44808,1,1,7,1,30,0.0,4.0,1.0,1,2.0,2,10,Afternoon,1.0,1,0,4,4
0.85003,51.13064,1,1,5,6,30,0.0,,1.0,1,1.0,1,4,Afternoon,1.0,0,1,1,0
1.59994,52.14481,1,1,5,6,30,13.0,4.0,1.0,4,1.0,2,8,Afternoon,1.0,1,0,1,4
-2.26676,53.43573,2,1,5,6,30,0.0,,1.0,9,1.0,1,7,Afternoon,0.5,1,0,1,1
-0.30181,51.46377,2,1,7,6,20,0.0,,1.0,1,9.0,1,10,Morning,0.5,0,0,4,0
-1.10943,53.99156,2,3,7,6,30,0.0,,1.0,1,1.0,1,3,Afternoon,1.5,0,0,1,0
-2.51757,50.71404,1,2,5,6,30,0.0,,1.0,3,3.0,2,11,Morning,2.0,0,0,4,0
-1.88604,52.42046,1,1,4,6,30,0.0,,1.0,2,2.0,1,10,Afternoon,1.0,0,1,1,0
0.08823,51.37273,1,1,4,9,30,13.0,4.0,1.0,1,1.0,1,12,Morning,1.0,1,0,4,1
0.18091,51.47037,1,1,3,3,30,0.0,,1.0,1,1.0,1,6,Evening,1.0,0,0,4,0
-1.42452,55.00033,1,1,6,6,30,0.0,,4.0,1,1.0,1,12,Evening,1.0,1,0,4,1
-0.15122,50.82764,2,1,5,6,20,16.0,4.0,4.0,1,1.0,1,11,Afternoon,0.5,1,0,3,1
-0.10055,51.54372,2,1,6,3,20,16.0,2.0,1.0,2,2.0,1,7,Evening,0.5,1,0,2,4
-1.51286,52.43019,2,1,4,6,20,16.0,4.0,1.0,1,1.0,1,12,Afternoon,0.5,1,0,1,1
-2.5692,53.21336,2,1,6,6,40,16.0,4.0,4.0,1,1.0,2,8,Evening,0.5,1,0,2,2
-1.64371,53.81061,2,1,3,6,30,0.0,,4.0,1,1.0,1,12,Evening,0.5,1,0,1,1
-2.00712,52.4691,2,2,7,6,30,0.0,,1.0,1,1.0,1,2,Afternoon,1.0,0,1,1,0
-2.22391,53.32954,1,1,6,3,70,0.0,,4.0,1,1.0,2,1,Evening,1.0,0,0,4,0
-2.38779,53.54384,2,1,4,6,30,,4.0,1.0,1,1.0,1,7,Afternoon,0.5,1,0,4,1
-1.91167,52.4944,1,1,4,6,30,0.0,,1.0,1,1.0,1,1,Afternoon,1.0,0,1,4,0
-1.26957,53.57175,1,1,3,6,60,,,6.0,8,4.0,2,1,Morning,1.0,0,1,3,0
-0.19776,53.59807,1,2,6,7,70,0.0,,4.0,1,2.0,2,7,Evening,2.0,0,1,4,0
0.3364,51.30174,2,1,6,1,60,,4.0,4.0,1,1.0,2,5,Night,0.5,1,0,4,4
0.41381,51.68861,2,1,7,6,40,0.0,,1.0,1,1.0,2,9,Evening,0.5,1,0,3,1
-2.49664,53.74281,2,1,4,6,30,13.0,4.0,1.0,1,1.0,1,6,Afternoon,0.5,1,0,4,1
-1.85365,52.52363,2,1,6,6,30,13.0,4.0,1.0,1,1.0,1,8,Afternoon,0.5,1,0,1,4
-2.04243,52.47046,2,1,1,6,30,13.0,4.0,4.0,4,2.0,1,11,Evening,0.5,1,0,1,1
-1.80068,52.51878,2,1,3,3,30,17.0,4.0,1.0,8,1.0,1,7,Afternoon,0.5,1,0,4,4
-1.68961,54.96722,1,1,4,3,50,0.0,,5.0,2,2.0,2,7,Evening,1.0,0,1,4,0
0.42591,51.51743,1,1,5,6,30,0.0,,4.0,1,1.0,1,12,Afternoon,1.0,1,0,1,1
-0.4652,52.12455,5,2,7,6,30,13.0,2.0,4.0,1,1.0,1,4,Evening,0.4,1,0,1,1
0.03573,51.52993,2,1,6,6,30,0.0,,1.0,9,9.0,1,5,Afternoon,0.5,0,0,4,0
0.44523,51.34161,1,1,2,1,70,0.0,,1.0,1,1.0,2,9,Afternoon,1.0,1,0,4,1
-1.78022,51.55927,1,1,5,6,30,13.0,4.0,1.0,1,1.0,1,2,Afternoon,1.0,1,0,1,1
-0.23899,51.85465,2,2,6,6,30,13.0,4.0,1.0,1,2.0,2,2,Morning,1.0,1,0,3,1
-1.47361,53.50051,2,1,3,3,30,0.0,,1.0,1,1.0,2,7,Evening,0.5,1,0,4,4
-0.62745,51.53725,1,1,2,6,30,0.0,,1.0,1,1.0,1,6,Afternoon,1.0,0,0,1,0
-0.51109,51.43171,2,1,3,3,30,13.0,4.0,4.0,1,1.0,1,2,Evening,0.5,1,0,4,4
-1.52966,55.07423,1,1,3,6,20,13.0,4.0,4.0,1,1.0,2,2,Evening,1.0,1,0,4,1
-0.89614,52.27346,2,1,5,6,30,13.0,4.0,1.0,1,1.0,1,5,Afternoon,0.5,1,0,4,1
-0.00685,51.62952,2,2,4,6,20,0.0,,1.0,1,2.0,1,10,Morning,1.0,0,0,1,0
-2.64673,50.94587,1,1,5,6,20,16.0,2.0,1.0,1,1.0,1,9,Afternoon,1.0,1,0,1,1
-1.71134,52.19771,2,2,2,6,30,13.0,4.0,4.0,2,2.0,1,3,Evening,1.0,1,0,4,1
-2.98116,51.24189,2,2,6,6,30,13.0,4.0,4.0,1,1.0,2,2,Evening,1.0,1,0,3,1
-0.15183,51.44469,2,1,3,9,20,,9.0,4.0,1,1.0,1,2,Evening,0.5,1,0,4,1
-1.84367,53.65923,2,1,7,6,30,19.0,4.0,1.0,1,1.0,1,6,Afternoon,0.5,1,0,1,1
-0.12788,51.52466,1,1,3,6,20,16.0,2.0,4.0,1,1.0,1,12,Afternoon,1.0,1,0,4,2
-1.82806,52.51296,2,1,7,6,30,13.0,2.0,1.0,2,2.0,1,10,Afternoon,0.5,1,0,1,4
-0.98901,50.86972,2,1,7,6,20,0.0,,1.0,1,1.0,1,5,Afternoon,0.5,0,0,1,0
-4.63517,51.76191,2,1,7,6,40,18.0,4.0,1.0,1,1.0,2,9,Afternoon,0.5,1,0,4,1
-1.56567,52.8667,3,1,3,7,40,0.0,4.0,1.0,1,1.0,2,5,Morning,0.3333333333333333,1,0,4,4
-2.97917,53.42816,1,2,2,3,30,16.0,2.0,1.0,1,1.0,1,10,Afternoon,2.0,1,0,4,1
-0.01182,51.56368,1,1,1,2,20,0.0,,4.0,1,1.0,1,10,Night,1.0,0,0,2,0
-2.93219,53.39156,1,1,7,6,30,13.0,4.0,4.0,2,2.0,1,6,Night,1.0,1,0,4,1
-2.09401,52.47876,2,2,7,6,40,13.0,1.0,7.0,7,2.0,1,12,Night,1.0,1,0,1,1
-0.22752,51.38055,1,1,4,3,20,13.0,4.0,4.0,1,2.0,1,1,Evening,1.0,1,0,1,1
0.1524,51.55144,2,1,2,6,30,13.0,4.0,4.0,9,1.0,1,12,Night,0.5,1,0,2,1
-1.22388,51.57919,2,1,7,6,60,13.0,4.0,1.0,1,1.0,2,5,Morning,0.5,1,0,3,1
-0.07693,51.53681,2,1,4,6,20,13.0,2.0,4.0,1,1.0,1,5,Evening,0.5,1,0,4,1
-2.52376,51.4623,2,1,2,6,20,0.0,,1.0,2,2.0,1,9,Afternoon,0.5,0,0,1,0
-1.70924,51.72954,1,1,7,6,30,0.0,,1.0,1,1.0,2,6,Afternoon,1.0,0,1,1,0
-0.10239,51.61416,2,1,4,3,40,13.0,4.0,1.0,1,1.0,1,7,Afternoon,0.5,1,0,4,2
-1.12547,53.15997,1,1,6,6,30,0.0,,1.0,1,1.0,1,7,Afternoon,1.0,1,0,3,1
-0.69401,53.58937,2,1,3,1,30,0.0,,1.0,1,1.0,1,11,Afternoon,0.5,1,0,4,1
1.379,51.33623,2,1,5,7,40,,2.0,1.0,2,2.0,2,2,Morning,0.5,1,0,4,4
0.04584,50.7955,2,1,7,6,30,13.0,4.0,1.0,1,1.0,1,7,Afternoon,0.5,1,0,1,1
-1.94643,53.89771,2,1,5,9,30,19.0,4.0,1.0,1,1.0,1,11,Afternoon,0.5,1,0,1,1
-1.51255,54.52037,2,1,4,6,40,13.0,4.0,5.0,1,2.0,2,2,Afternoon,0.5,1,0,1,1
0.27425,51.45201,2,1,4,3,50,17.0,2.0,1.0,1,1.0,1,11,Morning,0.5,1,0,4,1
-1.10436,53.30746,2,1,5,6,30,13.0,4.0,1.0,1,1.0,1,12,Afternoon,0.5,1,0,1,1
-4.59508,51.96492,2,3,1,6,60,0.0,,1.0,1,1.0,2,6,Morning,1.5,0,1,1,0
-0.31806,51.51302,2,1,7,9,20,13.0,4.0,1.0,9,9.0,1,9,Afternoon,0.5,1,0,1,1
-2.32103,51.07616,2,1,7,6,40,18.0,4.0,1.0,1,1.0,2,4,Afternoon,0.5,1,0,2,1
-2.04271,55.7596,2,1,2,6,60,0.0,,1.0,1,1.0,2,9,Afternoon,0.5,0,1,4,0
-0.06105,51.58808,1,1,4,6,20,13.0,2.0,1.0,1,1.0,1,1,Afternoon,1.0,1,0,4,4
1.26478,52.63621,2,1,2,6,30,0.0,,1.0,1,1.0,1,5,Evening,0.5,1,0,4,1
-0.21642,51.93491,1,1,4,3,70,0.0,,1.0,2,2.0,2,4,Morning,1.0,0,1,5,0
-2.04985,51.91192,2,1,4,6,30,13.0,4.0,4.0,2,2.0,1,3,Evening,0.5,1,0,3,3
0.64246,51.37107,2,1,2,6,50,0.0,,1.0,1,1.0,2,4,Afternoon,0.5,1,0,1,1
-1.31279,51.02709,4,1,1,6,40,0.0,,1.0,1,1.0,2,12,Afternoon,0.25,0,0,1,0
-0.78506,52.36757,1,1,3,1,40,,4.0,1.0,2,2.0,2,9,Morning,1.0,1,0,4,2
-0.13098,51.43483,1,1,5,6,20,13.0,1.0,4.0,1,1.0,1,7,Evening,1.0,1,0,1,1
-2.70045,53.4427,2,1,7,6,30,0.0,,1.0,1,1.0,1,10,Afternoon,0.5,0,0,1,0
-0.23147,50.84009,4,1,4,6,30,16.0,2.0,1.0,1,1.0,1,9,Morning,0.25,1,0,1,1
-3.52676,51.52335,2,1,2,3,70,0.0,,6.0,1,2.0,2,3,Evening,0.5,0,0,6,0
0.58394,51.37781,2,1,6,6,30,13.0,4.0,4.0,1,1.0,1,3,Evening,0.5,1,0,1,1
-2.36613,53.58855,2,1,6,6,30,13.0,4.0,1.0,1,1.0,2,4,Afternoon,0.5,1,0,3,1
-1.47539,52.40001,1,1,2,6,30,0.0,,1.0,1,1.0,1,9,Evening,1.0,0,1,1,0
-1.2308,53.00032,1,1,1,3,70,0.0,,1.0,1,1.0,2,8,Morning,1.0,0,1,6,0
1.27309,52.66664,1,1,4,6,30,0.0,,4.0,1,1.0,1,2,Evening,1.0,1,0,1,1
-3.40532,53.32561,2,1,7,6,20,13.0,4.0,1.0,1,1.0,1,4,Afternoon,0.5,1,0,4,1
0.19432,51.90512,2,1,6,6,30,19.0,2.0,4.0,2,2.0,2,12,Afternoon,0.5,1,0,1,3
0.40388,52.74381,2,1,5,6,30,13.0,4.0,1.0,1,1.0,2,9,Morning,0.5,1,0,1,4
-1.3499,53.39835,2,1,6,3,50,0.0,,4.0,1,1.0,2,5,Evening,0.5,0,1,6,0
-0.14173,51.50736,4,1,5,6,20,0.0,,4.0,1,1.0,1,3,Evening,0.25,0,0,4,0
-2.45491,50.68972,4,3,6,6,60,0.0,,1.0,1,1.0,2,5,Afternoon,0.75,0,0,4,0
-1.56797,55.09632,1,1,2,6,30,0.0,,1.0,1,1.0,2,10,Morning,1.0,1,0,3,1
-0.51956,51.38228,2,1,5,6,40,0.0,,1.0,1,1.0,2,11,Afternoon,0.5,0,1,4,0
-0.10314,51.54551,2,1,1,6,20,0.0,,1.0,9,9.0,1,10,Evening,0.5,0,0,4,0
-0.15714,50.83801,2,1,3,6,30,18.0,,1.0,1,1.0,1,4,Afternoon,0.5,1,0,1,1
-3.54236,54.67192,2,1,2,6,60,19.0,4.0,7.0,1,1.0,2,3,Afternoon,0.5,1,0,4,1
-0.13425,51.52254,2,1,4,2,20,0.0,,1.0,1,1.0,1,6,Morning,0.5,0,0,1,0
-0.49825,51.65093,4,1,3,3,70,0.0,,1.0,1,1.0,1,3,Afternoon,0.25,0,1,6,0
-0.59417,52.30815,1,1,7,2,30,16.0,1.0,1.0,2,2.0,1,11,Afternoon,1.0,1,0,1,1
-1.55771,54.96911,3,1,5,6,30,16.0,4.0,4.0,1,2.0,1,10,Evening,0.3333333333333333,1,0,1,1
1.42823,51.34494,2,1,5,6,30,0.0,,1.0,2,2.0,1,2,Morning,0.5,0,1,1,0
-0.5768,51.24457,1,1,6,3,30,0.0,,1.0,1,2.0,1,3,Morning,1.0,1,0,4,1
-1.29506,51.09015,2,2,1,6,50,13.0,3.0,1.0,1,1.0,2,8,Morning,1.0,1,0,4,3
-2.23584,53.43186,2,1,1,6,20,13.0,9.0,4.0,1,2.0,1,12,Evening,0.5,1,0,1,1
-2.46205,53.32724,2,1,7,3,70,0.0,,1.0,1,1.0,2,7,Morning,0.5,0,0,6,0
-3.03339,53.37708,2,1,4,6,30,0.0,,1.0,1,1.0,1,8,Morning,0.5,0,0,1,0
-0.7572,51.63131,2,1,3,6,30,13.0,2.0,1.0,2,2.0,1,8,Morning,0.5,1,0,1,1
-1.07703,54.15889,2,2,1,6,60,16.0,4.0,1.0,2,2.0,2,9,Morning,1.0,1,0,3,1
-1.8814,53.49167,3,1,2,6,60,0.0,,6.0,1,2.0,2,3,Evening,0.3333333333333333,0,0,4,0
0.16275,50.82644,2,1,5,1,40,,4.0,1.0,1,1.0,2,6,Morning,0.5,1,0,4,4
-3.67759,53.26816,1,1,6,6,60,0.0,,1.0,1,2.0,2,12,Morning,1.0,0,0,3,0
-3.31708,54.60629,2,1,3,6,60,0.0,,1.0,1,1.0,2,9,Afternoon,0.5,0,1,1,0
-0.21185,51.09809,1,1,2,1,30,,4.0,4.0,1,1.0,1,8,Night,1.0,1,0,1,1
-1.32565,53.48846,2,1,5,6,30,16.0,2.0,1.0,1,1.0,1,2,Morning,0.5,1,0,4,1
-1.77201,53.83466,2,3,6,6,30,16.0,2.0,4.0,1,1.0,1,9,Evening,1.5,1,0,4,1
-3.04612,51.58256,3,1,3,3,70,0.0,,4.0,1,2.0,1,1,Morning,0.3333333333333333,0,0,4,0
-0.83062,51.29734,1,1,7,1,30,0.0,4.0,1.0,1,1.0,1,8,Morning,1.0,1,0,1,1
0.37816,50.96394,2,1,1,6,60,16.0,4.0,1.0,1,1.0,2,8,Afternoon,0.5,1,0,1,1
-2.30544,53.42046,1,1,6,6,30,13.0,4.0,7.0,1,1.0,1,3,Evening,1.0,1,0,1,3
-1.30149,53.69627,1,2,2,6,30,0.0,,1.0,2,2.0,1,1,Afternoon,2.0,1,0,1,1
-0.14183,51.57428,3,1,3,6,20,13.0,4.0,1.0,1,1.0,1,4,Morning,0.3333333333333333,1,0,4,1
-0.06077,51.5673,2,1,4,2,20,,9.0,1.0,8,1.0,1,6,Morning,0.5,1,0,4,1
-2.21019,53.36814,4,1,5,3,50,0.0,,4.0,1,1.0,2,12,Evening,0.25,0,1,4,0
0.3937,51.21708,3,2,7,6,40,0.0,,1.0,1,1.0,2,11,Morning,0.6666666666666666,1,0,1,1
-0.2435,52.57878,2,1,2,6,30,0.0,,1.0,1,1.0,1,5,Evening,0.5,0,1,1,0
-3.05642,53.21652,2,1,2,6,20,13.0,4.0,1.0,1,1.0,1,12,Afternoon,0.5,1,0,1,1
-3.03381,53.81148,1,1,7,6,30,19.0,4.0,1.0,2,2.0,1,5,Morning,1.0,1,0,4,1
-0.93797,51.45492,2,2,2,1,40,0.0,2.0,1.0,2,2.0,1,10,Morning,1.0,1,0,6,4
-1.99647,51.4332,1,1,2,6,30,13.0,4.0,1.0,1,1.0,1,4,Afternoon,1.0,1,0,1,1
-2.07736,53.39657,2,1,5,6,30,13.0,4.0,1.0,1,1.0,1,11,Morning,0.5,1,0,1,4
-1.17987,53.53909,1,1,6,6,40,19.0,4.0,1.0,1,1.0,1,1,Afternoon,1.0,1,0,4,1
-1.88204,50.7802,2,1,3,6,40,13.0,4.0,1.0,1,1.0,1,8,Evening,0.5,1,0,1,4
-0.89167,53.09229,1,1,4,6,50,0.0,,1.0,1,2.0,2,12,Morning,1.0,0,1,4,0
-1.86555,52.53377,1,1,3,6,20,0.0,,1.0,1,1.0,1,4,Afternoon,1.0,0,1,1,0
-1.52928,50.94682,2,1,2,3,70,0.0,4.0,1.0,1,1.0,2,3,Afternoon,0.5,1,0,4,4
-0.07446,51.51846,2,1,7,2,20,0.0,,1.0,1,1.0,1,4,Afternoon,0.5,0,0,4,0
-2.43392,53.17978,2,1,6,6,30,16.0,2.0,4.0,8,1.0,1,11,Evening,0.5,1,0,4,4
-0.22671,51.46841,2,1,6,6,20,16.0,4.0,1.0,1,1.0,1,4,Morning,0.5,1,0,3,1
-4.45836,50.76721,1,1,7,6,60,0.0,,6.0,1,2.0,2,12,Night,1.0,0,1,3,0
-2.90348,52.92191,2,2,6,6,60,13.0,4.0,1.0,1,1.0,2,10,Morning,1.0,1,0,4,1
-2.06516,53.02606,2,1,6,6,30,0.0,,1.0,2,2.0,1,4,Morning,0.5,1,0,4,1
-1.73211,53.77454,2,1,4,6,20,13.0,4.0,1.0,1,1.0,1,10,Afternoon,0.5,1,0,1,1
-4.42885,50.76371,2,3,4,6,60,0.0,,1.0,1,2.0,2,3,Morning,1.5,1,0,1,1
-0.10434,51.51252,2,1,5,6,20,13.0,4.0,4.0,1,1.0,1,12,Evening,0.5,1,0,1,4
-0.1156,51.46032,2,1,6,6,20,17.0,2.0,1.0,1,1.0,1,10,Afternoon,0.5,1,0,4,4
-1.31021,52.9786,3,1,4,6,30,0.0,,4.0,1,1.0,1,4,Evening,0.3333333333333333,0,0,4,0
1.31547,52.66318,1,1,4,6,30,13.0,4.0,1.0,1,1.0,1,3,Afternoon,1.0,1,0,1,3
-2.73151,53.73542,2,2,1,1,50,0.0,,1.0,1,1.0,2,4,Afternoon,1.0,0,1,4,0
0.89345,52.67641,2,3,2,6,60,13.0,4.0,1.0,1,1.0,2,7,Afternoon,1.5,1,0,1,4
-0.27502,53.77095,3,1,3,3,40,0.0,,1.0,2,2.0,1,6,Afternoon,0.3333333333333333,0,1,4,0
-2.9156,53.41146,2,1,7,6,30,13.0,4.0,1.0,1,1.0,1,9,Afternoon,0.5,1,0,4,1
-4.15754,55.86726,2,1,3,6,30,13.0,4.0,1.0,1,1.0,1,11,Afternoon,0.5,1,0,1,1
-2.89443,51.33984,3,4,6,3,70,0.0,,1.0,1,1.0,2,10,Afternoon,1.3333333333333333,0,0,6,0
-2.2386,53.49539,2,1,3,6,30,16.0,2.0,1.0,1,1.0,1,3,Morning,0.5,1,0,4,1
-2.97993,53.40625,2,1,4,6,30,0.0,,1.0,1,1.0,1,6,Evening,0.5,0,0,4,0
-0.77558,51.29592,1,1,3,6,30,0.0,,1.0,1,1.0,1,7,Evening,1.0,0,0,1,0
0.09654,51.53075,4,4,7,3,50,0.0,4.0,4.0,5,2.0,1,12,Afternoon,1.0,1,0,4,1
-1.6099,53.83827,3,1,2,6,30,0.0,,1.0,2,2.0,1,1,Morning,0.3333333333333333,1,0,4,1
0.19372,51.26657,1,1,5,6,30,0.0,,1.0,9,2.0,1,2,Afternoon,1.0,1,0,4,1
-1.31814,54.78347,1,1,2,6,30,0.0,,1.0,1,1.0,2,8,Evening,1.0,1,0,3,1
-0.08987,51.50531,1,1,2,2,20,13.0,4.0,4.0,1,1.0,1,11,Afternoon,1.0,1,0,4,4
1.13292,52.03955,2,1,7,6,30,13.0,4.0,1.0,1,2.0,1,11,Morning,0.5,1,0,1,1
0.09314,51.55973,2,1,3,6,30,13.0,2.0,1.0,1,1.0,1,2,Afternoon,0.5,1,0,4,2
-0.17208,50.8338,2,1,4,6,20,13.0,4.0,4.0,8,1.0,1,12,Afternoon,0.5,1,0,1,1
-0.00592,51.47128,1,1,3,6,20,0.0,4.0,1.0,1,1.0,1,12,Morning,1.0,0,0,1,0
-0.18627,51.53893,2,2,6,9,20,0.0,,4.0,1,1.0,1,1,Evening,1.0,0,0,3,0
-2.03469,52.3664,3,2,3,6,30,13.0,4.0,1.0,2,2.0,1,12,Morning,0.6666666666666666,1,0,3,1
-0.12917,50.82599,1,1,5,6,20,0.0,,4.0,1,1.0,1,9,Evening,1.0,1,0,1,1
0.54894,52.77232,2,2,4,6,30,16.0,4.0,1.0,1,1.0,2,3,Morning,1.0,1,0,3,1
-2.10332,52.58786,1,1,3,6,30,13.0,,1.0,1,1.0,1,8,Afternoon,1.0,1,0,1,1
0.08373,51.57365,2,1,3,3,40,16.0,2.0,1.0,1,1.0,1,7,Afternoon,0.5,1,0,4,2
-2.04272,55.77153,1,1,3,3,60,0.0,,6.0,1,1.0,2,8,Evening,1.0,1,0,4,3
-1.87581,52.20595,2,1,7,1,50,,4.0,1.0,1,1.0,2,10,Afternoon,0.5,1,0,4,4
-4.14939,55.93523,2,2,2,6,30,0.0,,1.0,1,1.0,1,7,Afternoon,1.0,1,0,3,3
-1.73211,51.57599,3,2,7,1,40,0.0,2.0,1.0,1,1.0,1,10,Afternoon,0.6666666666666666,1,0,4,4
-2.56419,53.37564,2,2,2,6,30,13.0,4.0,1.0,1,2.0,1,12,Morning,1.0,1,0,3,3
-3.99967,55.68804,1,1,7,6,30,16.0,4.0,1.0,1,1.0,1,5,Afternoon,1.0,1,0,4,1
-1.82122,53.59549,1,2,1,9,50,13.0,4.0,6.0,1,4.0,2,1,Afternoon,2.0,1,0,1,1
-0.14487,51.49638,1,1,3,2,30,0.0,,7.0,1,1.0,1,3,Afternoon,1.0,0,0,4,0
0.38484,51.17188,2,1,5,6,30,0.0,,4.0,2,2.0,2,8,Evening,0.5,1,0,3,3
-1.96488,51.71479,1,1,2,6,20,16.0,4.0,1.0,1,1.0,1,6,Afternoon,1.0,1,0,1,1
-1.46602,53.57653,2,1,2,6,30,16.0,4.0,1.0,1,1.0,1,5,Afternoon,0.5,1,0,1,1
-0.00747,51.59121,2,1,2,9,20,13.0,4.0,1.0,9,9.0,1,8,Evening,0.5,1,0,4,1
0.36991,51.54995,1,1,7,6,50,13.0,4.0,6.0,1,2.0,2,1,Evening,1.0,1,0,1,1
-1.20641,51.89701,3,2,6,3,70,0.0,,1.0,1,1.0,2,3,Afternoon,0.6666666666666666,0,0,6,0
-1.78861,53.84107,2,1,4,6,30,13.0,4.0,1.0,1,1.0,1,7,Morning,0.5,1,0,1,1
-1.04573,51.04265,2,1,4,6,60,16.0,4.0,1.0,1,1.0,2,7,Afternoon,0.5,1,0,1,1
-0.06915,51.54747,2,1,3,1,20,0.0,4.0,4.0,2,2.0,1,12,Evening,0.5,1,0,4,1
-0.18654,51.12521,2,1,5,3,40,0.0,,1.0,1,1.0,1,10,Morning,0.5,1,0,4,4
-0.16907,51.12881,2,1,6,6,30,0.0,,1.0,1,1.0,1,10,Morning,0.5,1,0,1,1
-0.18783,51.5864,5,1,7,6,30,0.0,,1.0,1,1.0,1,7,Afternoon,0.2,0,0,4,0
-0.03725,51.42907,2,1,4,2,20,13.0,2.0,1.0,1,1.0,1,4,Evening,0.5,1,0,4,4
0.26095,51.57785,4,2,7,3,70,,,4.0,1,2.0,2,3,Evening,0.5,1,0,4,1
-2.21283,51.87317,1,1,1,6,30,0.0,,4.0,1,1.0,1,12,Evening,1.0,1,0,3,1
-0.60795,51.51182,2,1,7,6,30,0.0,,1.0,1,1.0,1,5,Afternoon,0.5,0,0,1,0
-1.90039,52.46885,2,1,2,3,40,18.0,4.0,1.0,1,1.0,1,10,Morning,0.5,1,0,4,1
-0.13295,51.27988,2,2,5,6,60,0.0,,1.0,1,4.0,2,1,Morning,1.0,0,1,3,0
-1.5926,53.69345,2,1,7,3,30,0.0,,1.0,4,1.0,1,4,Afternoon,0.5,1,0,3,3
-0.1333,51.47365,2,1,5,6,20,16.0,3.0,4.0,2,1.0,1,10,Evening,0.5,1,0,4,4
-1.42185,54.11747,2,2,2,6,60,13.0,4.0,1.0,1,1.0,2,2,Morning,1.0,1,0,3,1
-2.67217,51.64518,2,1,4,2,20,13.0,2.0,1.0,1,1.0,1,5,Afternoon,0.5,1,0,1,1
-1.60804,53.7988,1,1,7,9,20,19.0,4.0,4.0,1,1.0,1,2,Afternoon,1.0,1,0,1,1
-3.30393,56.053,2,1,7,6,30,19.0,4.0,1.0,1,1.0,2,5,Afternoon,0.5,1,0,1,4
-3.24064,51.64172,2,1,3,6,20,13.0,4.0,1.0,1,1.0,1,7,Morning,0.5,1,0,4,1
-1.43768,50.92861,2,1,3,6,30,0.0,4.0,1.0,1,1.0,1,12,Morning,0.5,1,0,1,1
-1.12647,53.95542,1,1,5,1,30,0.0,4.0,1.0,1,1.0,1,6,Morning,1.0,1,0,3,1
0.15524,51.5617,1,1,2,6,30,0.0,,1.0,1,1.0,1,12,Afternoon,1.0,0,0,4,0
-0.71461,51.32359,2,1,4,6,30,13.0,4.0,1.0,1,2.0,1,9,Morning,0.5,1,0,1,1
-1.84115,50.72904,2,1,5,6,20,0.0,,1.0,1,1.0,1,4,Afternoon,0.5,0,0,1,0
-0.75891,51.33657,3,1,5,6,40,0.0,,1.0,2,2.0,2,8,Evening,0.3333333333333333,1,0,4,1
-0.13048,51.47643,2,1,3,6,20,13.0,4.0,1.0,1,1.0,1,10,Afternoon,0.5,1,0,4,1
-3.0516,53.82085,2,1,4,6,30,19.0,4.0,1.0,9,1.0,1,11,Afternoon,0.5,1,0,4,1
-1.14099,52.63878,2,1,4,6,30,13.0,4.0,4.0,1,1.0,1,11,Evening,0.5,1,0,4,1
0.62373,52.45502,2,1,4,6,60,0.0,,6.0,2,2.0,2,11,Evening,0.5,1,0,4,1
-0.34196,52.34329,2,1,2,3,70,0.0,,1.0,1,1.0,2,12,Afternoon,0.5,0,1,4,0
0.03144,51.43157,2,1,5,6,30,19.0,2.0,4.0,2,2.0,1,2,Evening,0.5,1,0,3,2
-0.31606,52.02555,2,1,5,1,60,,,4.0,1,2.0,2,12,Afternoon,0.5,1,0,4,4
-4.0236,50.37726,2,3,4,7,60,0.0,,1.0,1,1.0,2,5,Afternoon,1.5,1,0,4,4
0.35328,51.36167,2,1,3,6,30,0.0,,1.0,2,2.0,2,7,Afternoon,0.5,1,0,4,1
-2.50977,51.73594,2,1,2,6,60,19.0,4.0,1.0,8,2.0,2,4,Evening,0.5,1,0,4,1
0.26843,51.48724,3,1,6,3,70,19.0,2.0,1.0,1,1.0,2,9,Afternoon,0.3333333333333333,1,0,4,4
-1.80976,52.40309,2,1,3,6,30,16.0,2.0,4.0,2,2.0,1,1,Evening,0.5,1,0,3,1
-0.11749,51.55647,1,1,4,6,20,16.0,2.0,1.0,9,9.0,1,5,Evening,1.0,1,0,4,4
-2.89623,53.22834,2,1,3,3,50,18.0,4.0,4.0,1,1.0,2,8,Evening,0.5,1,0,4,1
-3.17099,55.96241,2,1,1,6,20,16.0,4.0,1.0,1,1.0,1,12,Afternoon,0.5,1,0,1,1
-2.90265,53.45312,2,1,3,6,20,13.0,4.0,1.0,1,1.0,1,4,Afternoon,0.5,1,0,1,1
-1.39848,54.97825,2,1,2,6,30,0.0,,1.0,2,2.0,1,12,Afternoon,0.5,1,0,1,1
-1.54747,54.54752,2,1,7,6,30,0.0,,1.0,8,2.0,1,9,Morning,0.5,1,0,4,1
-1.57206,52.33562,2,1,4,1,30,0.0,,1.0,1,1.0,1,3,Afternoon,0.5,1,0,4,4
0.83489,52.55991,2,1,5,6,30,0.0,,6.0,1,1.0,2,2,Evening,0.5,1,0,4,1
-1.89776,52.67517,2,4,1,6,30,16.0,2.0,4.0,1,1.0,1,9,Evening,2.0,1,0,1,4
-2.98923,56.48399,2,1,5,1,40,,4.0,1.0,1,1.0,1,12,Afternoon,0.5,1,0,1,4
-0.93683,52.53427,2,2,7,6,50,0.0,,1.0,2,2.0,2,12,Afternoon,1.0,0,1,3,0
0.00757,51.4456,2,1,7,6,20,13.0,4.0,4.0,1,1.0,1,1,Afternoon,0.5,1,0,4,1
-1.66477,52.28454,2,1,7,6,60,13.0,4.0,1.0,1,1.0,2,10,Afternoon,0.5,1,0,1,1
0.0871,50.95895,2,1,5,6,60,0.0,,1.0,1,1.0,2,10,Afternoon,0.5,0,1,4,0
-2.14062,51.75479,1,1,5,6,30,0.0,,1.0,1,1.0,2,6,Afternoon,1.0,1,0,1,1
-1.61897,52.2601,3,3,1,3,70,0.0,,6.0,1,2.0,2,3,Night,1.0,1,0,4,4
-1.79896,55.30775,2,1,5,6,30,13.0,4.0,1.0,1,1.0,2,12,Morning,0.5,1,0,1,4
-0.08611,51.66388,2,1,5,9,30,13.0,4.0,1.0,1,1.0,1,10,Afternoon,0.5,1,0,2,1
-0.34357,51.65325,5,5,6,6,50,0.0,,1.0,1,2.0,2,2,Morning,1.0,0,1,4,0
-0.6794,51.8594,2,2,2,6,60,0.0,,6.0,1,4.0,2,1,Afternoon,1.0,0,0,2,0
0.79561,51.53561,2,1,6,6,30,0.0,,1.0,9,1.0,1,9,Afternoon,0.5,1,0,1,1
-3.05568,53.81465,1,1,7,6,20,0.0,,4.0,1,2.0,2,9,Evening,1.0,1,0,4,1
-1.74448,53.78659,2,1,1,6,30,16.0,4.0,1.0,1,1.0,1,4,Afternoon,0.5,1,0,1,1
-1.69626,53.84754,5,9,6,6,30,0.0,,1.0,1,1.0,2,8,Afternoon,1.8,1,0,4,1
-2.48916,51.85427,3,2,2,6,40,0.0,,1.0,1,1.0,2,1,Morning,0.6666666666666666,1,0,4,1
-3.50367,54.44726,1,1,5,6,60,0.0,,6.0,1,1.0,2,3,Night,1.0,0,1,1,0
-1.77823,51.13837,2,2,6,6,60,13.0,4.0,1.0,1,1.0,2,2,Morning,1.0,1,0,4,1
-1.08863,52.64207,1,1,1,6,30,13.0,4.0,4.0,1,2.0,1,11,Evening,1.0,1,0,4,1
-1.62983,53.69224,1,1,5,2,20,0.0,,1.0,1,1.0,1,1,Afternoon,1.0,1,0,1,1
0.71385,51.10438,1,1,2,6,30,0.0,,1.0,1,1.0,2,3,Afternoon,1.0,1,0,4,1
-0.41019,51.75004,2,1,5,3,70,0.0,,1.0,1,2.0,2,3,Morning,0.5,0,1,6,0
-0.42652,51.88242,1,1,5,3,40,0.0,,6.0,1,1.0,1,2,Night,1.0,0,1,1,0
-2.53364,51.46112,5,1,1,6,30,0.0,,4.0,1,1.0,1,8,Night,0.2,0,0,4,0
-1.47727,53.49691,2,1,4,7,70,0.0,,1.0,1,1.0,2,8,Afternoon,0.5,1,0,6,4
-0.52722,51.51836,2,1,4,6,40,13.0,4.0,1.0,1,1.0,2,6,Morning,0.5,1,0,3,1
-4.00545,52.33798,1,1,4,6,60,0.0,,1.0,1,2.0,2,1,Morning,1.0,0,1,4,0
-2.62463,51.40042,2,1,1,6,30,0.0,,6.0,1,2.0,2,1,Evening,0.5,0,0,1,0
-0.56522,51.23287,2,1,5,6,30,0.0,,1.0,1,1.0,1,2,Afternoon,0.5,1,0,1,1
-2.41841,53.31186,2,1,4,3,70,0.0,,1.0,1,1.0,2,5,Morning,0.5,0,0,6,0
-0.09228,51.39782,2,1,4,6,30,13.0,4.0,1.0,1,1.0,1,11,Afternoon,0.5,1,0,3,1
-7.38354,57.24373,2,1,5,6,60,0.0,,1.0,1,1.0,2,10,Afternoon,0.5,1,0,4,1
-3.4817,53.32044,2,1,3,6,20,13.0,4.0,1.0,1,2.0,1,11,Morning,0.5,1,0,3,1
-3.16182,55.92183,2,1,4,6,20,13.0,4.0,1.0,1,1.0,1,8,Morning,0.5,1,0,1,4
-1.99267,53.3655,1,1,6,6,30,16.0,2.0,1.0,9,1.0,1,2,Evening,1.0,1,0,4,1
-1.79162,50.72845,2,1,2,6,30,0.0,,1.0,5,2.0,1,5,Afternoon,0.5,0,0,2,0
-3.94336,51.80087,3,2,3,6,20,13.0,4.0,1.0,2,4.0,2,11,Afternoon,0.6666666666666666,1,0,4,1
-1.16871,51.65294,2,1,4,6,60,0.0,,1.0,1,1.0,2,2,Afternoon,0.5,0,0,4,0
0.26866,51.59858,3,1,7,3,60,0.0,,1.0,1,1.0,2,7,Morning,0.3333333333333333,0,0,6,0
-0.06224,51.64053,1,1,2,3,40,,4.0,4.0,1,1.0,1,4,Morning,1.0,1,0,4,1
0.10285,51.50201,1,1,3,3,30,0.0,,1.0,1,2.0,1,1,Afternoon,1.0,0,0,4,0
-0.12591,51.52886,2,1,6,2,20,16.0,2.0,1.0,1,1.0,1,5,Afternoon,0.5,1,0,3,2
-0.44864,53.26263,2,2,5,6,50,13.0,4.0,1.0,1,2.0,2,11,Afternoon,1.0,1,0,4,2
-1.85029,52.52281,1,1,4,6,30,0.0,,4.0,1,1.0,1,2,Evening,1.0,0,1,4,0
-0.96019,51.27026,2,1,3,3,70,0.0,4.0,1.0,1,1.0,2,6,Morning,0.5,1,0,4,6
-2.32279,53.48919,2,1,4,6,30,0.0,,1.0,1,1.0,1,10,Evening,0.5,1,0,4,1
-0.35927,53.7432,2,2,7,3,30,13.0,2.0,1.0,1,1.0,1,10,Afternoon,1.0,1,0,4,1
-4.57191,50.43332,2,2,4,6,60,0.0,,1.0,1,1.0,2,7,Afternoon,1.0,1,0,3,1
-0.48477,51.37259,2,1,5,6,30,16.0,4.0,1.0,1,1.0,1,5,Morning,0.5,1,0,3,1
-0.02542,51.5429,2,1,3,6,20,16.0,4.0,1.0,1,1.0,1,1,Morning,0.5,1,0,1,1
-0.42817,51.88113,1,1,7,6,20,13.0,4.0,1.0,1,1.0,1,7,Morning,1.0,1,0,1,1
-2.70237,53.82103,1,1,6,6,60,0.0,,1.0,1,2.0,2,1,Afternoon,1.0,0,1,1,0
-2.07787,52.5085,2,1,3,6,30,13.0,4.0,4.0,2,2.0,1,11,Afternoon,0.5,1,0,3,1
-0.84875,52.40418,1,1,4,6,60,0.0,,6.0,1,2.0,2,1,Afternoon,1.0,0,1,2,0
-2.47188,52.23095,2,1,3,6,60,13.0,4.0,1.0,2,2.0,2,8,Afternoon,0.5,1,0,3,1
-1.4935,52.90265,2,1,6,3,40,0.0,,4.0,1,1.0,1,8,Evening,0.5,0,0,4,0
-2.93889,53.40465,2,1,6,6,30,0.0,,1.0,1,1.0,1,2,Afternoon,0.5,0,0,1,0
0.12675,51.48386,2,1,5,6,20,,9.0,1.0,1,1.0,1,5,Morning,0.5,1,0,1,1
-2.48593,51.93325,1,2,6,7,70,,4.0,1.0,1,1.0,2,4,Morning,2.0,1,0,6,3
-3.03392,56.47196,1,1,2,6,30,,4.0,1.0,1,1.0,1,5,Afternoon,1.0,1,0,1,1
-2.9499,56.48496,2,1,5,6,30,19.0,4.0,4.0,2,2.0,1,11,Evening,0.5,1,0,1,1
-1.47179,52.39473,2,1,4,1,30,,4.0,1.0,1,2.0,1,1,Afternoon,0.5,1,0,1,1
-1.47611,52.52717,2,1,7,6,30,16.0,4.0,1.0,1,1.0,1,10,Afternoon,0.5,1,0,1,1
-4.47787,57.59934,2,1,1,6,60,0.0,,6.0,1,2.0,2,2,Evening,0.5,0,1,4,0
-1.91968,52.66561,2,1,6,6,30,0.0,,1.0,1,1.0,2,9,Morning,0.5,1,0,1,1
0.58011,51.58355,3,1,5,3,50,0.0,,1.0,1,1.0,2,7,Afternoon,0.3333333333333333,1,0,4,1
-2.46911,53.69587,1,1,7,6,30,0.0,,1.0,1,1.0,1,10,Afternoon,1.0,1,0,4,1
-2.72205,52.08095,2,1,4,6,40,0.0,,6.0,1,1.0,2,11,Morning,0.5,0,1,4,0
-4.15298,55.93673,1,1,7,6,30,13.0,4.0,1.0,1,1.0,1,8,Evening,1.0,1,0,1,1
-2.67871,51.61758,1,1,3,6,30,0.0,,1.0,1,1.0,1,1,Afternoon,1.0,0,0,1,0
-0.59506,53.18682,1,1,2,6,30,18.0,4.0,4.0,2,2.0,1,4,Evening,1.0,1,0,2,1
-0.07617,51.5145,1,1,2,6,20,0.0,,1.0,1,1.0,1,5,Morning,1.0,1,0,4,4
-0.47263,52.12979,2,1,6,6,30,0.0,,1.0,1,1.0,1,7,Morning,0.5,1,0,3,4
-0.48565,51.91352,2,1,6,3,50,0.0,,1.0,1,1.0,2,6,Evening,0.5,0,1,6,0
-0.413,51.51142,2,1,4,6,30,13.0,4.0,4.0,1,1.0,1,5,Evening,0.5,1,0,2,1
0.00011,51.60146,2,2,4,6,20,0.0,,4.0,1,1.0,1,2,Evening,1.0,0,0,2,0
-2.27908,53.5341,1,1,2,6,20,0.0,,1.0,1,1.0,1,11,Morning,1.0,1,0,1,1
-1.90343,52.50267,2,1,4,6,30,0.0,,4.0,1,1.0,1,5,Night,0.5,0,1,3,0
-0.19109,51.54666,1,1,5,7,20,0.0,,4.0,1,1.0,1,3,Evening,1.0,0,0,3,0
1.35053,52.20258,2,2,1,6,60,0.0,,7.0,1,1.0,2,12,Evening,1.0,1,0,3,1
-2.87226,52.71334,2,1,5,6,60,0.0,,1.0,1,1.0,2,7,Afternoon,0.5,0,1,4,0
-2.97394,53.64696,2,2,1,6,30,13.0,4.0,4.0,2,2.0,1,9,Evening,1.0,1,0,1,1
-0.20187,51.48448,1,1,1,3,20,13.0,4.0,1.0,2,2.0,1,7,Morning,1.0,1,0,3,1
-4.14719,50.37766,2,1,1,1,30,,4.0,4.0,2,2.0,1,3,Evening,0.5,1,0,4,1
-0.24943,51.51381,4,1,7,3,40,17.0,2.0,4.0,9,1.0,1,5,Night,0.25,1,0,4,2
-3.44603,51.18238,1,1,2,6,30,13.0,4.0,1.0,1,1.0,2,9,Afternoon,1.0,1,0,4,1
-1.26755,53.70497,2,1,4,6,30,,4.0,1.0,2,1.0,1,4,Morning,0.5,1,0,4,4
0.47661,51.70215,2,1,6,6,30,19.0,4.0,1.0,9,1.0,1,5,Morning,0.5,1,0,1,1
0.11226,51.43357,3,1,7,6,30,13.0,4.0,1.0,1,1.0,1,7,Evening,0.3333333333333333,1,0,2,1
-1.16997,51.68407,1,1,6,6,50,0.0,,1.0,1,1.0,2,8,Evening,1.0,0,0,3,0
-3.1351,53.15135,2,2,5,6,60,0.0,,1.0,1,2.0,2,2,Morning,1.0,0,0,1,0
-0.22677,51.50249,1,1,3,9,30,,4.0,1.0,1,1.0,1,5,Afternoon,1.0,1,0,4,1
0.03938,51.63548,1,2,6,6,40,13.0,4.0,4.0,1,2.0,2,2,Evening,2.0,1,0,4,1
-0.46937,52.48075,2,1,5,6,30,0.0,,1.0,1,1.0,2,6,Morning,0.5,0,1,4,0
-0.01362,52.82562,2,2,5,6,60,13.0,4.0,1.0,2,2.0,2,2,Afternoon,1.0,1,0,4,2
-1.32685,51.4061,2,1,4,6,30,0.0,4.0,4.0,1,1.0,1,3,Evening,0.5,1,0,1,1
-2.21802,51.69574,1,1,7,6,20,0.0,,1.0,1,1.0,1,4,Afternoon,1.0,1,0,4,3
-1.03622,51.11467,1,1,4,6,40,13.0,4.0,4.0,5,2.0,2,3,Evening,1.0,1,0,4,1
-3.6287,50.53659,1,1,1,6,30,18.0,4.0,1.0,1,1.0,1,3,Morning,1.0,1,0,1,1
-5.04653,51.71152,1,1,2,6,20,16.0,4.0,1.0,1,1.0,1,8,Afternoon,1.0,1,0,1,1
-4.12491,50.3782,2,1,6,6,30,17.0,4.0,1.0,2,2.0,1,7,Afternoon,0.5,1,0,1,1
-3.02419,51.65116,2,1,1,1,30,0.0,4.0,1.0,1,1.0,1,1,Afternoon,0.5,1,0,1,1
-2.09724,53.48624,2,1,5,6,30,19.0,4.0,4.0,1,1.0,1,2,Evening,0.5,1,0,1,4
-1.96035,53.58788,2,1,6,6,60,13.0,4.0,1.0,1,1.0,2,10,Afternoon,0.5,1,0,4,1
-0.32973,51.46693,2,1,3,6,20,0.0,,5.0,5,2.0,1,1,Morning,0.5,0,0,4,0
-2.23475,52.38426,2,1,4,6,30,16.0,2.0,4.0,1,1.0,1,12,Evening,0.5,1,0,4,4
-0.31143,51.48239,2,1,6,6,20,13.0,4.0,1.0,1,1.0,1,5,Morning,0.5,1,0,4,1
-2.18713,53.55035,2,1,4,6,30,19.0,9.0,4.0,1,1.0,1,11,Evening,0.5,1,0,4,1
-2.31685,51.46203,2,2,2,6,30,13.0,4.0,4.0,1,1.0,2,6,Evening,1.0,1,0,1,1
-0.53123,51.5467,2,1,5,6,30,13.0,4.0,6.0,1,2.0,2,12,Evening,0.5,1,0,1,1
-0.76176,52.36091,2,2,1,6,40,16.0,4.0,6.0,1,2.0,2,2,Evening,1.0,1,0,2,2
-0.11758,51.45817,2,1,5,6,20,13.0,4.0,1.0,1,1.0,1,5,Afternoon,0.5,1,0,4,1
-2.15527,53.61658,1,1,5,6,20,0.0,,4.0,2,2.0,1,4,Evening,1.0,1,0,1,1
-1.31036,50.92042,2,1,6,1,40,0.0,4.0,1.0,1,2.0,1,11,Morning,0.5,1,0,1,1
-4.19721,56.01131,2,1,2,6,60,0.0,,1.0,9,1.0,2,5,Afternoon,0.5,0,1,3,0
-3.52834,54.48257,2,2,7,6,30,0.0,,1.0,1,1.0,2,12,Morning,1.0,1,0,1,1
0.39886,51.40441,2,1,5,3,70,0.0,,1.0,1,1.0,2,10,Morning,0.5,1,0,4,1
1.24858,52.62899,2,1,4,1,20,,4.0,4.0,1,2.0,1,12,Morning,0.5,1,0,3,1
-0.45636,51.52215,2,1,6,6,30,13.0,4.0,1.0,1,1.0,1,3,Afternoon,0.5,1,0,2,1
-0.59304,52.30845,2,1,3,6,30,13.0,2.0,1.0,8,1.0,1,9,Morning,0.5,1,0,1,4
0.44686,51.57971,1,1,6,3,50,0.0,,4.0,1,1.0,2,11,Afternoon,1.0,1,0,4,1
-0.46449,51.36603,1,1,4,6,30,0.0,,1.0,1,1.0,2,9,Morning,1.0,1,0,1,1
-0.22399,51.49384,1,2,3,3,20,0.0,,4.0,1,1.0,1,1,Evening,2.0,0,0,4,0
-0.96547,50.84941,2,1,6,1,60,0.0,4.0,4.0,1,1.0,1,12,Evening,0.5,1,0,1,1
-3.15118,51.66399,2,1,6,6,20,13.0,4.0,4.0,1,2.0,1,3,Evening,0.5,1,0,1,1
-2.60129,53.83339,2,1,3,6,20,0.0,,4.0,1,1.0,2,7,Night,0.5,1,0,1,1
-0.08816,51.49097,2,1,4,6,20,16.0,4.0,4.0,2,2.0,1,9,Evening,0.5,1,0,2,1
-3.01615,53.79213,2,1,4,6,30,0.0,,1.0,1,1.0,1,7,Morning,0.5,1,0,1,1
-0.28016,51.46848,2,1,4,3,30,13.0,4.0,1.0,2,2.0,1,4,Afternoon,0.5,1,0,4,1
-0.4267,51.85917,1,1,6,6,40,0.0,,1.0,9,,2,5,Afternoon,1.0,1,0,3,1
-4.29943,55.84101,2,1,3,3,30,16.0,4.0,4.0,2,2.0,1,12,Evening,0.5,1,0,1,1
-0.02424,51.40883,3,2,7,3,20,0.0,,4.0,1,1.0,1,12,Afternoon,0.6666666666666666,0,0,1,0
-2.22993,53.47131,2,2,2,6,20,16.0,4.0,4.0,1,1.0,1,2,Afternoon,1.0,1,0,1,1
-2.90638,53.44222,2,1,7,3,30,0.0,4.0,1.0,1,1.0,1,11,Morning,0.5,1,0,1,1
0.1349,51.27914,1,1,6,6,30,13.0,4.0,1.0,2,2.0,2,9,Afternoon,1.0,1,0,4,1
-0.39535,53.72445,1,1,4,3,60,0.0,,4.0,1,1.0,2,11,Evening,1.0,0,1,4,0
-0.18942,51.44333,2,1,5,6,20,13.0,4.0,1.0,1,1.0,1,6,Evening,0.5,1,0,4,1
-0.42104,51.57772,2,1,4,6,30,0.0,4.0,1.0,8,1.0,1,6,Afternoon,0.5,1,0,3,1
-3.45956,51.74973,2,5,7,6,50,13.0,4.0,1.0,2,2.0,2,6,Afternoon,2.5,1,0,1,1
-2.59842,51.79535,1,2,3,6,30,13.0,4.0,1.0,7,2.0,1,11,Afternoon,2.0,1,0,1,1
-4.42668,55.84125,2,1,4,3,30,13.0,4.0,1.0,1,1.0,1,4,Afternoon,0.5,1,0,4,1
-0.39497,50.90873,1,1,3,6,60,0.0,,6.0,1,2.0,2,10,Evening,1.0,1,0,4,1
-2.45073,53.54275,2,1,5,1,40,0.0,,4.0,8,1.0,1,12,Afternoon,0.5,1,0,4,1
-2.07696,52.52953,2,2,2,3,40,16.0,2.0,1.0,1,1.0,1,7,Afternoon,1.0,1,0,4,4
-0.6788,51.52207,2,1,1,6,30,18.0,2.0,1.0,1,1.0,2,10,Afternoon,0.5,1,0,4,1
-2.47034,53.69635,1,2,3,6,30,0.0,,4.0,2,2.0,1,11,Afternoon,2.0,1,0,1,1
-2.71647,53.29035,2,1,3,6,30,13.0,4.0,1.0,1,1.0,2,5,Afternoon,0.5,1,0,3,1
-1.87539,53.72319,2,1,6,2,20,19.0,4.0,1.0,1,1.0,1,1,Afternoon,0.5,1,0,1,1
-0.20682,51.49631,2,1,7,9,30,13.0,4.0,1.0,9,9.0,1,7,Morning,0.5,1,0,4,1
-2.77268,55.74961,2,3,3,6,60,0.0,,6.0,2,2.0,2,12,Evening,1.5,0,1,4,0
0.17684,51.5763,1,3,5,1,30,0.0,4.0,1.0,1,1.0,1,3,Morning,3.0,1,0,4,4
-1.18287,50.90032,1,1,5,6,40,0.0,,1.0,1,1.0,2,7,Evening,1.0,0,0,3,0
0.54203,51.56753,1,1,7,3,60,0.0,,4.0,1,1.0,2,4,Night,1.0,1,0,4,4
-2.72404,51.10278,3,1,5,6,60,13.0,4.0,1.0,2,2.0,2,5,Morning,0.3333333333333333,1,0,1,1
-1.2701,51.7622,2,1,6,6,20,13.0,4.0,1.0,1,1.0,1,2,Morning,0.5,1,0,1,1
-1.88454,52.29739,2,1,3,6,30,13.0,4.0,4.0,1,1.0,1,6,Evening,0.5,1,0,1,1
-4.25415,55.86424,1,1,3,6,20,16.0,2.0,1.0,1,1.0,1,1,Morning,1.0,1,0,1,1
-0.07358,51.6263,1,1,1,9,20,19.0,9.0,4.0,4,9.0,1,1,Evening,1.0,1,0,2,1
0.22007,51.45926,2,1,6,1,30,,4.0,1.0,1,1.0,2,12,Afternoon,0.5,1,0,4,1
0.21303,50.99082,2,1,6,6,60,18.0,4.0,6.0,7,2.0,2,2,Night,0.5,1,0,4,1
0.18718,51.73723,2,1,4,6,60,0.0,,6.0,1,2.0,2,2,Evening,0.5,1,0,1,1
-1.17214,53.1692,2,1,2,6,30,13.0,4.0,1.0,1,1.0,1,3,Afternoon,0.5,1,0,1,4
0.1456,51.56558,2,1,7,3,50,16.0,2.0,4.0,2,2.0,1,4,Evening,0.5,1,0,4,1
0.47854,51.73352,1,1,4,6,30,13.0,,1.0,1,1.0,1,10,Morning,1.0,1,0,4,1
-0.09385,51.4714,2,1,4,6,20,13.0,4.0,1.0,2,2.0,1,9,Morning,0.5,1,0,4,1
-0.7839,52.00722,1,1,4,6,30,13.0,4.0,1.0,1,1.0,2,10,Afternoon,1.0,0,1,1,0
-2.78475,52.21706,4,1,3,6,60,0.0,,1.0,1,2.0,2,2,Morning,0.25,1,0,4,1
-0.83134,50.85734,2,1,6,6,60,0.0,,1.0,2,2.0,2,2,Morning,0.5,0,1,1,0
-2.23476,51.8638,2,2,2,3,30,19.0,2.0,1.0,2,2.0,1,10,Morning,1.0,1,0,4,1
-2.0906,53.71443,1,1,4,6,20,19.0,4.0,4.0,8,1.0,1,2,Evening,1.0,1,0,1,4
-1.05554,52.21499,2,1,6,6,60,13.0,4.0,6.0,8,1.0,2,11,Afternoon,0.5,1,0,4,1
-0.66051,53.55392,2,1,4,6,30,0.0,,1.0,9,1.0,1,8,Afternoon,0.5,1,0,1,1
-0.6426,51.47777,2,1,3,6,30,13.0,4.0,1.0,1,1.0,1,8,Afternoon,0.5,1,0,3,1
-2.98726,53.34875,2,1,4,3,30,13.0,2.0,1.0,1,1.0,1,9,Evening,0.5,1,0,4,1
-0.56513,51.50111,2,1,3,6,30,16.0,2.0,4.0,2,2.0,1,12,Evening,0.5,1,0,4,1
-2.563,53.411,2,1,4,6,30,16.0,2.0,4.0,2,2.0,1,2,Evening,0.5,1,0,2,2
-1.07342,52.87065,2,2,3,6,30,18.0,4.0,1.0,1,1.0,2,7,Morning,1.0,1,0,1,1
-1.83433,52.45446,2,2,2,6,30,16.0,4.0,1.0,2,2.0,1,11,Afternoon,1.0,1,0,3,1
-3.45295,51.7176,1,1,5,6,20,16.0,2.0,4.0,1,1.0,1,1,Morning,1.0,1,0,3,1
-4.04212,51.7832,1,1,5,6,30,16.0,2.0,1.0,1,1.0,1,10,Afternoon,1.0,1,0,3,1
-1.46635,53.41436,2,1,5,6,30,0.0,,1.0,1,1.0,1,5,Morning,0.5,1,0,1,1
-4.16208,55.86547,2,1,5,1,20,,4.0,1.0,1,1.0,1,9,Afternoon,0.5,1,0,1,1
0.38552,51.4283,1,1,2,6,30,19.0,2.0,1.0,8,1.0,1,10,Afternoon,1.0,1,0,1,1
-0.08163,53.55893,6,1,6,6,30,0.0,,4.0,1,1.0,1,6,Evening,0.16666666666666666,1,0,1,3
-0.65005,51.16264,3,2,3,6,30,13.0,4.0,1.0,8,1.0,2,6,Afternoon,0.6666666666666666,1,0,4,1
-2.04239,52.48149,2,1,2,6,30,13.0,4.0,1.0,1,1.0,1,11,Afternoon,0.5,1,0,3,1
-3.23864,54.11242,2,1,6,3,30,16.0,2.0,1.0,1,1.0,1,10,Morning,0.5,1,0,4,1
-0.37532,53.74904,2,1,4,6,30,0.0,,1.0,1,1.0,1,4,Afternoon,0.5,1,0,1,1
-5.09245,56.8229,2,3,3,6,30,,4.0,4.0,2,2.0,1,12,Evening,1.5,1,0,1,4
-0.98818,51.18438,2,2,7,6,60,16.0,4.0,1.0,1,1.0,2,11,Afternoon,1.0,1,0,3,1
-0.05265,51.5141,2,1,1,6,20,0.0,,4.0,1,1.0,1,6,Evening,0.5,0,0,4,0
-0.1722,51.48963,2,1,2,9,20,13.0,4.0,1.0,1,2.0,1,10,Afternoon,0.5,1,0,1,1
-0.35058,53.80225,1,1,2,6,20,17.0,4.0,1.0,1,1.0,2,4,Afternoon,1.0,1,0,1,1
-2.75179,54.03521,1,1,3,6,60,0.0,,1.0,3,3.0,2,1,Morning,1.0,0,1,1,0
-4.1563,55.86217,2,4,3,3,40,16.0,2.0,1.0,1,1.0,1,4,Afternoon,2.0,1,0,4,3
-0.04739,52.93047,1,1,3,6,30,0.0,,1.0,1,1.0,2,4,Afternoon,1.0,0,0,2,0
-1.21119,54.67889,2,1,1,6,30,,4.0,1.0,1,1.0,1,11,Morning,0.5,1,0,4,1
0.13008,51.40979,2,1,4,3,70,0.0,,6.0,1,1.0,2,11,Afternoon,0.5,0,0,4,0
-1.14937,52.95733,2,1,7,3,30,0.0,,4.0,1,1.0,1,7,Evening,0.5,1,0,4,4
0.92789,51.88735,2,1,4,6,30,13.0,4.0,1.0,1,1.0,1,9,Morning,0.5,1,0,1,1
-1.56824,54.96963,2,1,5,6,30,0.0,,1.0,1,1.0,2,5,Evening,0.5,1,0,3,1
-0.75146,51.62958,1,1,6,2,30,0.0,,1.0,1,1.0,1,10,Afternoon,1.0,0,0,2,0
-1.86567,50.74445,2,1,5,6,30,0.0,,4.0,1,1.0,1,10,Evening,0.5,0,0,1,0
-0.82841,51.85162,2,1,6,6,60,13.0,4.0,1.0,1,1.0,2,12,Afternoon,0.5,1,0,4,1
-1.45356,53.80804,2,1,2,3,30,,2.0,1.0,1,1.0,1,5,Morning,0.5,1,0,1,4
-2.02128,52.67461,2,1,4,3,50,0.0,,1.0,1,1.0,1,9,Afternoon,0.5,1,0,4,4
-4.26239,55.84348,1,1,1,6,30,0.0,,4.0,2,2.0,1,9,Evening,1.0,1,0,4,1
-1.55419,51.50098,1,1,6,6,60,0.0,,6.0,1,2.0,2,10,Evening,1.0,0,0,1,0
-0.02572,51.50966,3,3,3,3,30,17.0,2.0,4.0,1,2.0,1,10,Afternoon,1.0,1,0,4,4
-2.60099,51.43972,1,1,6,6,20,13.0,2.0,1.0,1,1.0,1,7,Afternoon,1.0,1,0,4,4
0.8626,51.87337,2,1,1,6,30,0.0,,1.0,1,1.0,1,12,Afternoon,0.5,1,0,3,1
-1.0717,50.83794,2,1,7,3,30,0.0,4.0,1.0,1,1.0,2,2,Morning,0.5,1,0,4,4
1.38512,51.38723,2,1,3,6,30,16.0,3.0,4.0,8,2.0,1,6,Night,0.5,1,0,1,1
-2.76794,51.33911,2,3,7,6,50,0.0,,1.0,2,2.0,2,2,Afternoon,1.5,0,0,4,0
-1.47229,53.40928,3,2,7,6,30,16.0,4.0,1.0,1,2.0,1,10,Afternoon,0.6666666666666666,1,0,1,1
-1.46613,53.36298,2,1,2,6,30,16.0,4.0,1.0,1,1.0,1,5,Morning,0.5,1,0,1,1
0.89618,51.88862,1,1,5,6,30,0.0,,1.0,1,1.0,1,8,Afternoon,1.0,1,0,1,1
-1.21589,52.97403,2,2,3,6,30,0.0,,1.0,2,2.0,1,2,Afternoon,1.0,1,0,1,1
0.99844,51.3274,2,1,4,6,30,0.0,,1.0,1,1.0,2,5,Morning,0.5,1,0,1,1
-2.46311,50.61188,2,1,1,6,30,16.0,2.0,4.0,1,2.0,1,12,Night,0.5,1,0,1,1
-0.98578,53.68622,2,1,4,6,40,0.0,,1.0,1,1.0,2,8,Morning,0.5,1,0,4,4
-1.35929,54.58204,2,1,5,6,20,0.0,,1.0,1,1.0,1,6,Afternoon,0.5,0,1,1,0
0.43275,51.5838,2,2,6,3,70,0.0,,7.0,9,,1,12,Morning,1.0,0,1,4,0
-1.16691,52.29558,1,2,2,6,60,16.0,4.0,6.0,1,2.0,2,4,Evening,2.0,1,0,4,2
-0.00239,51.58056,2,2,3,6,20,13.0,2.0,1.0,1,1.0,1,2,Afternoon,1.0,1,0,4,1
-1.68902,55.00884,1,1,2,6,30,0.0,,1.0,1,1.0,1,8,Morning,1.0,1,0,1,1
0.05144,51.537,1,1,7,6,30,17.0,2.0,1.0,8,1.0,1,3,Afternoon,1.0,1,0,4,1
-0.10237,51.52979,2,1,3,2,20,16.0,2.0,1.0,1,1.0,1,7,Afternoon,0.5,1,0,4,2
-4.83176,55.66119,2,3,7,6,60,18.0,4.0,1.0,1,1.0,2,10,Afternoon,1.5,1,0,4,1
-1.44715,52.93151,2,1,2,6,30,13.0,4.0,1.0,1,1.0,1,7,Evening,0.5,1,0,1,1
0.48451,51.73933,2,1,7,6,30,13.0,4.0,1.0,1,1.0,1,6,Evening,0.5,1,0,1,1
0.77053,52.0657,2,2,1,6,60,0.0,,1.0,1,1.0,2,5,Afternoon,1.0,1,0,1,1
-1.3997,52.40943,3,2,6,6,50,0.0,,1.0,1,2.0,2,11,Afternoon,0.6666666666666666,1,0,3,1
-0.11516,51.55695,2,1,4,9,30,,9.0,1.0,9,9.0,1,5,Afternoon,0.5,1,0,4,1
-1.88899,52.46043,1,1,6,6,20,0.0,,1.0,1,1.0,1,9,Morning,1.0,1,0,1,1
-2.54843,51.47378,2,1,4,6,30,13.0,4.0,4.0,1,1.0,1,8,Evening,0.5,1,0,4,1
-1.53433,54.85671,2,1,7,7,40,0.0,,1.0,1,1.0,2,10,Morning,0.5,1,0,4,4
-0.21196,51.40991,2,1,6,9,30,13.0,4.0,1.0,9,9.0,1,6,Afternoon,0.5,1,0,4,1
-2.3748,53.08621,3,1,7,6,60,0.0,,1.0,5,2.0,2,12,Afternoon,0.3333333333333333,0,1,3,0
-0.45363,51.49805,1,1,1,7,50,0.0,2.0,4.0,1,1.0,1,1,Afternoon,1.0,1,0,4,2
-1.41881,54.88817,2,4,4,3,30,17.0,2.0,4.0,1,1.0,1,10,Evening,2.0,1,0,4,3
-1.24537,54.56095,1,1,5,6,30,16.0,4.0,1.0,1,1.0,1,6,Afternoon,1.0,1,0,1,1
0.04138,51.58043,2,1,2,7,50,0.0,4.0,1.0,1,1.0,2,5,Afternoon,0.5,1,0,4,1
-1.33362,53.29761,1,3,7,6,30,13.0,4.0,4.0,2,2.0,2,10,Morning,3.0,1,0,4,1
-2.75675,53.61045,1,1,3,6,60,0.0,,1.0,2,2.0,2,1,Afternoon,1.0,0,1,1,0
-1.21535,54.67548,2,1,2,6,30,16.0,2.0,4.0,2,2.0,1,3,Evening,0.5,1,0,3,1
-0.09076,51.59357,2,1,6,6,20,13.0,4.0,1.0,1,1.0,1,12,Morning,0.5,1,0,3,1
-0.65587,52.48564,1,1,5,1,50,13.0,4.0,4.0,1,1.0,2,7,Evening,1.0,1,0,4,4
-0.2104,51.58487,2,1,4,3,40,0.0,,1.0,1,1.0,1,9,Evening,0.5,0,0,4,0
-2.7774,53.36033,4,2,4,3,70,0.0,,5.0,1,1.0,2,1,Afternoon,0.5,0,0,4,0
-0.22833,51.46326,2,1,3,6,30,13.0,4.0,1.0,2,2.0,1,3,Afternoon,0.5,1,0,4,1
-0.21526,51.50393,3,1,7,6,20,19.0,4.0,1.0,1,1.0,1,7,Afternoon,0.3333333333333333,1,0,4,1
-0.1518,51.50324,2,1,7,3,20,0.0,,4.0,1,1.0,1,9,Evening,0.5,0,0,4,0
-1.2271,53.02845,2,2,5,6,30,0.0,,1.0,1,2.0,1,5,Afternoon,1.0,1,0,1,1
-1.28231,52.71865,5,3,6,6,30,0.0,,1.0,1,1.0,2,8,Afternoon,0.6,0,1,3,0
-2.48617,53.74365,1,1,1,3,30,16.0,2.0,5.0,1,1.0,1,1,Evening,1.0,1,0,4,1
-0.08357,51.42403,2,1,6,6,20,13.0,4.0,4.0,1,1.0,1,5,Evening,0.5,1,0,2,1
-0.46364,51.37218,1,1,7,6,30,0.0,,4.0,1,2.0,1,2,Evening,1.0,1,0,4,1
-0.7529,50.83015,2,1,3,3,60,0.0,,4.0,1,1.0,2,4,Evening,0.5,1,0,4,4
-2.81712,54.37912,2,1,2,6,30,13.0,4.0,1.0,1,1.0,2,6,Morning,0.5,1,0,1,1
-0.47447,51.51523,2,2,2,3,30,16.0,2.0,1.0,2,2.0,1,5,Afternoon,1.0,1,0,4,4
-2.58341,51.45423,2,1,7,3,30,13.0,4.0,1.0,1,1.0,1,3,Afternoon,0.5,1,0,4,1
-0.192,51.50987,3,1,5,9,20,13.0,4.0,1.0,9,9.0,1,1,Afternoon,0.3333333333333333,1,0,4,4
-0.56828,51.42258,1,2,2,6,30,13.0,4.0,4.0,1,1.0,1,8,Evening,2.0,1,0,1,1
-1.46732,53.86634,2,1,5,6,30,16.0,4.0,1.0,1,1.0,2,6,Afternoon,0.5,1,0,1,1
-0.3417,51.47494,3,1,7,6,20,13.0,4.0,1.0,1,1.0,1,9,Afternoon,0.3333333333333333,1,0,4,1
-0.17797,51.48253,2,1,4,6,20,13.0,4.0,1.0,1,1.0,1,11,Afternoon,0.5,1,0,1,1
-1.27465,54.63584,3,1,6,3,70,0.0,,6.0,1,2.0,2,1,Evening,0.3333333333333333,0,0,4,0
-2.23307,53.82126,4,1,4,6,20,16.0,4.0,1.0,8,1.0,1,6,Morning,0.25,1,0,1,1
-2.07343,52.514,2,1,3,3,30,19.0,4.0,4.0,2,1.0,1,3,Evening,0.5,1,0,4,4
0.80673,51.19402,2,1,7,6,60,0.0,,1.0,1,1.0,2,8,Afternoon,0.5,1,0,1,1
-3.79303,55.59296,1,1,1,6,30,0.0,,4.0,2,2.0,2,12,Morning,1.0,1,0,4,4
-2.44818,51.29347,2,1,7,6,20,13.0,4.0,1.0,1,2.0,1,1,Morning,0.5,1,0,4,1
-0.28481,51.49043,2,1,4,1,20,,9.0,1.0,9,1.0,1,6,Afternoon,0.5,1,0,4,1
-2.36333,50.98344,2,1,3,6,60,13.0,4.0,6.0,1,1.0,2,2,Afternoon,0.5,1,0,1,1
-1.6851,54.98252,2,1,5,7,30,,4.0,1.0,1,1.0,1,4,Afternoon,0.5,1,0,4,4
-0.71464,52.38572,1,1,4,6,30,13.0,4.0,1.0,1,1.0,1,11,Morning,1.0,1,0,1,4
0.13339,51.53136,2,2,3,3,50,0.0,,1.0,1,1.0,1,11,Morning,1.0,0,0,4,0
0.25074,51.42743,1,1,2,3,70,0.0,,4.0,2,2.0,2,3,Evening,1.0,1,0,4,4
-0.49564,51.49992,2,1,1,3,70,0.0,,1.0,1,1.0,2,11,Morning,0.5,0,0,6,0
0.18041,51.60376,2,1,1,3,30,16.0,2.0,4.0,1,2.0,1,2,Evening,0.5,1,0,3,3
1.08622,51.80348,1,1,1,6,60,0.0,,6.0,1,1.0,2,9,Night,1.0,0,1,3,0
-2.34461,55.9182,2,5,3,3,60,13.0,4.0,1.0,1,1.0,2,7,Morning,2.5,1,0,4,4
0.25561,50.74645,2,1,5,6,60,0.0,,1.0,1,2.0,2,1,Afternoon,0.5,1,0,1,1
0.02322,51.50329,1,1,1,2,20,0.0,,1.0,1,1.0,1,4,Morning,1.0,0,0,4,0
0.88976,51.90343,2,1,6,6,30,13.0,4.0,1.0,1,1.0,1,4,Afternoon,0.5,1,0,3,1
-1.55397,54.5088,2,1,6,6,30,0.0,,1.0,1,1.0,1,6,Afternoon,0.5,1,0,1,1
-0.55224,51.60191,1,3,1,1,60,0.0,4.0,4.0,2,2.0,2,9,Night,3.0,1,0,4,3
-5.01536,50.44476,1,1,7,6,60,0.0,,6.0,5,2.0,2,11,Morning,1.0,0,1,1,0
-0.08642,51.66119,2,1,3,6,20,,9.0,1.0,9,9.0,1,8,Afternoon,0.5,1,0,1,1
-2.65059,55.33181,1,1,1,6,60,0.0,,6.0,1,4.0,2,3,Evening,1.0,1,0,3,1
-0.12197,51.4086,2,1,2,9,30,,9.0,1.0,9,9.0,1,2,Afternoon,0.5,1,0,4,1
0.0509,51.54,2,1,4,6,20,,2.0,1.0,1,1.0,1,11,Afternoon,0.5,1,0,4,3
-0.08567,51.49487,2,1,6,1,20,0.0,2.0,4.0,1,1.0,1,11,Afternoon,0.5,1,0,4,4
-3.59261,50.43697,1,1,6,6,30,19.0,4.0,1.0,1,1.0,1,11,Morning,1.0,1,0,1,1
-2.98809,51.58427,2,1,6,3,30,16.0,2.0,5.0,1,1.0,1,3,Evening,0.5,1,0,4,1
-0.12759,51.48145,2,1,3,6,20,19.0,4.0,1.0,2,2.0,1,5,Evening,0.5,1,0,4,1
-0.6482,52.91556,2,2,2,6,30,0.0,,1.0,1,1.0,2,6,Morning,1.0,0,0,4,0
-0.59374,51.51289,1,1,4,6,30,13.0,2.0,1.0,1,1.0,1,9,Morning,1.0,1,0,3,1
-2.74562,52.70499,1,1,5,6,30,0.0,,1.0,1,2.0,1,11,Morning,1.0,0,1,1,0
-1.47945,51.18997,1,1,1,6,60,0.0,,6.0,2,2.0,2,2,Night,1.0,0,0,4,0
-3.03742,53.88058,2,1,3,6,20,16.0,3.0,1.0,1,2.0,1,10,Morning,0.5,1,0,1,1
-4.07619,50.97074,1,1,7,6,60,0.0,,1.0,2,2.0,2,3,Morning,1.0,1,0,3,1
-0.14929,51.52326,2,1,1,3,20,13.0,4.0,4.0,1,1.0,1,10,Evening,0.5,1,0,4,4
-0.0724,51.48627,2,1,4,3,20,13.0,2.0,4.0,1,1.0,1,2,Evening,0.5,1,0,4,1
-0.46923,51.89145,2,1,1,3,70,0.0,,1.0,1,,1,7,Evening,0.5,1,0,6,6
0.07793,51.41312,3,1,6,6,30,13.0,4.0,1.0,1,1.0,1,4,Afternoon,0.3333333333333333,1,0,4,1
-2.44654,50.71398,1,1,2,6,30,0.0,,4.0,1,1.0,1,11,Evening,1.0,0,0,3,0
-2.58307,53.37481,2,2,7,6,30,13.0,2.0,1.0,1,1.0,1,12,Morning,1.0,1,0,4,4
-0.93047,52.47331,2,1,6,6,30,0.0,,4.0,1,1.0,1,1,Afternoon,0.5,0,1,2,0
-0.2781,51.50619,2,1,6,7,20,13.0,2.0,4.0,1,1.0,1,2,Morning,0.5,1,0,4,1
-1.82679,50.8202,2,1,6,6,50,0.0,,1.0,1,1.0,2,9,Afternoon,0.5,0,0,1,0
-0.00802,51.51124,1,2,3,2,20,0.0,4.0,1.0,1,1.0,1,6,Evening,2.0,1,0,4,4
0.42787,51.31337,3,1,6,3,30,16.0,2.0,1.0,1,1.0,2,6,Morning,0.3333333333333333,1,0,4,1
-0.95828,53.95299,4,3,3,6,40,0.0,,1.0,2,2.0,2,1,Morning,0.75,0,0,4,0
0.89177,51.89685,2,2,5,7,30,0.0,,1.0,1,1.0,1,8,Morning,1.0,1,0,4,4
-2.53705,53.69341,2,1,1,6,50,0.0,,1.0,1,1.0,2,5,Morning,0.5,1,0,4,1
-0.49975,51.43693,2,4,7,6,30,,2.0,4.0,8,1.0,1,3,Afternoon,2.0,1,0,4,4
-1.26554,53.49494,2,1,1,6,30,13.0,2.0,1.0,1,1.0,1,5,Morning,0.5,1,0,1,4
-1.78581,52.63357,3,1,5,6,50,0.0,,6.0,1,2.0,2,12,Afternoon,0.3333333333333333,1,0,1,1
-0.14278,50.82243,1,1,7,6,20,0.0,,1.0,1,1.0,1,7,Evening,1.0,1,0,1,1
-0.15746,51.11785,1,1,5,6,30,0.0,,1.0,1,2.0,1,5,Morning,1.0,1,0,1,1
-1.29134,52.94232,2,1,4,6,40,18.0,4.0,1.0,1,1.0,2,11,Morning,0.5,1,0,2,1
-1.40674,50.93854,2,1,4,6,30,16.0,4.0,1.0,1,1.0,1,5,Afternoon,0.5,1,0,4,1
-2.13018,52.65561,2,1,6,3,50,0.0,,1.0,1,2.0,2,11,Afternoon,0.5,0,1,4,0
-4.44294,53.26204,2,1,2,6,60,0.0,,1.0,1,1.0,2,6,Morning,0.5,0,0,4,0
-0.50641,52.10345,2,2,2,7,50,0.0,,4.0,2,2.0,2,11,Evening,1.0,1,0,4,4
-3.6155,56.38758,1,1,3,6,60,0.0,,1.0,8,4.0,2,12,Morning,1.0,1,0,1,1
-0.96019,51.94675,2,1,3,6,60,0.0,,6.0,1,2.0,2,10,Evening,0.5,0,0,2,0
-0.07228,51.41593,2,1,6,6,30,,4.0,1.0,1,1.0,1,6,Evening,0.5,1,0,4,2
-2.48813,51.35494,1,1,1,6,50,0.0,,1.0,2,2.0,2,10,Morning,1.0,0,0,4,0
-0.12672,51.51666,2,1,5,6,20,13.0,4.0,1.0,1,1.0,1,10,Afternoon,0.5,1,0,3,1
-0.3813,51.27961,3,1,5,6,30,19.0,4.0,1.0,1,1.0,1,8,Afternoon,0.3333333333333333,1,0,1,1
-1.36047,53.05851,1,1,6,6,40,0.0,,1.0,1,1.0,2,5,Afternoon,1.0,0,0,1,0
-0.08501,51.59787,2,1,4,6,20,13.0,4.0,1.0,1,1.0,1,5,Afternoon,0.5,1,0,1,4
-0.15563,51.52686,2,1,5,6,20,0.0,,1.0,1,1.0,1,7,Morning,0.5,0,0,1,0
-0.0713,51.6337,2,1,7,6,30,0.0,,1.0,1,1.0,1,10,Afternoon,0.5,0,0,2,0
-2.98932,53.45255,2,1,4,6,30,0.0,,4.0,1,1.0,1,6,Evening,0.5,0,0,4,0
-0.07321,51.51321,2,1,1,6,20,13.0,4.0,1.0,1,1.0,1,9,Evening,0.5,1,0,4,3
-0.93659,52.22202,2,1,6,6,60,19.0,4.0,1.0,1,1.0,2,6,Afternoon,0.5,1,0,4,4
-2.49508,52.11913,2,1,3,6,60,13.0,4.0,1.0,1,1.0,2,6,Morning,0.5,1,0,4,3
-0.32911,51.20259,2,2,2,3,50,0.0,,1.0,4,1.0,2,11,Afternoon,1.0,1,0,4,1
-0.24977,51.3833,2,1,3,6,30,13.0,4.0,1.0,1,1.0,1,7,Morning,0.5,1,0,4,1
-2.42307,51.53696,1,1,6,6,30,13.0,4.0,1.0,1,1.0,1,8,Evening,1.0,1,0,1,1
0.77881,52.23833,1,1,5,7,70,0.0,,4.0,1,2.0,2,12,Evening,1.0,0,1,4,0
1.1705,51.81157,1,1,2,6,30,0.0,,4.0,1,1.0,1,11,Afternoon,1.0,1,0,1,1
-1.21684,54.68531,2,2,1,6,30,16.0,2.0,1.0,1,1.0,1,10,Afternoon,1.0,1,0,3,1
-0.34532,51.54502,1,1,3,6,20,13.0,4.0,4.0,2,2.0,1,3,Evening,1.0,1,0,1,1
-1.96302,53.89584,2,1,1,6,30,0.0,,4.0,1,1.0,2,3,Night,0.5,1,0,3,1
-5.05282,50.26371,1,1,4,6,20,0.0,,1.0,1,1.0,1,11,Afternoon,1.0,0,1,1,0
-0.07695,51.53291,2,1,3,6,20,13.0,4.0,4.0,2,2.0,1,9,Afternoon,0.5,1,0,4,1
-4.97916,51.99538,1,1,5,6,20,19.0,2.0,1.0,1,1.0,2,8,Afternoon,1.0,1,0,4,1
-0.05891,52.21944,2,1,3,6,20,0.0,,4.0,1,1.0,2,3,Evening,0.5,1,0,1,1
-0.46237,51.73294,2,1,2,6,30,16.0,4.0,4.0,1,2.0,1,12,Evening,0.5,1,0,4,4
0.06734,51.55279,1,3,2,9,30,0.0,,4.0,1,1.0,1,12,Afternoon,3.0,0,0,4,0
-0.18599,54.09005,3,2,3,6,30,0.0,,1.0,1,1.0,1,1,Morning,0.6666666666666666,1,0,3,1
-2.53745,51.52823,1,1,7,6,30,0.0,4.0,1.0,1,1.0,1,7,Afternoon,1.0,1,0,1,1
-3.04314,51.57532,2,1,1,1,20,0.0,4.0,1.0,1,1.0,2,8,Afternoon,0.5,1,0,4,1
-2.00304,52.60047,1,1,3,6,30,18.0,4.0,4.0,1,1.0,1,11,Afternoon,1.0,1,0,1,1
-1.14339,52.62666,2,1,1,6,30,,4.0,1.0,1,1.0,1,3,Morning,0.5,1,0,1,1
-0.19252,51.48036,1,1,3,9,20,13.0,4.0,1.0,9,1.0,1,8,Afternoon,1.0,1,0,4,1
-4.07746,55.69233,2,1,2,6,60,13.0,4.0,1.0,1,1.0,2,6,Afternoon,0.5,1,0,4,1
-2.95337,53.7393,1,1,7,6,20,18.0,4.0,1.0,1,1.0,1,1,Morning,1.0,1,0,1,1
-1.50696,54.54228,2,1,2,3,60,13.0,4.0,1.0,1,1.0,1,8,Afternoon,0.5,1,0,4,1
-1.08099,50.80137,2,1,3,6,20,18.0,4.0,1.0,1,1.0,1,10,Afternoon,0.5,1,0,1,1
0.55101,51.43832,2,1,1,6,30,0.0,,4.0,1,1.0,2,2,Evening,0.5,0,1,1,0
-2.26803,53.40677,1,1,3,6,30,16.0,2.0,1.0,1,1.0,1,3,Morning,1.0,1,0,4,3
-1.50873,54.99332,2,1,2,6,30,0.0,,1.0,1,1.0,1,7,Morning,0.5,0,1,1,0
-0.33348,51.57714,2,2,3,6,30,17.0,2.0,4.0,1,1.0,1,10,Evening,1.0,1,0,4,3
-2.45291,53.58368,1,1,1,6,20,19.0,4.0,1.0,1,1.0,1,4,Afternoon,1.0,1,0,1,1
-1.88407,52.54647,1,2,1,6,30,0.0,,1.0,1,2.0,1,9,Afternoon,2.0,0,1,1,0
-2.25061,52.37803,2,1,5,3,40,0.0,,1.0,1,2.0,1,2,Afternoon,0.5,1,0,4,1
-2.45144,53.41807,1,1,4,6,50,13.0,4.0,4.0,1,1.0,2,10,Evening,1.0,1,0,4,3
-1.47211,51.0081,4,1,7,6,30,0.0,,6.0,1,1.0,2,11,Night,0.25,0,0,1,0
-2.69912,51.48339,2,2,7,3,70,0.0,,1.0,2,2.0,2,3,Afternoon,1.0,0,0,6,0
-1.80384,52.42787,2,1,1,6,30,0.0,,4.0,1,1.0,1,4,Night,0.5,1,0,1,1
-0.07069,50.80761,1,1,1,6,40,0.0,,1.0,4,1.0,2,11,Afternoon,1.0,1,0,1,4
-3.55211,54.52967,2,1,1,6,30,0.0,,6.0,1,2.0,2,1,Evening,0.5,1,0,1,1
-3.25228,51.40864,2,1,3,6,40,13.0,4.0,1.0,1,1.0,1,7,Afternoon,0.5,1,0,1,1
1.19889,52.59137,1,1,2,3,70,0.0,,6.0,1,1.0,2,10,Night,1.0,0,1,4,0
-0.09043,51.55772,2,1,4,6,30,13.0,2.0,1.0,8,1.0,1,10,Morning,0.5,1,0,4,2
-2.15309,52.47369,2,1,2,6,30,0.0,,1.0,1,1.0,1,3,Morning,0.5,1,0,1,1
-1.88778,52.46471,2,1,7,6,30,13.0,4.0,1.0,1,1.0,1,6,Afternoon,0.5,1,0,1,1
-0.05552,51.52853,1,1,6,6,20,0.0,,4.0,1,1.0,1,11,Evening,1.0,0,0,4,0
-2.09433,52.9753,3,2,5,3,50,0.0,,1.0,1,1.0,1,1,Afternoon,0.6666666666666666,1,0,4,4
-1.24342,51.40336,1,1,6,6,40,0.0,,1.0,1,1.0,1,3,Afternoon,1.0,0,0,4,0
-0.08569,51.52622,2,1,7,6,20,,9.0,1.0,1,1.0,1,5,Evening,0.5,1,0,4,1
-3.57716,54.56024,1,1,2,6,30,18.0,,4.0,1,1.0,1,5,Evening,1.0,1,0,1,1
0.22523,52.35837,2,2,4,6,60,0.0,,1.0,1,,2,8,Afternoon,1.0,1,0,4,1
-0.11403,51.46153,2,2,2,3,20,16.0,4.0,1.0,1,1.0,1,7,Evening,1.0,1,0,4,1
-1.4196,54.8886,2,2,5,3,60,0.0,,1.0,1,1.0,1,2,Morning,1.0,1,0,3,1
0.09927,51.77345,2,1,2,6,30,19.0,4.0,4.0,1,2.0,1,10,Evening,0.5,1,0,1,1
-1.91964,50.76944,2,1,4,1,30,0.0,4.0,1.0,1,1.0,1,6,Afternoon,0.5,1,0,4,4
-0.41916,51.88757,1,1,3,6,30,13.0,4.0,1.0,2,2.0,1,2,Morning,1.0,1,0,1,1
-0.05897,51.48037,2,1,6,6,30,13.0,4.0,1.0,8,1.0,1,8,Afternoon,0.5,1,0,4,1
-2.63157,53.71768,2,1,3,7,70,0.0,,1.0,1,1.0,2,7,Morning,0.5,1,0,6,6
-0.58616,52.37181,1,1,4,6,60,0.0,,1.0,1,1.0,2,6,Afternoon,1.0,0,1,2,0
-1.8924,50.76303,1,1,2,6,30,13.0,4.0,4.0,2,2.0,1,10,Evening,1.0,1,0,1,1
-1.19828,53.56777,2,2,7,6,40,16.0,4.0,4.0,1,2.0,1,11,Evening,1.0,1,0,1,4
-2.92343,50.97122,2,2,2,6,60,13.0,4.0,6.0,5,2.0,2,12,Afternoon,1.0,1,0,1,1
-1.36898,51.04515,3,4,3,6,50,13.0,4.0,6.0,1,1.0,2,2,Evening,1.3333333333333333,1,0,4,1
0.47754,51.23138,2,1,4,6,60,13.0,4.0,1.0,1,1.0,2,6,Morning,0.5,1,0,1,1
-0.24917,51.5478,1,1,6,6,20,13.0,4.0,1.0,2,2.0,1,10,Afternoon,1.0,1,0,4,1
0.46927,51.73459,1,2,6,6,20,0.0,,4.0,2,2.0,1,12,Evening,2.0,1,0,4,1
-2.64293,50.93977,2,2,6,6,30,16.0,4.0,1.0,1,1.0,1,7,Morning,1.0,1,0,1,1
-0.21536,51.51788,2,1,4,6,20,,9.0,1.0,1,1.0,1,4,Evening,0.5,1,0,3,1
-1.75982,54.97198,1,1,4,6,30,0.0,,4.0,1,2.0,1,12,Night,1.0,1,0,1,1
-2.19292,53.0439,2,1,3,2,30,13.0,4.0,4.0,1,1.0,1,11,Evening,0.5,1,0,3,1
-4.07472,53.18914,1,1,2,6,40,13.0,4.0,6.0,1,1.0,2,8,Night,1.0,1,0,1,1
-0.75055,52.26685,1,1,2,6,30,13.0,4.0,4.0,1,1.0,2,12,Afternoon,1.0,1,0,1,1
-1.81682,53.80294,1,1,2,6,30,13.0,4.0,1.0,1,1.0,1,9,Afternoon,1.0,1,0,1,1
-1.71737,53.27846,1,1,5,6,50,0.0,,6.0,1,1.0,2,12,Night,1.0,0,1,4,0
-1.24879,50.91832,2,1,6,6,50,13.0,4.0,6.0,1,1.0,2,5,Evening,0.5,1,0,4,1
-1.82412,53.65478,2,1,4,6,30,0.0,,1.0,1,1.0,1,5,Afternoon,0.5,1,0,1,1
-2.33874,53.83497,1,1,3,6,30,0.0,,1.0,1,1.0,2,6,Afternoon,1.0,0,1,1,0
-4.26506,55.87343,1,1,7,3,30,16.0,4.0,4.0,2,2.0,1,2,Evening,1.0,1,0,1,1
0.1844,53.15287,1,1,3,6,60,0.0,,6.0,2,2.0,2,11,Morning,1.0,0,0,3,0
0.86025,51.12952,2,1,3,3,30,,4.0,4.0,1,1.0,1,10,Evening,0.5,1,0,1,1
-1.47403,52.85741,2,1,4,6,60,13.0,4.0,1.0,1,1.0,2,7,Evening,0.5,1,0,1,1
-0.34431,51.47425,2,1,2,6,30,13.0,4.0,1.0,1,2.0,1,4,Afternoon,0.5,1,0,4,1
-1.88598,52.44581,1,1,4,6,30,0.0,,1.0,1,1.0,1,9,Morning,1.0,0,1,1,0
-1.16495,52.57314,1,1,1,6,30,13.0,4.0,4.0,1,1.0,1,4,Evening,1.0,1,0,2,1
0.20829,51.24268,2,1,4,6,40,0.0,,1.0,1,1.0,2,7,Morning,0.5,0,1,4,0
-1.21816,51.17866,1,3,7,3,70,0.0,,1.0,2,5.0,2,3,Afternoon,3.0,0,0,6,0
-0.18853,51.11255,2,1,3,3,30,0.0,,1.0,8,1.0,1,8,Afternoon,0.5,1,0,4,1
-1.85966,53.72725,2,1,2,6,30,0.0,,4.0,1,1.0,1,7,Night,0.5,0,1,1,0
-1.29429,52.48547,2,1,7,6,60,0.0,,1.0,1,1.0,2,6,Afternoon,0.5,0,1,4,0
-1.67306,54.99004,2,1,4,3,30,0.0,,1.0,1,1.0,1,5,Afternoon,0.5,0,1,4,0
-0.18327,51.36284,1,1,7,6,20,13.0,4.0,1.0,1,1.0,1,7,Afternoon,1.0,1,0,1,4
0.12116,51.41376,2,1,2,6,30,18.0,4.0,1.0,1,2.0,1,12,Morning,0.5,1,0,4,1
-0.76972,53.7478,1,1,4,6,60,0.0,,6.0,8,2.0,2,4,Night,1.0,1,0,3,1
-1.87737,51.8388,2,3,7,6,60,0.0,,6.0,5,2.0,2,12,Evening,1.5,0,1,1,0
0.2433,53.10798,1,1,7,6,30,13.0,4.0,5.0,1,1.0,2,9,Evening,1.0,1,0,1,2
-3.13308,51.73684,2,1,3,6,20,13.0,4.0,1.0,1,2.0,1,10,Afternoon,0.5,1,0,1,1
-0.12734,51.38801,2,1,6,6,20,13.0,4.0,4.0,1,1.0,1,1,Afternoon,0.5,1,0,4,1
-0.11266,51.46746,1,1,1,6,20,19.0,4.0,1.0,8,1.0,1,6,Afternoon,1.0,1,0,4,1
-4.23728,57.48782,1,1,6,6,20,0.0,,1.0,1,1.0,1,9,Afternoon,1.0,1,0,1,1
-2.79002,53.36114,1,1,2,3,70,0.0,,4.0,2,2.0,2,9,Night,1.0,0,0,4,0
-1.01829,51.46112,2,1,2,6,30,0.0,,1.0,1,1.0,1,5,Afternoon,0.5,0,0,1,0
-0.53453,51.5828,2,1,4,3,70,0.0,,1.0,1,1.0,2,7,Morning,0.5,0,0,6,0
-2.20256,53.53903,2,1,6,6,30,16.0,4.0,4.0,1,1.0,1,4,Evening,0.5,1,0,4,1
-2.64709,53.46814,2,1,6,6,30,13.0,4.0,1.0,1,1.0,1,9,Morning,0.5,1,0,3,1
0.79434,52.03089,2,2,2,6,30,13.0,4.0,6.0,1,1.0,2,12,Afternoon,1.0,1,0,4,1
-0.8915,51.04176,1,1,7,6,30,0.0,,1.0,1,1.0,2,3,Afternoon,1.0,0,0,3,0
0.03777,51.53088,3,1,5,6,20,13.0,4.0,1.0,1,1.0,1,9,Morning,0.3333333333333333,1,0,3,1
-2.68901,54.56939,1,3,7,3,70,0.0,,1.0,1,1.0,2,1,Morning,3.0,0,1,6,0
0.11028,51.46975,1,1,5,6,30,13.0,4.0,1.0,8,2.0,1,9,Afternoon,1.0,1,0,4,1
-2.12064,52.48642,2,1,1,6,30,13.0,4.0,1.0,2,2.0,1,9,Afternoon,0.5,1,0,4,1
0.56328,51.53542,2,1,6,3,30,,4.0,4.0,7,2.0,2,12,Afternoon,0.5,1,0,4,4
-2.71212,53.45062,1,1,7,6,30,0.0,,4.0,1,2.0,1,1,Evening,1.0,0,0,1,0
0.53489,51.37727,1,1,4,6,30,13.0,4.0,1.0,1,1.0,1,11,Afternoon,1.0,1,0,1,1
-0.54497,50.80845,1,1,4,6,30,13.0,4.0,1.0,1,1.0,1,8,Afternoon,1.0,1,0,1,1
-0.08065,53.55988,2,1,5,6,30,16.0,4.0,1.0,1,1.0,1,9,Afternoon,0.5,1,0,1,1
-0.75572,51.63199,1,1,1,3,30,0.0,,1.0,2,2.0,1,3,Afternoon,1.0,0,0,4,0
-0.85875,53.55174,2,1,5,6,60,19.0,4.0,1.0,1,1.0,2,6,Afternoon,0.5,1,0,1,1
-2.71759,53.6809,3,2,2,6,30,19.0,,1.0,1,1.0,2,7,Afternoon,0.6666666666666666,1,0,3,1
-1.20057,51.57311,2,1,6,6,20,13.0,4.0,1.0,1,1.0,2,6,Morning,0.5,1,0,1,1
-3.39332,51.94786,1,1,5,6,20,16.0,2.0,4.0,1,1.0,2,11,Evening,1.0,1,0,1,3
-1.60319,52.27396,2,3,1,6,30,13.0,4.0,1.0,1,1.0,2,1,Afternoon,1.5,1,0,4,1
-0.56562,51.3908,3,1,1,3,50,0.0,,1.0,1,1.0,2,9,Afternoon,0.3333333333333333,0,1,6,0
-0.92098,52.21564,2,4,4,6,40,13.0,4.0,1.0,1,1.0,1,7,Morning,2.0,1,0,2,1
-1.48691,53.71475,2,1,1,6,30,0.0,,4.0,1,1.0,1,5,Evening,0.5,1,0,1,1
-1.78747,52.16451,2,1,5,6,30,0.0,,1.0,1,1.0,2,1,Afternoon,0.5,1,0,1,1
-2.29709,53.55349,1,1,4,3,30,16.0,2.0,1.0,1,1.0,1,6,Afternoon,1.0,1,0,4,3
-0.29735,52.02681,2,1,6,6,60,0.0,,1.0,8,1.0,2,8,Afternoon,0.5,0,1,4,0
-1.75617,53.91841,2,1,4,1,40,,4.0,1.0,1,1.0,2,6,Evening,0.5,1,0,4,4
-0.74306,51.39331,2,1,2,1,30,0.0,4.0,1.0,1,1.0,1,11,Morning,0.5,1,0,1,1
-4.9465,56.66441,1,1,7,6,60,0.0,,1.0,1,1.0,2,6,Afternoon,1.0,1,0,4,1
-0.05356,51.41245,1,1,2,6,30,13.0,4.0,1.0,1,1.0,1,5,Afternoon,1.0,1,0,4,1
-3.15847,54.80229,1,1,6,6,60,0.0,,1.0,1,1.0,2,5,Evening,1.0,1,0,1,4
0.35474,51.47849,2,1,5,6,40,13.0,4.0,1.0,4,1.0,2,3,Afternoon,0.5,1,0,4,4
-1.9751,52.55544,4,1,5,3,40,0.0,,1.0,1,1.0,2,11,Afternoon,0.25,0,1,4,0
-0.22096,51.65148,2,1,5,6,30,,9.0,1.0,9,9.0,1,8,Afternoon,0.5,1,0,4,1
-1.09663,50.90228,1,1,4,6,60,0.0,,6.0,1,2.0,2,1,Morning,1.0,0,0,1,0
-1.38795,50.91188,2,1,4,6,30,16.0,2.0,1.0,1,1.0,1,11,Morning,0.5,1,0,4,1
-3.05526,53.80333,2,1,7,6,30,19.0,4.0,4.0,1,1.0,1,11,Afternoon,0.5,1,0,1,4
-2.11205,52.50186,2,1,3,3,40,0.0,,1.0,1,1.0,1,8,Morning,0.5,0,1,1,0
-0.97515,53.61694,2,1,3,3,30,0.0,,1.0,1,1.0,1,8,Morning,0.5,1,0,4,1
-1.51385,51.20732,1,1,2,3,70,0.0,,1.0,2,2.0,2,4,Afternoon,1.0,0,0,4,0
-0.33138,51.07173,2,1,2,6,30,13.0,4.0,1.0,1,1.0,1,7,Morning,0.5,1,0,1,1
0.40875,52.24651,2,2,1,6,30,13.0,4.0,1.0,2,2.0,1,3,Morning,1.0,1,0,4,4
-2.07691,52.58396,4,3,6,3,40,0.0,,4.0,1,1.0,1,11,Afternoon,0.75,1,0,4,1
-1.56368,54.03214,3,2,3,6,60,0.0,,6.0,1,2.0,2,1,Afternoon,0.6666666666666666,0,0,4,0
-0.16812,51.58383,2,1,3,3,50,16.0,2.0,1.0,1,1.0,1,1,Afternoon,0.5,1,0,2,4
0.1838,51.58046,2,1,5,1,30,0.0,4.0,4.0,1,1.0,1,12,Evening,0.5,1,0,4,2
-2.59648,53.51437,1,1,1,6,30,19.0,2.0,1.0,1,2.0,1,7,Morning,1.0,1,0,4,1
-2.12952,53.5396,1,1,1,6,30,0.0,,1.0,1,1.0,1,7,Afternoon,1.0,1,0,4,1
-2.83487,53.18293,1,1,3,6,20,0.0,,1.0,1,1.0,1,12,Morning,1.0,0,1,2,0
-1.5597,55.05453,2,2,7,3,70,0.0,,1.0,1,1.0,2,8,Evening,1.0,0,1,4,0
-1.06373,50.80932,2,2,1,6,30,13.0,4.0,1.0,1,1.0,1,11,Morning,1.0,1,0,4,1
-0.07985,51.51809,1,1,6,6,20,0.0,,1.0,1,1.0,1,1,Afternoon,1.0,1,0,4,1
-0.29454,51.40794,2,1,4,9,20,13.0,2.0,1.0,1,1.0,1,1,Afternoon,0.5,1,0,2,2
0.05061,51.56968,2,2,7,3,50,0.0,,1.0,1,1.0,1,10,Afternoon,1.0,0,0,4,0
-4.04332,50.37142,1,1,7,6,30,13.0,4.0,4.0,1,1.0,2,9,Evening,1.0,1,0,1,1
-2.11449,52.47414,2,1,1,1,30,,4.0,1.0,1,1.0,1,6,Morning,0.5,1,0,4,4
-1.79707,53.78587,1,1,2,6,30,13.0,4.0,7.0,1,1.0,1,8,Evening,1.0,1,0,1,1
-1.1389,54.58128,2,1,5,3,70,,2.0,1.0,1,1.0,1,8,Afternoon,0.5,1,0,4,1
-1.16701,52.95858,2,1,7,6,30,13.0,4.0,1.0,1,1.0,1,12,Morning,0.5,1,0,4,1
0.15184,51.27961,1,1,6,7,70,0.0,,1.0,1,2.0,2,9,Morning,1.0,1,0,4,4
-4.13367,57.40526,1,1,7,3,70,0.0,,1.0,1,1.0,2,6,Evening,1.0,0,1,4,0
-0.29848,51.37947,3,2,6,6,20,19.0,4.0,1.0,1,1.0,1,4,Afternoon,0.6666666666666666,1,0,1,1
-0.38492,51.47247,2,2,6,6,30,13.0,4.0,5.0,1,1.0,1,5,Morning,1.0,1,0,4,1
-1.24652,53.09918,1,1,5,6,30,0.0,,1.0,9,,1,5,Afternoon,1.0,0,1,3,0
-6.31817,57.31012,2,2,6,6,60,0.0,,1.0,1,1.0,2,9,Afternoon,1.0,0,1,4,0
-5.09705,50.21455,2,1,6,3,50,,4.0,1.0,1,1.0,2,3,Afternoon,0.5,1,0,4,4
-0.24096,51.37825,2,1,4,9,30,0.0,,1.0,1,1.0,1,6,Afternoon,0.5,0,0,4,0
-3.727,53.29464,1,1,5,6,20,13.0,4.0,1.0,1,1.0,1,10,Morning,1.0,1,0,4,1
-0.76713,51.6139,2,1,6,3,40,0.0,,1.0,1,2.0,2,11,Morning,0.5,0,0,4,0
-2.37729,53.21907,2,1,5,6,50,16.0,4.0,1.0,1,1.0,2,9,Afternoon,0.5,1,0,4,2
-1.3521,50.92744,1,1,5,6,30,0.0,4.0,1.0,1,2.0,1,7,Morning,1.0,1,0,1,1
-1.70839,53.74591,2,1,2,3,70,0.0,,1.0,1,1.0,2,10,Morning,0.5,0,1,6,0
-0.27981,51.53873,2,1,5,3,50,0.0,,1.0,1,1.0,1,10,Afternoon,0.5,0,0,4,0
1.42094,52.06633,2,1,3,6,40,0.0,,5.0,1,1.0,2,7,Evening,0.5,0,1,1,0
-1.31962,53.27612,2,3,6,6,40,16.0,2.0,1.0,1,1.0,1,6,Morning,1.5,1,0,4,3
-3.84979,51.6487,3,2,3,3,70,0.0,,1.0,1,1.0,2,6,Afternoon,0.6666666666666666,0,0,6,0
-0.40656,51.50485,2,2,7,3,40,0.0,,1.0,1,1.0,1,7,Afternoon,1.0,0,0,4,0
-2.75559,52.69228,2,1,2,6,40,13.0,2.0,1.0,1,1.0,1,5,Morning,0.5,1,0,4,3
-2.47298,51.7639,2,2,2,6,60,0.0,,1.0,1,1.0,2,8,Afternoon,1.0,1,0,4,1
-0.41007,54.28281,2,1,6,6,30,0.0,4.0,1.0,1,1.0,1,10,Afternoon,0.5,1,0,4,1
-1.29425,50.68809,2,1,2,6,30,0.0,,1.0,1,2.0,1,5,Afternoon,0.5,0,0,1,0
-2.92012,54.50572,1,1,7,6,60,0.0,,1.0,1,1.0,2,5,Afternoon,1.0,0,1,4,0
-2.14767,52.45982,1,1,7,6,30,0.0,,4.0,1,1.0,1,7,Evening,1.0,0,1,4,0
-4.26253,55.86305,2,1,1,6,20,16.0,4.0,1.0,1,1.0,1,6,Afternoon,0.5,1,0,1,1
-0.01814,51.43606,2,1,3,3,30,16.0,2.0,1.0,1,1.0,1,5,Morning,0.5,1,0,4,1
-1.44194,53.40476,2,1,1,6,30,19.0,4.0,4.0,2,2.0,1,12,Evening,0.5,1,0,1,1
-1.63549,54.96326,3,3,5,3,30,13.0,2.0,1.0,1,1.0,1,9,Afternoon,1.0,1,0,4,1
-1.51969,52.42146,1,1,6,6,30,13.0,4.0,4.0,1,1.0,1,9,Evening,1.0,1,0,3,1
0.29268,51.78501,2,1,5,6,60,13.0,4.0,1.0,1,1.0,2,7,Afternoon,0.5,1,0,1,3
-2.2594,53.49613,2,1,2,6,30,16.0,2.0,4.0,1,1.0,1,1,Evening,0.5,1,0,4,1
-2.78585,57.44741,1,1,7,6,30,0.0,,1.0,1,2.0,1,10,Afternoon,1.0,1,0,4,1
-1.94733,52.26963,1,1,5,6,60,0.0,,6.0,1,1.0,2,6,Evening,1.0,1,0,1,1
0.02763,51.51246,1,1,5,6,20,,9.0,1.0,8,1.0,1,8,Morning,1.0,1,0,1,1
-0.1261,51.55148,2,1,1,3,20,16.0,2.0,1.0,1,1.0,1,1,Morning,0.5,1,0,4,1
-0.7851,51.98927,2,1,3,3,70,0.0,4.0,1.0,1,1.0,2,7,Morning,0.5,1,0,4,3
-1.69363,54.9849,3,1,5,3,60,0.0,,1.0,1,1.0,1,6,Evening,0.3333333333333333,0,1,4,0
0.97833,51.88744,2,3,1,6,60,0.0,,1.0,1,1.0,2,4,Afternoon,1.5,1,0,1,1
-5.04109,50.26723,2,1,5,3,30,16.0,2.0,1.0,2,2.0,1,11,Morning,0.5,1,0,4,1
-0.44313,53.81577,1,1,6,6,60,0.0,,1.0,2,2.0,2,2,Morning,1.0,1,0,4,4
-1.59959,55.13132,2,2,3,1,30,,4.0,1.0,1,1.0,1,11,Afternoon,1.0,1,0,4,4
-1.19592,50.84504,1,1,6,6,30,0.0,,1.0,1,1.0,1,10,Morning,1.0,0,0,1,0
-2.4353,53.08224,1,1,6,6,30,13.0,4.0,1.0,1,2.0,1,5,Evening,1.0,1,0,3,1
-2.99228,52.87976,2,1,4,6,60,19.0,4.0,1.0,1,1.0,2,4,Morning,0.5,1,0,4,1
-0.37781,51.50689,1,1,3,6,20,19.0,9.0,1.0,8,1.0,1,6,Afternoon,1.0,1,0,4,1
-1.95266,52.18937,1,4,2,6,60,0.0,,6.0,1,1.0,2,8,Evening,4.0,0,1,1,0
-2.29877,52.37867,2,2,7,6,60,0.0,,1.0,1,1.0,2,6,Afternoon,1.0,0,1,4,0
-1.56354,53.80723,2,1,3,6,20,16.0,4.0,1.0,1,1.0,1,3,Afternoon,0.5,1,0,1,1
-2.5425,51.28197,2,1,6,6,30,0.0,,1.0,2,2.0,2,2,Afternoon,0.5,0,0,4,0
-0.21824,51.55266,2,1,4,6,20,13.0,4.0,4.0,1,1.0,1,2,Night,0.5,1,0,4,4
-2.10275,51.87579,1,3,7,6,40,0.0,,4.0,1,1.0,2,3,Evening,3.0,1,0,4,1
-2.42848,52.65432,2,1,4,3,30,,4.0,1.0,1,1.0,2,9,Morning,0.5,1,0,1,1
-1.55207,54.53846,3,1,7,6,30,13.0,4.0,1.0,1,1.0,1,8,Morning,0.3333333333333333,1,0,4,1
-2.51635,53.43047,2,1,3,1,30,0.0,4.0,1.0,1,1.0,1,8,Morning,0.5,1,0,1,1
-0.25024,51.50486,2,1,6,6,20,,9.0,1.0,8,1.0,1,4,Morning,0.5,1,0,1,1
-1.07139,50.83719,5,3,2,3,70,0.0,,1.0,1,1.0,1,3,Morning,0.6,0,0,6,0
-2.92007,54.88565,1,1,5,6,30,13.0,4.0,1.0,1,1.0,1,5,Afternoon,1.0,1,0,4,1
-0.05784,51.52732,4,1,5,6,20,16.0,4.0,4.0,1,1.0,1,9,Night,0.25,1,0,4,1
-0.54573,51.31906,2,1,2,6,30,16.0,9.0,1.0,1,1.0,1,9,Morning,0.5,1,0,1,1
-1.88347,51.30917,1,1,4,6,60,0.0,,6.0,1,2.0,2,11,Evening,1.0,0,0,4,0
-1.59109,54.78958,2,1,5,1,30,,4.0,4.0,1,2.0,1,2,Evening,0.5,1,0,1,3
-0.47383,52.13404,2,1,2,6,30,19.0,4.0,1.0,1,2.0,1,4,Afternoon,0.5,1,0,4,1
-3.87194,55.67065,1,1,5,6,60,0.0,,1.0,1,1.0,2,7,Afternoon,1.0,0,1,1,0
-2.51741,52.69435,1,1,2,6,30,13.0,4.0,1.0,1,1.0,1,9,Afternoon,1.0,1,0,3,1
-2.82461,53.41475,2,1,7,6,30,0.0,,4.0,1,1.0,1,7,Evening,0.5,0,0,1,0
-3.12951,51.63564,2,1,7,6,30,0.0,,4.0,1,1.0,1,6,Evening,0.5,0,0,3,0
-0.14353,51.46498,2,1,1,6,30,,9.0,1.0,4,1.0,1,2,Afternoon,0.5,1,0,1,1
-0.23474,51.76246,2,2,5,6,30,16.0,4.0,4.0,1,2.0,1,10,Evening,1.0,1,0,1,1
-0.27077,51.53108,1,2,7,1,30,0.0,4.0,4.0,2,2.0,1,4,Evening,2.0,1,0,2,1
-1.39571,50.9171,2,4,3,6,30,13.0,4.0,4.0,1,1.0,1,7,Evening,2.0,1,0,4,1
-3.95717,52.33355,2,1,7,6,60,0.0,,1.0,1,2.0,2,5,Morning,0.5,0,1,1,0
0.53288,50.92478,2,1,1,6,40,19.0,4.0,1.0,1,1.0,2,9,Morning,0.5,1,0,3,3
-1.91867,52.29118,1,1,7,6,30,13.0,4.0,1.0,1,1.0,1,7,Afternoon,1.0,1,0,1,1
0.24511,51.71464,2,1,6,6,30,13.0,4.0,4.0,1,1.0,2,2,Evening,0.5,1,0,3,1
-1.2979,51.08863,2,1,6,6,30,13.0,4.0,4.0,1,1.0,2,7,Evening,0.5,1,0,3,1
-0.05804,51.25854,1,2,2,3,70,,4.0,4.0,1,2.0,2,10,Night,2.0,1,0,6,4
-0.12273,51.46696,2,1,5,6,20,,3.0,1.0,2,2.0,1,4,Morning,0.5,1,0,1,1
-1.5255,53.73374,2,3,4,3,70,0.0,,1.0,1,1.0,1,8,Morning,1.5,1,0,6,6
-1.1908,52.9512,1,2,3,3,40,0.0,,4.0,8,2.0,1,10,Evening,2.0,1,0,4,1
0.52321,51.61071,2,1,7,1,30,,9.0,1.0,1,2.0,1,12,Afternoon,0.5,1,0,4,4
-0.07155,51.54166,2,1,3,9,20,16.0,4.0,4.0,8,1.0,1,10,Afternoon,0.5,1,0,1,1
-1.91926,50.75569,1,1,3,6,30,0.0,,4.0,1,2.0,1,1,Evening,1.0,0,0,1,0
-0.04118,51.44109,2,1,7,6,30,0.0,,1.0,1,2.0,1,7,Evening,0.5,0,0,1,0
-2.85314,53.50394,1,2,7,6,40,0.0,,6.0,7,1.0,2,10,Night,2.0,1,0,1,1
-0.41552,53.74098,4,3,7,6,30,0.0,,1.0,1,1.0,1,9,Afternoon,0.75,1,0,1,1
-0.1975,50.83475,1,1,6,6,20,16.0,4.0,7.0,9,1.0,1,3,Afternoon,1.0,1,0,1,1
-0.14957,51.44617,2,1,7,6,20,,9.0,1.0,1,1.0,1,7,Morning,0.5,1,0,4,1
-1.61236,54.95687,2,1,4,6,30,13.0,4.0,1.0,1,1.0,1,5,Afternoon,0.5,1,0,3,1
-1.02741,50.89856,1,1,1,6,30,0.0,,1.0,1,1.0,1,1,Afternoon,1.0,0,0,1,0
0.02613,52.65699,1,1,4,6,50,0.0,,1.0,1,1.0,2,6,Morning,1.0,1,0,3,1
-2.35122,53.56436,2,1,7,1,30,,,4.0,1,2.0,1,3,Evening,0.5,1,0,4,4
-3.20906,51.78109,2,1,2,6,20,16.0,4.0,1.0,2,2.0,1,8,Afternoon,0.5,1,0,1,1
-2.68464,53.77788,1,1,6,6,30,19.0,4.0,1.0,1,1.0,1,9,Afternoon,1.0,1,0,3,1
-2.96123,53.42978,1,2,5,6,30,13.0,4.0,4.0,1,1.0,1,12,Evening,2.0,1,0,4,1
-0.05647,51.52055,2,1,3,6,20,18.0,2.0,1.0,1,1.0,1,6,Morning,0.5,1,0,4,1
-0.7058,52.33568,2,1,2,9,60,0.0,,4.0,8,1.0,2,11,Afternoon,0.5,0,1,4,0
-3.2765,55.90663,2,3,7,3,70,0.0,,6.0,1,1.0,1,9,Evening,1.5,1,0,4,4
-1.84569,52.5222,2,1,7,6,30,18.0,4.0,4.0,1,1.0,1,6,Night,0.5,1,0,4,1
-1.13664,52.60953,2,1,5,6,30,0.0,,1.0,1,1.0,1,6,Morning,0.5,0,1,3,0
-0.43422,51.9637,1,1,7,3,70,0.0,,1.0,4,1.0,2,4,Morning,1.0,0,1,4,0
-2.40267,51.37184,2,2,3,6,40,0.0,,1.0,2,2.0,1,5,Morning,1.0,0,0,1,0
-3.51269,52.27882,1,1,6,6,60,0.0,,1.0,1,4.0,2,1,Morning,1.0,0,1,4,0
1.3407,52.33018,1,1,5,6,60,16.0,4.0,1.0,1,1.0,2,5,Afternoon,1.0,1,0,1,3
0.11596,53.17796,1,1,6,6,60,0.0,,1.0,1,1.0,2,6,Morning,1.0,0,0,2,0
-0.42347,51.37082,2,1,4,1,30,,4.0,1.0,1,1.0,1,6,Morning,0.5,1,0,4,3
-0.05275,51.47298,2,1,7,3,30,,2.0,1.0,2,2.0,1,12,Morning,0.5,1,0,4,3
0.67113,51.73653,3,2,5,6,60,0.0,,1.0,1,1.0,2,1,Afternoon,0.6666666666666666,0,1,4,0
1.12383,51.37061,2,1,2,6,20,0.0,,1.0,1,1.0,1,8,Morning,0.5,1,0,1,1
-0.13064,51.56424,2,1,4,6,20,13.0,4.0,1.0,2,2.0,1,2,Morning,0.5,1,0,4,2
-0.15097,51.48812,2,1,2,6,20,,4.0,4.0,1,1.0,1,9,Evening,0.5,1,0,3,1
0.0429,51.40558,2,1,5,9,20,0.0,,1.0,9,9.0,1,6,Morning,0.5,0,0,2,0
-0.01477,51.52338,2,1,5,6,30,16.0,2.0,4.0,1,1.0,1,3,Evening,0.5,1,0,3,1
-2.29247,51.71377,2,1,5,6,60,0.0,,1.0,1,1.0,2,5,Afternoon,0.5,0,1,3,0
-0.25579,51.39843,2,1,6,1,20,0.0,4.0,1.0,1,1.0,1,9,Evening,0.5,1,0,4,3
-0.35433,51.4291,2,1,3,9,20,16.0,2.0,4.0,1,1.0,1,8,Evening,0.5,1,0,4,4
0.24306,50.85283,1,1,7,3,70,0.0,,4.0,2,2.0,2,6,Night,1.0,1,0,4,4
-1.72539,53.81357,3,1,5,6,30,13.0,4.0,4.0,1,1.0,1,12,Night,0.3333333333333333,1,0,4,1
1.14424,51.78936,2,1,2,6,30,0.0,,1.0,1,1.0,1,2,Morning,0.5,1,0,1,1
-0.78112,52.0212,2,1,4,6,30,0.0,,1.0,1,9.0,1,11,Morning,0.5,0,0,1,0
-0.05096,51.60492,2,1,4,6,30,18.0,4.0,1.0,1,1.0,1,4,Morning,0.5,1,0,1,1
-1.29289,51.07078,2,1,3,6,30,0.0,2.0,4.0,1,4.0,1,1,Evening,0.5,1,0,6,4
-0.03317,51.54644,1,1,6,3,40,0.0,4.0,1.0,2,2.0,1,5,Morning,1.0,1,0,4,4
-0.07397,51.49317,2,1,2,2,20,13.0,2.0,1.0,1,1.0,1,9,Morning,0.5,1,0,4,3
-1.29631,51.75642,2,2,2,3,50,0.0,,1.0,1,1.0,2,2,Morning,1.0,0,0,4,0
-1.98255,54.60048,2,1,5,6,60,0.0,,1.0,1,2.0,2,1,Morning,0.5,1,0,3,3
1.44515,51.35921,1,1,6,6,20,0.0,,4.0,1,1.0,1,6,Evening,1.0,1,0,1,1
-1.11464,52.16992,3,2,5,6,60,0.0,,1.0,2,2.0,2,2,Morning,0.6666666666666666,0,1,2,0
-1.87371,52.46571,2,1,4,6,30,16.0,4.0,1.0,1,1.0,1,4,Evening,0.5,1,0,1,1
-2.8861,56.49069,1,2,7,6,30,0.0,,6.0,2,2.0,2,11,Night,2.0,1,0,3,3
-1.49336,53.81073,1,1,4,6,20,0.0,,1.0,1,1.0,1,6,Afternoon,1.0,1,0,1,1
-2.6341,53.54878,1,1,4,6,30,16.0,2.0,1.0,1,1.0,1,5,Afternoon,1.0,1,0,3,1
-1.08022,50.79745,2,1,7,6,40,0.0,,4.0,1,1.0,1,1,Evening,0.5,0,0,4,0
0.15177,51.49088,2,1,3,6,20,0.0,,1.0,9,9.0,1,6,Evening,0.5,0,0,3,0
-2.87464,53.55829,2,1,4,6,20,0.0,,1.0,1,1.0,1,4,Afternoon,0.5,1,0,4,1
-1.54834,52.78241,2,1,7,6,30,16.0,2.0,1.0,1,1.0,1,4,Afternoon,0.5,1,0,4,3
-2.58323,51.45572,2,1,1,1,30,0.0,2.0,1.0,1,1.0,1,6,Afternoon,0.5,1,0,4,4
-0.04887,51.52131,2,1,5,3,20,0.0,,4.0,1,1.0,1,10,Evening,0.5,0,0,4,0
-1.37439,53.50681,2,1,4,6,30,0.0,,4.0,1,1.0,1,2,Evening,0.5,0,1,3,0
-0.28468,51.27319,2,1,7,6,60,0.0,,6.0,1,1.0,2,1,Evening,0.5,0,1,1,0
-3.0859,53.37675,1,1,2,6,30,17.0,4.0,1.0,8,1.0,1,1,Morning,1.0,1,0,1,1
-1.53902,55.18685,1,1,7,3,70,19.0,4.0,4.0,2,2.0,2,2,Night,1.0,1,0,4,4
-1.88758,52.50215,2,1,7,6,30,16.0,2.0,1.0,1,1.0,1,10,Morning,0.5,1,0,1,1
-3.92791,55.77568,2,1,6,6,30,13.0,4.0,4.0,1,1.0,1,3,Evening,0.5,1,0,1,1
-0.29809,51.46146,2,1,7,6,20,16.0,2.0,1.0,8,1.0,1,11,Morning,0.5,1,0,4,3
-2.13767,51.37356,1,1,2,6,30,0.0,4.0,1.0,1,1.0,1,2,Afternoon,1.0,1,0,4,2
-2.4523,53.24457,1,1,7,6,50,0.0,,1.0,1,1.0,2,4,Afternoon,1.0,0,0,3,0
-1.46846,52.51432,2,1,2,1,50,,2.0,4.0,1,2.0,1,12,Evening,0.5,1,0,4,4
-2.59175,51.44226,2,1,4,6,20,0.0,,1.0,1,1.0,1,4,Morning,0.5,0,0,1,0
0.36586,51.50296,2,1,3,3,70,0.0,,1.0,2,2.0,2,5,Evening,0.5,0,1,4,0
-1.15025,53.47913,2,2,6,7,30,,4.0,1.0,1,1.0,2,7,Afternoon,1.0,1,0,6,6
-0.87948,51.07122,2,5,5,3,70,0.0,,6.0,1,1.0,2,5,Evening,2.5,0,0,4,0
-4.26203,55.8439,1,1,6,6,30,19.0,4.0,4.0,1,1.0,1,1,Evening,1.0,1,0,4,1
1.4419,52.77819,2,1,1,6,50,16.0,4.0,1.0,1,1.0,2,7,Afternoon,0.5,1,0,4,1
-1.89245,52.46462,2,1,6,7,30,19.0,2.0,1.0,1,1.0,1,3,Afternoon,0.5,1,0,1,4
0.0357,51.5297,1,1,1,3,30,13.0,4.0,1.0,1,2.0,1,10,Afternoon,1.0,1,0,4,1
-1.41222,52.13835,3,1,1,6,50,16.0,4.0,1.0,1,2.0,2,11,Afternoon,0.3333333333333333,1,0,3,1
-1.91119,53.86461,1,1,3,6,30,13.0,4.0,4.0,1,1.0,1,1,Afternoon,1.0,1,0,4,1
-1.09063,51.4315,2,1,2,6,60,0.0,4.0,1.0,1,1.0,2,12,Morning,0.5,1,0,4,1
-0.07919,51.68844,2,1,3,3,70,0.0,,1.0,1,1.0,2,5,Afternoon,0.5,0,0,6,0
-2.55728,51.44329,1,1,5,6,20,13.0,4.0,4.0,5,2.0,1,12,Afternoon,1.0,1,0,1,1
-1.52641,53.78095,3,1,2,3,30,0.0,,1.0,1,1.0,1,8,Afternoon,0.3333333333333333,1,0,4,1
-1.85224,52.46752,2,1,4,6,30,0.0,,1.0,2,2.0,1,3,Afternoon,0.5,1,0,1,1
-0.19111,51.49413,2,1,3,9,20,,9.0,1.0,1,1.0,1,7,Afternoon,0.5,1,0,1,1
-1.77306,53.80492,1,1,6,6,20,0.0,,1.0,1,2.0,1,1,Morning,1.0,1,0,1,4
-1.07854,52.64752,2,1,4,2,30,0.0,,1.0,1,1.0,1,6,Morning,0.5,0,1,1,0
-0.41324,51.88183,1,1,3,6,20,0.0,,1.0,1,1.0,1,11,Afternoon,1.0,1,0,1,1
-0.28665,51.55399,2,1,2,6,30,19.0,2.0,1.0,1,1.0,1,6,Evening,0.5,1,0,3,1
-0.70889,51.22821,2,1,5,6,40,0.0,,1.0,2,2.0,2,5,Afternoon,0.5,1,0,1,1
-1.74065,53.78754,2,1,5,1,40,,1.0,4.0,1,2.0,1,11,Night,0.5,1,0,4,4
-4.92815,50.30352,2,1,3,6,60,0.0,,6.0,1,4.0,2,1,Evening,0.5,1,0,1,1
-0.05446,51.6079,2,1,1,1,20,0.0,4.0,4.0,1,1.0,1,3,Evening,0.5,1,0,3,2
-0.74753,51.18717,2,4,5,6,30,0.0,,6.0,1,1.0,2,3,Evening,2.0,1,0,1,1
-0.36415,50.83461,2,1,3,7,30,0.0,,1.0,1,1.0,1,5,Morning,0.5,1,0,4,1
-1.43226,54.874,2,1,7,6,30,0.0,,1.0,1,1.0,1,11,Morning,0.5,0,1,1,0
-0.22963,53.08515,2,1,4,6,60,0.0,,1.0,1,1.0,2,3,Afternoon,0.5,0,0,4,0
-0.04832,51.65469,1,1,4,6,30,13.0,4.0,1.0,9,1.0,1,12,Morning,1.0,1,0,4,1
-0.10875,51.48045,2,1,4,6,30,0.0,,1.0,1,1.0,1,9,Morning,0.5,0,0,4,0
-1.31006,52.58284,2,1,7,6,30,13.0,4.0,1.0,1,1.0,2,6,Afternoon,0.5,1,0,2,2
-1.61361,53.7378,1,1,5,6,30,0.0,,4.0,1,1.0,1,11,Afternoon,1.0,1,0,4,1
-2.63543,51.41874,2,1,7,1,30,0.0,2.0,1.0,1,1.0,2,3,Afternoon,0.5,1,0,4,4
-1.52508,54.7342,2,1,2,6,30,0.0,,1.0,2,2.0,2,2,Afternoon,0.5,1,0,4,1
-0.50427,51.47754,4,3,5,3,70,0.0,,1.0,1,4.0,2,1,Morning,0.75,0,0,6,0
-0.98018,51.7567,2,1,4,6,30,13.0,4.0,1.0,1,1.0,2,8,Afternoon,0.5,1,0,3,1
-0.77463,53.04565,3,1,5,7,60,,4.0,1.0,1,1.0,2,10,Afternoon,0.3333333333333333,1,0,4,3
-0.05317,52.38835,3,1,5,6,60,0.0,,1.0,1,1.0,2,7,Afternoon,0.3333333333333333,0,1,3,0
-0.07833,51.61448,2,1,6,3,40,0.0,,1.0,2,2.0,1,3,Afternoon,0.5,0,0,4,0
-2.58642,53.39984,3,1,6,6,30,13.0,4.0,4.0,1,1.0,1,10,Evening,0.3333333333333333,1,0,1,1
-2.04657,52.36713,1,1,5,6,30,13.0,4.0,1.0,1,1.0,1,3,Morning,1.0,1,0,4,1
-0.02794,51.8142,1,1,3,6,30,19.0,4.0,1.0,1,1.0,1,2,Afternoon,1.0,1,0,1,1
-3.31358,51.51472,3,4,3,6,30,16.0,2.0,1.0,1,1.0,2,5,Afternoon,1.3333333333333333,1,0,4,1
-0.11833,50.86939,2,2,2,6,60,13.0,4.0,4.0,1,1.0,2,5,Night,1.0,1,0,1,1
-2.98692,55.94464,2,1,7,6,40,,2.0,1.0,1,2.0,2,1,Afternoon,0.5,1,0,4,4
-1.09177,50.79542,1,1,1,6,30,13.0,4.0,4.0,2,2.0,1,3,Night,1.0,1,0,4,1
-0.16917,51.6857,2,1,6,1,60,,4.0,1.0,1,2.0,2,4,Afternoon,0.5,1,0,4,4
-2.67182,51.62744,2,3,3,6,20,0.0,,1.0,1,1.0,1,4,Afternoon,1.5,0,0,1,0
-0.10214,51.61295,3,2,6,2,30,13.0,4.0,4.0,1,1.0,1,9,Evening,0.6666666666666666,1,0,2,1
-0.83291,52.25518,2,1,6,1,30,13.0,4.0,1.0,1,1.0,1,6,Afternoon,0.5,1,0,1,4
-3.39934,56.04672,2,3,4,3,70,0.0,,1.0,2,2.0,2,4,Afternoon,1.5,1,0,6,5
-0.04257,51.54841,2,1,7,9,20,13.0,4.0,1.0,8,1.0,1,3,Night,0.5,1,0,2,4
0.14599,52.2278,2,1,2,6,30,0.0,,4.0,1,,1,11,Afternoon,0.5,1,0,4,1
-0.1058,51.39652,2,1,3,6,20,13.0,4.0,1.0,1,1.0,1,2,Morning,0.5,1,0,3,2
-1.23934,50.70126,2,1,5,6,60,13.0,4.0,6.0,1,1.0,2,8,Evening,0.5,1,0,1,1
-3.01242,53.62265,2,1,7,6,30,16.0,4.0,1.0,5,2.0,1,12,Morning,0.5,1,0,4,1
-1.09842,52.97902,2,2,2,6,30,0.0,,1.0,1,1.0,1,5,Afternoon,1.0,1,0,1,1
0.21074,50.76001,2,1,4,6,40,0.0,,1.0,1,1.0,2,5,Morning,0.5,0,1,4,0
-0.0762,51.65216,2,1,3,6,20,13.0,2.0,1.0,8,2.0,1,7,Afternoon,0.5,1,0,4,4
-0.40976,51.44655,1,1,5,6,20,0.0,,4.0,2,2.0,1,2,Evening,1.0,0,0,4,0
0.15214,52.53608,1,1,4,6,60,0.0,,1.0,1,4.0,2,1,Morning,1.0,1,0,3,1
-1.96803,52.4619,2,2,1,6,30,0.0,,1.0,1,1.0,1,9,Afternoon,1.0,1,0,1,1
-0.04629,51.61122,4,1,6,3,40,0.0,,4.0,1,2.0,1,11,Evening,0.25,0,0,4,0
-0.25509,51.64281,2,1,6,1,30,0.0,2.0,1.0,1,1.0,1,1,Afternoon,0.5,1,0,4,4
0.54237,51.22911,2,1,4,6,40,13.0,4.0,6.0,2,2.0,2,12,Evening,0.5,1,0,3,1
-1.36573,52.2738,3,1,4,6,50,16.0,4.0,6.0,1,2.0,2,10,Morning,0.3333333333333333,1,0,4,1
-0.18791,53.84897,2,2,7,6,30,16.0,4.0,1.0,1,1.0,2,6,Afternoon,1.0,1,0,1,1
-2.52621,51.50519,2,1,6,1,50,0.0,2.0,1.0,1,1.0,2,4,Morning,0.5,1,0,4,4
-3.19662,51.65291,2,1,3,6,20,0.0,,1.0,1,1.0,1,6,Afternoon,0.5,0,0,1,0
-1.48212,52.5229,1,1,3,1,30,,4.0,4.0,1,1.0,1,7,Evening,1.0,1,0,3,1
-1.22324,54.55957,2,1,4,6,30,13.0,2.0,1.0,1,1.0,1,8,Morning,0.5,1,0,1,1
-2.95204,58.97967,1,1,7,6,30,13.0,4.0,4.0,4,1.0,1,12,Evening,1.0,1,0,1,1
-1.2289,52.94829,2,1,3,6,30,0.0,,1.0,1,1.0,1,5,Afternoon,0.5,1,0,1,1
-0.13528,51.51653,2,1,6,2,20,13.0,2.0,1.0,1,1.0,1,7,Afternoon,0.5,1,0,1,1
-1.55598,53.1367,1,1,2,6,30,0.0,,1.0,1,1.0,1,6,Afternoon,1.0,0,0,4,0
-2.45914,50.65266,2,1,6,1,30,0.0,4.0,1.0,1,1.0,2,2,Morning,0.5,1,0,4,4
-0.15152,51.3625,2,2,4,6,20,0.0,,4.0,1,2.0,1,4,Night,1.0,0,0,1,0
0.44365,51.56416,2,1,1,6,30,13.0,4.0,1.0,1,1.0,1,6,Evening,0.5,1,0,1,1
-2.21549,53.497,1,1,7,6,20,0.0,,1.0,1,1.0,1,3,Afternoon,1.0,1,0,1,1
-4.38242,55.8898,2,1,6,6,20,13.0,4.0,4.0,4,2.0,1,2,Afternoon,0.5,1,0,4,1
-1.24543,50.83563,2,1,1,6,60,0.0,,1.0,1,1.0,2,4,Afternoon,0.5,0,0,1,0
-2.62124,51.43394,1,1,5,6,20,0.0,,1.0,1,1.0,1,5,Afternoon,1.0,0,0,1,0
-1.83693,52.49515,1,1,3,6,30,0.0,,4.0,4,1.0,1,2,Night,1.0,0,1,3,0
-0.76109,51.6188,1,1,6,3,40,0.0,,1.0,8,2.0,1,6,Afternoon,1.0,0,0,4,0
-2.70009,53.76534,3,2,5,6,30,17.0,4.0,4.0,8,1.0,1,11,Afternoon,0.6666666666666666,1,0,1,4
-1.93594,52.46474,2,1,1,6,30,16.0,4.0,1.0,1,1.0,1,5,Afternoon,0.5,1,0,3,1
-0.07302,51.56696,1,1,3,6,20,13.0,4.0,1.0,1,1.0,1,5,Morning,1.0,1,0,4,1
-1.57633,53.05723,1,2,1,6,50,0.0,,6.0,2,2.0,2,9,Evening,2.0,0,0,3,0
-0.30299,51.73091,3,1,5,3,40,0.0,,4.0,2,,2,2,Afternoon,0.3333333333333333,1,0,4,4
-1.92335,53.9612,1,1,6,6,60,0.0,,1.0,1,1.0,2,4,Morning,1.0,0,0,4,0
-1.51799,53.72451,2,1,2,3,70,0.0,,1.0,1,1.0,2,11,Morning,0.5,1,0,6,6
-0.36312,52.7175,1,1,7,6,60,0.0,,6.0,2,2.0,2,12,Night,1.0,0,0,2,0
-2.98163,53.40452,1,1,1,6,30,0.0,,4.0,1,1.0,1,12,Night,1.0,0,0,3,0
-0.1129,51.5044,2,1,1,1,20,0.0,2.0,4.0,1,1.0,1,5,Night,0.5,1,0,4,4
1.28094,52.63805,2,2,1,6,30,13.0,4.0,4.0,2,2.0,1,11,Afternoon,1.0,1,0,1,1
-0.42568,51.43738,2,1,4,9,20,,9.0,7.0,9,9.0,1,6,Evening,0.5,1,0,4,3
-0.18689,51.48216,2,1,3,7,20,19.0,4.0,4.0,1,1.0,1,10,Evening,0.5,1,0,4,1
0.2822,51.13494,1,2,6,6,40,16.0,4.0,1.0,1,1.0,1,9,Afternoon,2.0,1,0,4,1
-1.51099,55.12872,1,1,6,6,20,19.0,4.0,1.0,1,1.0,1,7,Afternoon,1.0,1,0,1,1
0.18534,51.44679,1,1,4,6,30,13.0,4.0,6.0,1,1.0,1,6,Evening,1.0,1,0,1,1
-2.05413,52.57873,2,1,2,6,30,0.0,,1.0,2,2.0,1,7,Evening,0.5,0,1,3,0
0.42517,52.76128,2,1,6,6,30,13.0,4.0,1.0,1,1.0,1,5,Evening,0.5,1,0,4,1
-0.28734,51.46176,2,1,3,6,20,0.0,,4.0,1,1.0,1,7,Evening,0.5,0,0,4,0
-0.19313,51.501,1,1,2,3,20,16.0,2.0,4.0,1,2.0,1,10,Afternoon,1.0,1,0,4,2
-2.7304,52.21933,2,1,3,1,30,,4.0,1.0,1,1.0,1,8,Morning,0.5,1,0,1,1
-1.13626,53.979,2,1,4,1,60,0.0,4.0,1.0,1,1.0,2,5,Afternoon,0.5,1,0,4,1
-2.71614,54.24594,2,1,3,6,60,13.0,4.0,1.0,1,2.0,2,6,Afternoon,0.5,1,0,4,3
-2.30033,51.28656,3,1,4,6,30,13.0,4.0,1.0,2,2.0,2,2,Morning,0.3333333333333333,1,0,4,1
-0.75294,51.32176,3,2,2,6,40,0.0,,4.0,1,1.0,1,12,Afternoon,0.6666666666666666,0,1,3,0
-0.23559,51.60219,2,2,6,3,50,13.0,2.0,1.0,2,2.0,1,5,Afternoon,1.0,1,0,4,2
-2.47745,53.70498,2,1,5,6,40,0.0,,1.0,1,1.0,1,10,Afternoon,0.5,1,0,4,1
-1.19182,52.95313,2,2,3,6,40,13.0,4.0,1.0,1,2.0,1,2,Morning,1.0,1,0,1,4
-0.19651,51.35339,2,2,1,6,20,16.0,4.0,4.0,2,2.0,1,11,Afternoon,1.0,1,0,1,1
-2.13467,53.52905,2,1,1,3,30,16.0,2.0,1.0,1,2.0,1,11,Morning,0.5,1,0,4,1
-0.08332,51.51058,2,1,5,6,20,13.0,4.0,1.0,2,2.0,1,4,Afternoon,0.5,1,0,1,1
-0.06783,51.44323,2,1,7,6,20,13.0,2.0,1.0,1,1.0,1,6,Evening,0.5,1,0,4,4
-1.47514,50.93397,2,1,4,1,40,0.0,2.0,1.0,1,1.0,2,11,Morning,0.5,1,0,1,1
-2.93283,54.89173,2,1,1,6,30,16.0,,1.0,1,,1,3,Morning,0.5,1,0,4,4
-0.40631,51.41115,2,2,6,6,30,0.0,,1.0,1,1.0,1,7,Afternoon,1.0,0,1,1,0
-1.24212,50.72456,2,1,4,6,30,13.0,2.0,1.0,1,1.0,2,6,Morning,0.5,1,0,4,1
-0.03976,51.47515,1,1,6,3,20,13.0,4.0,1.0,1,1.0,1,2,Afternoon,1.0,1,0,4,1
1.29711,52.60944,1,1,6,6,30,0.0,,1.0,1,1.0,1,8,Afternoon,1.0,1,0,1,4
-1.55425,53.74569,4,1,1,6,30,0.0,,4.0,1,1.0,1,2,Evening,0.25,1,0,1,1
-0.32789,52.48887,1,1,6,6,60,0.0,,1.0,2,2.0,2,3,Morning,1.0,0,1,1,0
-2.67886,53.77908,3,1,6,6,30,0.0,,1.0,1,1.0,1,4,Evening,0.3333333333333333,1,0,3,1
0.4021,52.74882,1,1,3,6,30,0.0,,1.0,2,2.0,1,1,Morning,1.0,1,0,4,1
-0.30926,51.60935,1,1,3,6,30,,4.0,1.0,1,1.0,1,4,Afternoon,1.0,1,0,2,1
-2.25445,53.48359,2,1,5,6,30,13.0,9.0,1.0,1,1.0,1,10,Afternoon,0.5,1,0,4,1
-2.57887,53.6118,1,1,3,6,40,0.0,,1.0,1,1.0,2,10,Afternoon,1.0,1,0,4,1
-2.09741,53.48722,1,1,7,2,30,16.0,2.0,4.0,1,1.0,1,8,Night,1.0,1,0,4,1
0.58135,50.85625,1,2,6,6,30,17.0,4.0,1.0,1,1.0,1,10,Afternoon,2.0,1,0,4,1
-2.37606,52.76448,1,2,4,6,30,16.0,4.0,1.0,1,1.0,1,11,Afternoon,2.0,1,0,1,1
0.06629,51.52284,1,1,2,3,50,0.0,,4.0,1,1.0,2,9,Evening,1.0,0,0,4,0
-2.12238,51.51382,2,1,7,3,40,0.0,2.0,1.0,1,1.0,2,2,Morning,0.5,1,0,4,6
-1.12914,50.79462,2,1,7,6,30,13.0,4.0,1.0,1,1.0,1,4,Morning,0.5,1,0,1,1
-2.99145,53.40355,1,1,7,3,30,0.0,,1.0,1,1.0,1,6,Afternoon,1.0,0,0,4,0
-0.3432,53.7433,2,1,3,6,30,13.0,4.0,1.0,1,1.0,1,7,Afternoon,0.5,1,0,1,1
-2.16069,53.61098,2,1,4,6,30,13.0,4.0,1.0,1,1.0,1,7,Evening,0.5,1,0,1,1
-1.42811,53.25814,2,1,3,6,30,13.0,4.0,1.0,1,1.0,1,9,Afternoon,0.5,1,0,3,1
-3.35173,56.11445,1,1,5,6,30,17.0,1.0,4.0,1,2.0,1,11,Evening,1.0,1,0,1,1
-2.72497,53.66198,2,1,2,6,30,,4.0,4.0,1,2.0,2,12,Evening,0.5,1,0,4,3
0.34873,51.4793,2,1,7,1,30,,,1.0,1,1.0,2,4,Afternoon,0.5,1,0,4,4
-0.06382,51.57023,2,1,1,6,20,13.0,4.0,1.0,1,1.0,1,4,Afternoon,0.5,1,0,4,1
-2.32044,52.95446,1,1,6,6,60,0.0,,6.0,3,4.0,2,11,Night,1.0,1,0,4,1
1.16207,52.0014,1,1,7,6,60,0.0,,1.0,1,2.0,2,10,Morning,1.0,0,1,3,0
-2.56063,52.53859,1,1,4,6,60,0.0,,6.0,1,2.0,2,10,Night,1.0,0,1,3,0
-0.1416,50.83609,1,1,1,6,20,0.0,,1.0,1,1.0,1,1,Afternoon,1.0,1,0,1,4
-1.41907,52.89957,2,1,3,3,50,0.0,,1.0,1,1.0,2,9,Evening,0.5,0,0,4,0
-0.10763,53.55719,1,1,4,6,30,,4.0,4.0,2,2.0,1,12,Evening,1.0,1,0,1,1
-0.13601,51.61107,2,1,2,3,30,16.0,2.0,1.0,1,1.0,1,7,Afternoon,0.5,1,0,4,4
-0.05506,51.43944,2,1,5,6,20,13.0,4.0,4.0,5,2.0,1,2,Evening,0.5,1,0,4,1
-1.67711,52.63291,1,1,2,6,30,0.0,,4.0,1,1.0,1,12,Afternoon,1.0,1,0,1,1
-0.0383,51.64703,2,1,6,9,20,0.0,,4.0,9,9.0,1,5,Morning,0.5,0,0,4,0
-0.2623,51.50902,2,1,2,6,20,18.0,4.0,1.0,1,2.0,1,12,Morning,0.5,1,0,2,1
-1.18892,53.48441,2,1,3,6,30,18.0,4.0,4.0,8,4.0,1,11,Morning,0.5,1,0,3,1
-0.08087,53.56016,5,1,1,6,30,0.0,,4.0,1,1.0,1,2,Night,0.2,1,0,1,1
-2.29622,53.59065,2,1,5,6,30,0.0,,1.0,2,2.0,1,8,Afternoon,0.5,1,0,4,3
-2.97323,53.78723,1,1,2,6,40,0.0,,1.0,1,1.0,1,6,Morning,1.0,1,0,4,1
-0.08901,51.53518,2,1,6,6,20,16.0,2.0,1.0,1,1.0,1,9,Evening,0.5,1,0,4,2
-4.47486,50.49689,2,1,6,6,60,13.0,4.0,1.0,1,1.0,2,8,Morning,0.5,1,0,1,1
-1.4061,50.85058,1,1,5,6,30,13.0,4.0,1.0,1,1.0,1,5,Evening,1.0,1,0,1,1
-0.26474,51.53157,2,1,7,6,20,13.0,4.0,4.0,1,1.0,1,1,Night,0.5,1,0,3,3
-0.23351,51.51218,1,1,1,6,20,19.0,4.0,4.0,1,1.0,1,7,Morning,1.0,1,0,1,1
-2.42527,53.54143,6,8,2,3,70,0.0,,6.0,7,2.0,1,11,Night,1.3333333333333333,0,1,6,0
-0.30418,51.49135,2,1,7,1,30,16.0,2.0,1.0,9,9.0,1,8,Night,0.5,1,0,4,3
-1.19085,52.96169,2,1,6,3,40,19.0,2.0,1.0,1,1.0,1,7,Evening,0.5,1,0,4,1
-1.14549,52.93845,2,2,3,6,30,0.0,,1.0,9,2.0,1,2,Afternoon,1.0,1,0,1,1
-3.78473,55.67483,1,1,5,9,20,0.0,,4.0,1,2.0,1,12,Evening,1.0,1,0,4,1
-2.81979,53.08262,2,1,1,6,50,13.0,4.0,1.0,1,1.0,2,6,Morning,0.5,1,0,4,1
-2.88972,53.42487,2,2,7,6,30,13.0,4.0,1.0,1,1.0,1,5,Afternoon,1.0,1,0,1,1
-1.56308,53.12092,3,1,1,6,30,0.0,,1.0,1,1.0,2,2,Morning,0.3333333333333333,0,0,4,0
-3.04249,53.81219,1,1,7,6,30,0.0,,4.0,1,1.0,1,4,Night,1.0,1,0,3,1
-2.67878,53.75192,1,1,4,6,30,16.0,2.0,4.0,8,2.0,1,2,Night,1.0,1,0,1,4
-0.44441,51.5658,1,1,7,6,30,0.0,,1.0,1,1.0,1,5,Afternoon,1.0,0,0,1,0
0.14909,52.1793,2,1,2,1,20,,4.0,1.0,2,2.0,1,9,Morning,0.5,1,0,1,4
-1.67145,53.20922,3,1,7,6,30,0.0,,1.0,1,1.0,2,11,Afternoon,0.3333333333333333,0,0,4,0
-1.95295,53.66803,2,1,4,6,30,0.0,,1.0,1,1.0,2,1,Afternoon,0.5,1,0,4,1
-1.22209,52.93155,2,2,7,6,30,0.0,,1.0,1,1.0,1,6,Afternoon,1.0,1,0,1,3
-1.81075,52.68676,2,1,4,6,30,0.0,,1.0,1,1.0,1,5,Afternoon,0.5,1,0,1,1
-3.24378,55.64267,1,1,7,6,60,0.0,,1.0,1,1.0,2,8,Afternoon,1.0,1,0,4,1
-0.08181,51.39668,2,1,6,6,30,17.0,2.0,4.0,2,2.0,1,12,Evening,0.5,1,0,4,2
-4.00866,55.78599,2,1,5,6,30,13.0,4.0,1.0,1,2.0,1,11,Afternoon,0.5,1,0,4,1
-1.50926,53.80905,2,1,3,6,30,0.0,,1.0,1,1.0,1,4,Afternoon,0.5,1,0,3,1
-1.31668,53.50422,3,1,7,6,40,13.0,4.0,1.0,1,1.0,2,8,Afternoon,0.3333333333333333,1,0,3,1
-0.49248,52.63911,2,1,1,3,70,0.0,,6.0,2,2.0,2,9,Night,0.5,1,0,4,4
-2.44369,53.54379,4,2,4,3,70,0.0,,1.0,1,1.0,1,9,Morning,0.5,1,0,6,6
-5.23912,50.2545,2,1,5,6,40,0.0,,1.0,2,2.0,2,3,Evening,0.5,1,0,1,1
-0.72209,52.26944,2,2,6,6,60,16.0,4.0,1.0,2,2.0,1,5,Afternoon,1.0,1,0,3,2
-0.08385,52.89028,1,1,3,1,60,0.0,4.0,4.0,1,1.0,2,11,Afternoon,1.0,1,0,4,4
-2.39423,51.3657,2,1,7,6,30,16.0,4.0,1.0,1,1.0,1,7,Afternoon,0.5,1,0,1,1
-0.15209,51.44684,2,1,4,6,20,13.0,4.0,4.0,1,1.0,1,1,Afternoon,0.5,1,0,1,1
0.78768,52.03476,1,1,5,6,30,0.0,,1.0,1,1.0,2,9,Afternoon,1.0,1,0,4,1
-2.42388,53.50607,2,1,3,3,40,16.0,2.0,4.0,2,2.0,1,10,Morning,0.5,1,0,4,4
-2.13766,52.45775,2,2,3,6,30,0.0,,6.0,5,2.0,1,1,Evening,1.0,1,0,1,4
-2.06195,51.76301,3,2,7,6,60,19.0,4.0,1.0,1,2.0,2,7,Afternoon,0.6666666666666666,1,0,1,1
-0.27959,51.52537,2,1,6,7,20,13.0,4.0,1.0,1,1.0,1,6,Afternoon,0.5,1,0,1,1
-0.19936,51.5929,2,1,4,3,40,13.0,2.0,4.0,1,1.0,1,11,Evening,0.5,1,0,4,1
-1.40168,54.0835,2,4,7,6,40,13.0,4.0,1.0,1,2.0,2,3,Afternoon,2.0,1,0,2,1
-3.05555,53.61183,1,1,1,6,50,0.0,,1.0,1,1.0,2,6,Morning,1.0,0,0,1,0
-2.23042,51.71924,2,2,4,6,40,0.0,,1.0,1,1.0,1,1,Afternoon,1.0,1,0,4,1
-3.26364,51.43821,2,1,6,6,50,0.0,,1.0,1,1.0,2,8,Morning,0.5,0,0,4,0
0.75045,51.54765,3,2,1,3,70,0.0,,1.0,1,1.0,2,3,Morning,0.6666666666666666,0,1,4,0
-4.61773,53.3012,2,1,7,6,20,0.0,4.0,1.0,1,1.0,1,7,Morning,0.5,1,0,4,1
-1.92854,52.28235,2,1,5,1,40,,4.0,1.0,1,1.0,2,6,Morning,0.5,1,0,4,4
-5.09973,50.16204,2,1,6,6,40,,4.0,1.0,1,2.0,2,11,Morning,0.5,1,0,1,1
-1.97252,52.67655,1,1,4,6,30,0.0,,7.0,1,1.0,2,3,Evening,1.0,1,0,1,3
-2.89944,54.01944,2,2,1,2,20,0.0,,1.0,1,1.0,2,7,Afternoon,1.0,0,1,1,0
-4.6293,51.95602,1,1,3,6,60,0.0,,1.0,2,2.0,2,2,Evening,1.0,0,1,1,0
0.09692,50.97276,2,1,2,6,20,19.0,2.0,1.0,1,1.0,1,7,Afternoon,0.5,1,0,1,1
-2.42346,53.50391,2,1,4,6,30,0.0,,4.0,2,2.0,1,12,Afternoon,0.5,1,0,4,4
-0.01458,51.52915,2,1,3,1,20,0.0,2.0,1.0,2,2.0,1,4,Morning,0.5,1,0,4,4
-3.04951,53.80533,3,1,7,6,30,0.0,,1.0,1,1.0,1,5,Afternoon,0.3333333333333333,1,0,1,1
-1.70935,53.34166,2,1,3,6,50,0.0,,7.0,5,2.0,2,12,Evening,0.5,0,1,4,0
-0.45472,54.10873,2,1,3,1,60,,4.0,1.0,1,1.0,2,5,Afternoon,0.5,1,0,3,3
-2.95673,53.40358,1,1,6,6,30,16.0,4.0,4.0,1,1.0,1,10,Evening,1.0,1,0,1,1
-1.07937,50.79421,2,1,7,6,30,13.0,4.0,1.0,1,1.0,1,7,Afternoon,0.5,1,0,1,1
-2.75368,53.62051,2,1,3,6,60,0.0,,1.0,2,2.0,2,9,Morning,0.5,1,0,1,1
-4.31132,55.49849,1,4,4,6,60,0.0,,6.0,1,1.0,2,7,Evening,4.0,1,0,3,1
-3.95235,56.15446,1,1,5,6,20,19.0,4.0,4.0,2,2.0,1,12,Afternoon,1.0,1,0,1,1
1.41495,51.35522,2,1,6,6,30,0.0,,1.0,1,1.0,1,11,Morning,0.5,1,0,1,1
-2.98944,53.41356,2,1,3,6,30,13.0,4.0,1.0,1,1.0,1,9,Evening,0.5,1,0,4,1
-0.07326,51.39865,1,1,4,3,20,19.0,4.0,1.0,2,2.0,1,3,Afternoon,1.0,1,0,4,1
-2.15271,52.18354,2,1,3,6,60,19.0,4.0,1.0,1,1.0,2,1,Morning,0.5,1,0,4,1
-0.31128,51.52484,2,1,7,9,30,19.0,4.0,1.0,9,2.0,1,1,Afternoon,0.5,1,0,1,1
0.91046,51.8575,1,1,7,6,30,19.0,4.0,4.0,1,1.0,1,9,Evening,1.0,1,0,3,1
-0.08321,52.88979,2,1,4,1,60,0.0,4.0,1.0,1,1.0,2,3,Afternoon,0.5,1,0,4,4
-3.81628,50.2523,2,3,2,6,60,0.0,,6.0,2,2.0,2,12,Evening,1.5,0,1,1,0
-2.00945,51.13084,1,1,1,3,70,0.0,,1.0,1,1.0,2,9,Afternoon,1.0,0,0,4,0
-0.37298,51.67502,2,1,4,7,70,0.0,,1.0,1,2.0,2,11,Morning,0.5,0,1,6,0
-1.03616,53.54215,2,1,5,6,60,0.0,,1.0,1,1.0,1,3,Afternoon,0.5,0,1,1,0
-1.29047,52.893,1,1,7,6,30,13.0,4.0,4.0,1,1.0,1,8,Night,1.0,1,0,3,1
-1.22196,54.65815,2,1,2,1,40,,4.0,4.0,1,2.0,1,12,Night,0.5,1,0,4,3
-0.42207,51.46672,2,1,6,3,40,16.0,2.0,1.0,1,1.0,1,7,Morning,0.5,1,0,4,2
-1.13547,52.93809,1,1,7,3,30,0.0,,1.0,1,1.0,2,8,Afternoon,1.0,1,0,4,4
-0.05874,51.42983,2,1,6,6,20,13.0,4.0,1.0,1,1.0,1,7,Afternoon,0.5,1,0,4,1
-0.12815,51.50992,2,1,2,6,20,13.0,4.0,4.0,1,1.0,1,2,Evening,0.5,1,0,4,2
-1.67027,54.97894,1,1,5,6,30,19.0,4.0,1.0,2,2.0,1,9,Afternoon,1.0,1,0,4,1
-2.63336,53.20089,2,1,2,6,50,0.0,,1.0,1,1.0,2,5,Afternoon,0.5,0,0,4,0
0.06894,51.60839,2,1,3,6,30,13.0,4.0,4.0,2,2.0,1,3,Evening,0.5,1,0,3,1
-1.87255,52.45883,1,1,4,6,30,0.0,,4.0,2,2.0,1,2,Evening,1.0,0,1,4,0
-1.16548,52.94444,2,1,6,1,30,,4.0,4.0,1,2.0,1,2,Evening,0.5,1,0,1,1
-2.88641,54.57942,1,1,2,6,60,0.0,,6.0,1,1.0,2,4,Night,1.0,0,1,4,0
-1.55317,53.77586,3,1,5,6,20,13.0,4.0,1.0,1,1.0,1,5,Morning,0.3333333333333333,1,0,1,1
1.14322,51.36556,2,3,7,6,30,13.0,4.0,1.0,1,1.0,1,6,Evening,1.5,1,0,1,1
0.03308,51.57672,2,1,4,3,40,0.0,,1.0,1,1.0,1,4,Evening,0.5,0,0,4,0
-1.66991,55.00594,2,1,5,3,50,13.0,2.0,1.0,1,1.0,2,3,Afternoon,0.5,1,0,4,4
-0.33676,51.55558,2,1,7,9,30,,9.0,1.0,8,1.0,1,10,Morning,0.5,1,0,4,1
-1.131,51.74712,2,1,1,6,30,13.0,4.0,1.0,1,1.0,1,8,Morning,0.5,1,0,1,1
-2.21685,53.84451,2,1,6,7,70,0.0,,1.0,2,2.0,2,11,Afternoon,0.5,1,0,6,6
-0.10777,51.523,2,1,4,3,20,16.0,2.0,1.0,1,1.0,1,6,Afternoon,0.5,1,0,4,1
-1.33275,51.0244,2,1,6,3,70,0.0,,1.0,1,1.0,2,8,Afternoon,0.5,0,0,6,0
-0.97709,51.13589,2,2,1,6,60,19.0,4.0,1.0,4,2.0,2,12,Morning,1.0,1,0,4,4
-2.57792,51.46757,2,1,2,6,20,0.0,,1.0,1,1.0,1,10,Morning,0.5,0,0,1,0
-1.14586,52.95529,1,1,2,6,30,16.0,4.0,1.0,1,1.0,1,9,Afternoon,1.0,1,0,4,1
-1.87633,53.7496,2,1,6,6,20,19.0,4.0,4.0,3,3.0,1,11,Morning,0.5,1,0,1,1
-1.50388,55.1237,2,1,6,6,30,16.0,4.0,1.0,1,1.0,1,10,Morning,0.5,1,0,1,1
-0.14443,51.5123,2,1,5,2,20,16.0,2.0,4.0,1,1.0,1,1,Evening,0.5,1,0,3,2
-1.53325,53.77786,1,1,6,1,30,,4.0,1.0,1,1.0,1,7,Afternoon,1.0,1,0,1,1
-0.59858,51.34997,3,1,5,6,30,17.0,4.0,1.0,4,2.0,1,12,Morning,0.3333333333333333,1,0,1,1
-3.03532,53.91009,2,1,7,6,30,0.0,,4.0,2,2.0,1,12,Evening,0.5,1,0,4,1
-0.22298,51.49136,2,1,4,1,20,0.0,2.0,4.0,2,2.0,1,2,Afternoon,0.5,1,0,4,4
-0.30783,51.36263,2,2,7,6,30,13.0,4.0,1.0,1,2.0,1,11,Morning,1.0,1,0,4,1
-0.10437,51.53512,2,1,5,3,20,16.0,2.0,1.0,1,1.0,1,8,Afternoon,0.5,1,0,4,1
-0.19914,51.50864,2,1,4,3,20,16.0,2.0,1.0,1,2.0,1,10,Afternoon,0.5,1,0,4,1
0.04071,50.85956,2,1,3,6,60,0.0,,1.0,1,1.0,2,11,Afternoon,0.5,0,1,4,0
-2.2528,51.89728,2,1,4,6,60,0.0,,1.0,1,1.0,2,5,Morning,0.5,0,1,1,0
-1.34885,51.22413,2,1,2,6,40,0.0,,1.0,1,2.0,2,11,Morning,0.5,0,0,3,0
-0.18209,51.26419,2,1,4,7,70,0.0,,1.0,1,1.0,2,4,Afternoon,0.5,0,1,6,0
-1.19032,53.1684,1,1,1,6,30,17.0,4.0,1.0,8,2.0,1,10,Morning,1.0,1,0,1,1
-1.37527,53.93748,2,1,5,3,70,0.0,,4.0,3,3.0,2,2,Afternoon,0.5,0,1,5,0
-0.15749,51.49185,2,1,5,6,20,0.0,,1.0,2,2.0,1,2,Afternoon,0.5,0,0,4,0
-1.50195,53.55651,1,1,5,6,30,19.0,4.0,1.0,1,1.0,1,10,Afternoon,1.0,1,0,1,1
-0.32493,51.47624,1,1,3,6,20,13.0,1.0,1.0,1,1.0,1,8,Afternoon,1.0,1,0,4,1
-0.86776,52.21091,2,1,5,6,40,0.0,,1.0,1,1.0,2,8,Morning,0.5,0,1,1,0
-1.42775,54.90529,2,6,5,6,30,0.0,,1.0,2,2.0,1,9,Afternoon,3.0,1,0,3,1
-0.18116,51.43737,1,1,5,3,20,0.0,,1.0,2,2.0,1,9,Morning,1.0,0,0,2,0
-0.15939,51.41198,1,1,4,6,20,13.0,4.0,4.0,1,2.0,1,12,Evening,1.0,1,0,4,1
-2.49735,53.4587,2,1,3,6,40,13.0,4.0,1.0,1,2.0,2,3,Night,0.5,1,0,4,1
0.23636,52.60659,2,1,3,6,30,13.0,4.0,1.0,1,1.0,2,8,Evening,0.5,1,0,1,1
-1.92112,52.67997,2,1,6,6,30,16.0,2.0,4.0,1,1.0,1,12,Afternoon,0.5,1,0,1,4
-4.49972,55.60811,1,1,5,6,30,13.0,4.0,1.0,2,2.0,1,6,Afternoon,1.0,1,0,1,4
-1.50624,53.68089,2,1,6,3,30,19.0,2.0,4.0,1,1.0,1,4,Evening,0.5,1,0,4,4
-0.6174,54.48957,1,1,4,6,30,0.0,,1.0,5,2.0,1,9,Evening,1.0,0,0,1,0
-0.23131,51.57114,2,1,4,1,30,0.0,2.0,1.0,1,2.0,1,10,Morning,0.5,1,0,4,4
-0.07194,51.44638,1,1,2,6,20,13.0,4.0,1.0,1,1.0,1,6,Afternoon,1.0,1,0,4,2
0.08322,51.5647,2,1,6,7,20,18.0,4.0,1.0,1,1.0,1,4,Afternoon,0.5,1,0,2,1
-2.80546,52.71419,1,1,4,6,30,13.0,4.0,1.0,1,1.0,1,1,Afternoon,1.0,1,0,4,1
-0.60439,52.02573,2,1,5,1,40,,,4.0,1,,2,10,Night,0.5,1,0,4,4
-0.1039,51.46264,2,2,6,6,20,0.0,,1.0,1,1.0,1,2,Morning,1.0,0,0,1,0
-0.1876,51.45728,2,1,4,6,20,13.0,4.0,1.0,1,1.0,1,6,Morning,0.5,1,0,4,1
-0.12992,51.51368,1,1,5,2,20,13.0,3.0,1.0,1,1.0,1,6,Afternoon,1.0,1,0,4,2
-0.06111,51.34173,2,1,6,6,30,13.0,4.0,1.0,1,1.0,1,9,Morning,0.5,1,0,2,1
-1.55417,52.26804,2,1,6,6,30,13.0,4.0,4.0,2,2.0,2,12,Evening,0.5,1,0,1,1
-0.35468,51.45388,2,1,4,6,20,13.0,4.0,1.0,1,1.0,1,8,Afternoon,0.5,1,0,2,1
-0.79743,51.07032,2,2,7,6,30,13.0,4.0,4.0,1,1.0,2,3,Night,1.0,1,0,1,1
-2.73791,50.75589,1,2,5,6,60,0.0,,6.0,2,2.0,2,6,Evening,2.0,0,0,4,0
-1.38562,53.92844,1,1,6,6,20,13.0,4.0,1.0,1,1.0,1,6,Afternoon,1.0,1,0,3,1
-0.317,51.68312,1,1,2,6,30,0.0,,1.0,1,1.0,2,4,Morning,1.0,1,0,4,1
0.87809,51.1566,1,1,6,6,30,0.0,,1.0,2,2.0,2,2,Afternoon,1.0,0,1,4,0
-0.01568,51.5767,2,1,5,6,20,13.0,4.0,1.0,1,1.0,1,3,Afternoon,0.5,1,0,1,4
-0.22222,51.51354,1,1,6,6,20,0.0,,1.0,1,1.0,1,1,Afternoon,1.0,0,0,1,0
-0.07614,53.55406,2,2,7,3,40,16.0,2.0,1.0,2,2.0,1,7,Afternoon,1.0,1,0,4,4
1.18121,51.09463,1,1,3,1,30,,4.0,1.0,2,2.0,1,9,Evening,1.0,1,0,4,4
-2.51364,53.1229,2,2,3,1,60,0.0,,1.0,1,1.0,2,3,Morning,1.0,0,0,3,0
1.01484,51.10836,2,1,6,6,30,0.0,,1.0,1,4.0,2,1,Afternoon,0.5,0,1,1,0
0.55681,51.38328,1,1,6,6,30,0.0,,1.0,1,1.0,1,11,Afternoon,1.0,1,0,1,1
-1.79077,51.5608,2,1,6,6,30,13.0,2.0,1.0,1,1.0,1,6,Morning,0.5,1,0,1,1
0.16294,51.44449,2,1,5,3,50,0.0,,4.0,1,1.0,2,11,Afternoon,0.5,0,0,4,0
0.1357,52.18927,2,1,4,6,30,13.0,2.0,1.0,1,1.0,1,2,Morning,0.5,1,0,1,4
-2.46006,50.60677,2,1,6,6,30,0.0,,1.0,1,1.0,1,11,Morning,0.5,0,0,4,0
-0.78501,52.36755,1,1,7,1,60,,4.0,5.0,1,1.0,2,5,Night,1.0,1,0,4,2
-2.17661,53.54296,1,1,1,6,30,13.0,4.0,4.0,2,2.0,1,9,Evening,1.0,1,0,1,3
-0.43104,51.41544,2,1,3,6,30,16.0,,1.0,1,,1,9,Afternoon,0.5,1,0,1,4
-2.1301,52.01591,2,1,2,6,50,19.0,4.0,1.0,1,1.0,2,11,Morning,0.5,1,0,3,1
0.18027,51.31149,3,1,5,6,30,0.0,,6.0,1,1.0,2,2,Night,0.3333333333333333,1,0,1,1
-3.49068,51.89979,2,2,6,6,60,0.0,,1.0,1,1.0,2,7,Evening,1.0,0,1,4,0
-1.93854,52.44087,2,3,7,3,30,16.0,2.0,4.0,1,1.0,1,1,Evening,1.5,1,0,4,4
-3.28091,51.51074,2,3,7,6,20,13.0,4.0,1.0,1,1.0,2,8,Evening,1.5,1,0,4,1
-0.10118,51.46373,2,1,6,9,20,0.0,,4.0,1,1.0,1,12,Evening,0.5,0,0,3,0
1.30104,51.378,2,1,2,6,30,13.0,4.0,1.0,1,1.0,1,2,Morning,0.5,1,0,1,1
0.3159,51.49895,3,1,2,1,70,0.0,,1.0,1,1.0,2,3,Morning,0.3333333333333333,1,0,4,4
-1.32321,53.36692,2,1,5,6,30,13.0,4.0,1.0,2,2.0,1,7,Afternoon,0.5,1,0,4,1
-0.4547,54.10878,2,2,6,6,60,,4.0,1.0,9,1.0,2,6,Evening,1.0,1,0,3,3
-0.38074,51.48401,1,1,6,6,20,0.0,,1.0,1,2.0,1,11,Morning,1.0,0,0,2,0
-0.08571,51.52619,2,1,3,6,20,13.0,4.0,4.0,2,5.0,1,2,Evening,0.5,1,0,4,1
-2.38696,51.45245,3,2,7,6,50,13.0,4.0,1.0,1,1.0,2,5,Morning,0.6666666666666666,1,0,4,1
-0.04563,53.13628,2,3,6,6,60,0.0,,1.0,2,2.0,2,5,Morning,1.5,0,0,4,0
1.56935,52.65036,2,1,7,6,60,0.0,,6.0,7,2.0,2,12,Afternoon,0.5,1,0,4,1
-1.19372,53.00352,1,1,6,6,30,0.0,,4.0,1,,1,10,Evening,1.0,0,1,1,0
-2.90441,53.42003,1,1,2,6,30,13.0,4.0,1.0,1,1.0,1,11,Afternoon,1.0,1,0,1,1
-0.52197,51.96353,3,2,5,7,70,0.0,,6.0,1,2.0,2,12,Evening,0.6666666666666666,1,0,6,6
-1.13283,52.94448,2,1,1,3,30,0.0,,4.0,2,2.0,1,12,Morning,0.5,1,0,4,4
0.41642,52.75729,2,1,4,6,30,0.0,,1.0,2,2.0,1,10,Afternoon,0.5,0,1,4,0
-0.29977,52.67083,1,1,5,6,30,0.0,,1.0,1,1.0,1,3,Afternoon,1.0,1,0,3,1
-1.96223,52.48608,1,1,6,6,30,19.0,4.0,1.0,1,1.0,1,8,Afternoon,1.0,1,0,4,1
-1.37564,50.89836,1,1,3,6,30,0.0,,1.0,1,1.0,1,6,Afternoon,1.0,0,0,4,0
-1.04659,53.88273,2,2,1,6,40,18.0,4.0,1.0,1,1.0,2,5,Afternoon,1.0,1,0,4,1
-1.4255,53.23317,2,1,3,6,30,13.0,4.0,1.0,1,1.0,1,7,Afternoon,0.5,1,0,4,1
-4.97534,51.78886,3,2,5,6,20,13.0,4.0,1.0,1,1.0,1,2,Afternoon,0.6666666666666666,1,0,1,1
-0.48546,52.14743,2,1,6,1,30,,,4.0,2,2.0,2,12,Afternoon,0.5,1,0,4,1
-2.51751,51.44929,1,1,5,6,20,0.0,,1.0,1,1.0,1,7,Afternoon,1.0,0,0,4,0
-0.06477,51.64658,2,1,3,6,30,13.0,4.0,1.0,1,1.0,1,8,Morning,0.5,1,0,2,1
-0.18052,51.54802,1,1,7,3,20,0.0,,1.0,1,1.0,1,12,Afternoon,1.0,0,0,4,0
-5.3979,50.19695,2,1,6,1,30,,4.0,1.0,1,1.0,2,9,Afternoon,0.5,1,0,4,1
-0.19332,51.40281,1,1,2,6,20,19.0,4.0,1.0,9,1.0,1,6,Morning,1.0,1,0,4,1
-2.18492,53.45777,2,1,7,6,20,19.0,4.0,1.0,1,2.0,1,1,Afternoon,0.5,1,0,1,1
-1.1972,52.77442,2,3,6,6,30,0.0,,4.0,1,1.0,1,9,Evening,1.5,0,1,4,0
-1.82311,52.57114,1,1,3,6,30,16.0,2.0,7.0,1,1.0,1,10,Evening,1.0,1,0,4,4
-2.57249,53.33443,2,1,6,3,70,19.0,4.0,4.0,1,1.0,2,10,Evening,0.5,1,0,6,4
0.0792,51.55961,2,1,2,1,30,0.0,4.0,1.0,1,2.0,1,12,Morning,0.5,1,0,4,4
-2.89636,53.35064,2,1,3,6,20,13.0,4.0,1.0,1,1.0,1,1,Morning,0.5,1,0,1,1
0.7099,51.35249,2,1,1,1,30,,4.0,1.0,1,2.0,2,12,Afternoon,0.5,1,0,4,3
-0.79516,50.79055,1,1,2,6,30,0.0,,6.0,2,2.0,2,3,Night,1.0,1,0,3,1
-0.0718,51.6275,3,1,6,3,30,0.0,,7.0,2,2.0,1,12,Evening,0.3333333333333333,0,0,3,0
-2.72221,52.16109,2,2,2,6,60,0.0,,1.0,1,2.0,2,1,Afternoon,1.0,0,1,4,0
-0.12688,51.55189,2,1,3,9,20,,4.0,4.0,9,9.0,1,4,Evening,0.5,1,0,1,1
0.50844,51.57517,1,1,4,6,30,0.0,,1.0,1,1.0,1,5,Afternoon,1.0,1,0,1,1
-0.07421,51.45773,1,1,7,6,20,13.0,4.0,1.0,2,2.0,1,10,Afternoon,1.0,1,0,1,1
-0.05354,51.44031,2,1,5,6,20,13.0,4.0,1.0,1,1.0,1,5,Afternoon,0.5,1,0,4,4
-0.34412,51.04395,2,1,3,1,70,,4.0,1.0,1,1.0,2,9,Afternoon,0.5,1,0,3,4
-4.73815,56.19913,2,1,3,6,30,13.0,4.0,1.0,1,1.0,2,7,Evening,0.5,1,0,4,3
-0.21143,51.51931,2,1,2,6,20,13.0,4.0,1.0,1,1.0,1,7,Evening,0.5,1,0,3,1
0.70483,51.83981,2,1,5,6,30,13.0,4.0,1.0,1,1.0,2,7,Evening,0.5,1,0,3,1
-0.07043,50.81559,2,1,5,6,30,0.0,,1.0,1,1.0,1,10,Morning,0.5,1,0,1,1
0.20443,51.39457,2,3,5,2,30,0.0,,1.0,1,4.0,2,11,Morning,1.5,1,0,1,1
0.15649,52.19863,2,2,4,6,30,13.0,2.0,1.0,1,1.0,1,4,Afternoon,1.0,1,0,4,1
-1.62267,50.75881,1,1,3,6,30,19.0,4.0,1.0,1,1.0,1,7,Afternoon,1.0,1,0,1,1
-0.36195,51.66787,3,1,2,3,70,0.0,,1.0,5,2.0,2,12,Morning,0.3333333333333333,1,0,6,6
-2.90369,54.29789,1,1,3,6,60,0.0,,1.0,2,2.0,2,8,Afternoon,1.0,1,0,1,1
-4.44265,52.08112,2,1,5,6,60,16.0,4.0,6.0,3,3.0,2,1,Afternoon,0.5,1,0,1,1
-3.20926,55.03822,2,1,4,6,60,0.0,,1.0,2,2.0,2,2,Morning,0.5,1,0,3,2
0.76696,50.97121,2,1,4,6,40,0.0,,1.0,1,1.0,2,5,Afternoon,0.5,0,1,4,0
-0.86968,52.232,1,1,2,6,40,0.0,,1.0,2,5.0,2,9,Afternoon,1.0,0,1,4,0
-1.50087,51.78797,1,1,5,6,20,13.0,4.0,1.0,1,1.0,1,5,Morning,1.0,1,0,4,1
-0.34236,51.05935,2,1,6,6,30,,4.0,1.0,1,1.0,1,7,Evening,0.5,1,0,1,1
1.06299,52.90748,2,1,7,6,30,13.0,4.0,6.0,1,1.0,2,11,Afternoon,0.5,1,0,4,1
-0.19737,51.57204,1,1,5,6,30,0.0,,1.0,1,1.0,1,3,Afternoon,1.0,0,0,4,0
-1.2688,53.69664,2,1,5,3,70,,4.0,1.0,1,1.0,2,6,Afternoon,0.5,1,0,4,6
-0.18888,51.38351,2,1,3,6,20,0.0,,1.0,1,1.0,1,8,Afternoon,0.5,0,0,3,0
-0.39012,51.37727,2,1,4,6,30,19.0,4.0,1.0,1,1.0,1,4,Evening,0.5,1,0,1,1
-0.19219,51.35216,2,1,4,6,30,13.0,4.0,1.0,9,9.0,1,3,Afternoon,0.5,1,0,3,1
-0.08291,51.61617,2,2,7,6,30,,2.0,1.0,1,2.0,1,12,Morning,1.0,1,0,2,1
-1.47179,50.95465,1,1,7,6,60,0.0,4.0,1.0,1,1.0,2,5,Morning,1.0,1,0,4,6
-2.07543,53.36484,2,1,7,6,30,0.0,,1.0,9,,1,10,Morning,0.5,1,0,4,1
-3.49682,50.69749,2,1,5,6,40,0.0,,1.0,1,2.0,1,1,Morning,0.5,1,0,4,1
0.67573,50.97392,2,1,7,6,60,0.0,,1.0,1,1.0,2,6,Morning,0.5,1,0,1,1
-0.90041,52.1718,2,1,5,6,50,0.0,,1.0,1,1.0,2,4,Afternoon,0.5,0,1,4,0
-1.95628,50.64855,1,1,4,6,60,0.0,,6.0,1,1.0,2,6,Evening,1.0,0,0,3,0
-1.51879,53.67864,2,1,2,6,30,13.0,4.0,1.0,1,1.0,1,11,Afternoon,0.5,1,0,4,1
-0.07668,51.59836,2,1,6,1,20,0.0,4.0,1.0,1,1.0,1,10,Afternoon,0.5,1,0,4,4
-1.25797,53.10801,2,1,3,6,30,13.0,4.0,1.0,1,1.0,1,2,Afternoon,0.5,1,0,1,1
-4.60606,55.61514,1,2,5,6,60,19.0,4.0,1.0,1,2.0,2,9,Afternoon,2.0,1,0,1,1
-0.89495,52.23705,1,1,6,2,20,0.0,,4.0,1,1.0,1,8,Night,1.0,0,1,2,0
-2.09551,52.98537,2,1,6,6,30,0.0,,1.0,1,1.0,1,4,Evening,0.5,1,0,1,1
-0.20089,51.49844,1,1,4,6,20,13.0,4.0,1.0,1,1.0,1,7,Morning,1.0,1,0,4,1
-2.51989,53.06434,2,1,3,1,30,0.0,4.0,1.0,1,1.0,1,6,Morning,0.5,1,0,2,3
-0.45991,52.11141,1,1,2,3,70,0.0,,6.0,1,1.0,2,9,Night,1.0,1,0,4,1
0.11536,51.76931,2,1,7,6,40,13.0,4.0,1.0,1,2.0,1,4,Morning,0.5,1,0,1,1
-1.80096,51.56873,3,1,1,1,40,0.0,2.0,1.0,1,1.0,1,11,Afternoon,0.3333333333333333,1,0,3,3
-2.70574,53.80513,2,2,4,3,70,0.0,,1.0,1,1.0,2,8,Afternoon,1.0,1,0,6,6
-1.15518,50.85327,1,1,7,6,30,13.0,4.0,1.0,4,1.0,1,3,Morning,1.0,1,0,1,1
-1.59117,53.69261,2,2,3,1,50,0.0,,4.0,1,1.0,1,11,Evening,1.0,1,0,3,1
-0.76004,51.23083,2,1,2,6,30,0.0,,1.0,1,1.0,1,6,Afternoon,0.5,1,0,1,1
-0.09307,51.4735,1,1,1,3,20,0.0,,4.0,2,2.0,1,11,Evening,1.0,0,0,4,0
-2.50598,53.75226,1,1,3,6,20,19.0,4.0,1.0,3,4.0,1,1,Morning,1.0,1,0,1,1
-0.39857,53.77891,2,1,1,1,30,,4.0,1.0,1,1.0,1,1,Afternoon,0.5,1,0,3,1
-0.19166,51.47263,2,1,4,6,20,0.0,,1.0,1,1.0,1,8,Morning,0.5,0,0,4,0
-3.51644,50.4771,2,1,5,6,30,16.0,4.0,1.0,1,1.0,1,12,Afternoon,0.5,1,0,1,1
-0.09744,51.51999,1,1,7,3,20,16.0,2.0,1.0,1,1.0,1,2,Morning,1.0,1,0,4,3
-1.84482,51.99154,1,1,5,6,40,0.0,,6.0,1,1.0,2,4,Evening,1.0,0,1,1,0
-0.7467,51.24553,2,1,5,6,30,13.0,4.0,1.0,1,1.0,1,11,Morning,0.5,1,0,1,1
-2.26811,53.50392,1,2,3,6,20,13.0,4.0,1.0,1,1.0,1,7,Afternoon,2.0,1,0,1,1
-2.04796,51.79347,2,1,6,3,70,0.0,,1.0,1,1.0,2,10,Afternoon,0.5,0,1,4,0
-2.07133,52.35403,2,1,5,3,70,0.0,,1.0,1,1.0,2,8,Morning,0.5,0,1,6,0
-2.51342,53.077,2,1,6,6,30,13.0,4.0,1.0,1,1.0,1,6,Afternoon,0.5,1,0,3,1
0.05245,51.60577,1,1,1,6,30,13.0,4.0,1.0,1,1.0,1,9,Morning,1.0,1,0,4,1
0.12745,51.53882,2,1,4,1,30,0.0,4.0,4.0,1,1.0,1,6,Evening,0.5,1,0,2,2
-0.10374,51.56514,1,1,3,3,20,13.0,2.0,1.0,8,1.0,1,1,Afternoon,1.0,1,0,4,1
0.07737,52.55604,2,1,1,6,30,0.0,,1.0,1,1.0,1,2,Afternoon,0.5,1,0,1,1
-4.16339,50.38051,2,3,6,6,30,13.0,4.0,7.0,1,1.0,1,6,Evening,1.5,1,0,1,1
-1.01746,50.89521,2,5,7,6,30,13.0,2.0,4.0,1,1.0,1,1,Evening,2.5,1,0,4,1
-0.06058,51.41822,1,1,7,6,20,,4.0,4.0,1,1.0,1,12,Evening,1.0,1,0,1,4
-0.0764,51.54079,2,1,1,6,20,13.0,4.0,1.0,1,1.0,1,6,Night,0.5,1,0,4,2
-0.35898,51.15174,2,2,2,6,40,19.0,4.0,6.0,1,1.0,2,12,Afternoon,1.0,1,0,4,3
-0.83946,51.91532,3,3,2,6,60,13.0,4.0,6.0,2,2.0,2,11,Afternoon,1.0,1,0,4,1
-0.7497,52.9829,2,1,3,6,60,13.0,4.0,4.0,1,1.0,2,11,Afternoon,0.5,1,0,4,1
-2.66063,51.46048,3,2,5,6,30,16.0,4.0,4.0,1,1.0,2,5,Evening,0.6666666666666666,1,0,4,1
-1.02792,50.87159,3,1,7,6,30,13.0,4.0,1.0,1,2.0,1,8,Afternoon,0.3333333333333333,1,0,1,1
1.18615,52.05203,2,1,3,6,30,13.0,4.0,4.0,1,1.0,1,1,Evening,0.5,1,0,1,1
0.38153,51.50643,2,1,7,1,70,0.0,,1.0,1,1.0,2,6,Afternoon,0.5,1,0,4,4
-1.18424,52.35687,1,1,4,6,30,13.0,4.0,1.0,2,2.0,2,10,Morning,1.0,1,0,1,1
1.13242,52.05657,2,2,6,6,30,0.0,,1.0,1,1.0,1,8,Afternoon,1.0,0,1,1,0
1.5664,52.45509,1,1,6,6,30,13.0,4.0,4.0,1,1.0,1,2,Afternoon,1.0,1,0,1,1
0.08091,51.58798,1,1,4,6,30,13.0,2.0,1.0,1,1.0,1,7,Evening,1.0,1,0,4,2
-4.15104,55.80739,1,1,6,6,20,0.0,,1.0,1,1.0,2,5,Evening,1.0,1,0,1,1
0.14821,51.53749,2,1,1,6,30,16.0,4.0,1.0,1,1.0,1,4,Afternoon,0.5,1,0,4,1
-5.28436,57.16654,1,1,5,6,60,0.0,,1.0,2,2.0,2,8,Morning,1.0,1,0,4,1
-1.21426,52.98883,2,1,4,3,40,0.0,,1.0,1,1.0,1,6,Morning,0.5,1,0,4,1
-3.48081,51.57758,1,1,3,6,50,13.0,4.0,7.0,2,2.0,2,12,Evening,1.0,1,0,4,1
-1.86254,52.52492,2,2,5,6,30,13.0,4.0,1.0,1,1.0,1,6,Afternoon,1.0,1,0,1,4
-0.45557,51.56976,2,2,4,6,30,0.0,,1.0,1,1.0,1,1,Morning,1.0,0,0,1,0
-0.20462,51.53478,2,1,5,6,20,17.0,2.0,4.0,1,4.0,1,11,Evening,0.5,1,0,3,2
0.24992,51.45716,2,1,4,3,50,0.0,,1.0,1,2.0,1,2,Morning,0.5,0,1,4,0
-1.34016,53.43301,4,3,3,6,30,0.0,,4.0,1,1.0,1,5,Evening,0.75,0,1,1,0
-1.80698,53.81371,2,1,1,6,20,0.0,,5.0,1,1.0,1,10,Afternoon,0.5,1,0,1,1
0.57092,51.87784,2,1,5,6,30,19.0,4.0,1.0,1,1.0,1,1,Afternoon,0.5,1,0,1,1
-1.0628,52.64432,3,1,2,6,30,0.0,,1.0,2,2.0,1,3,Morning,0.3333333333333333,0,1,1,0
-1.54935,53.80269,1,1,5,6,30,13.0,2.0,4.0,9,1.0,1,9,Night,1.0,1,0,1,1
-0.563,51.3195,2,1,5,6,40,0.0,,1.0,1,1.0,1,12,Afternoon,0.5,1,0,4,4
-1.529,54.76306,2,2,6,3,70,,,1.0,1,1.0,2,8,Morning,1.0,0,1,5,0
-1.83317,52.49339,2,2,5,6,30,13.0,4.0,1.0,1,1.0,1,9,Afternoon,1.0,1,0,1,3
-2.15668,53.05003,2,1,2,6,30,13.0,4.0,4.0,2,2.0,1,10,Evening,0.5,1,0,1,4
-1.47,52.12731,2,1,1,6,60,0.0,,1.0,1,1.0,2,8,Morning,0.5,0,1,1,0
-0.08073,51.59336,2,1,3,6,20,,4.0,1.0,1,1.0,1,12,Afternoon,0.5,1,0,1,1
-0.80528,53.072,2,1,1,6,30,13.0,,1.0,2,2.0,1,9,Afternoon,0.5,1,0,3,1
0.03198,53.73112,2,1,6,1,20,,4.0,1.0,1,2.0,2,1,Morning,0.5,1,0,1,4
-0.0884,51.51809,2,1,2,3,20,0.0,,1.0,1,1.0,1,10,Afternoon,0.5,1,0,4,1
-0.14107,51.51158,2,1,6,9,20,13.0,4.0,1.0,1,1.0,1,3,Afternoon,0.5,1,0,2,1
-1.91909,52.43268,2,1,6,6,30,13.0,4.0,4.0,1,1.0,1,8,Evening,0.5,1,0,4,1
-1.54063,54.51389,1,1,4,1,30,,4.0,4.0,1,2.0,1,2,Morning,1.0,1,0,1,1
-0.07321,51.37944,2,1,3,7,20,0.0,,1.0,1,1.0,1,6,Morning,0.5,0,0,1,0
-0.03616,51.46561,2,2,2,1,20,0.0,4.0,4.0,1,1.0,1,11,Night,1.0,1,0,3,3
0.05397,51.36556,1,1,5,6,30,0.0,,4.0,1,1.0,1,1,Afternoon,1.0,0,0,4,0
-0.05894,51.50959,2,1,3,9,20,13.0,2.0,1.0,9,9.0,1,2,Afternoon,0.5,1,0,4,2
-1.63055,53.68687,6,3,6,6,30,16.0,2.0,1.0,1,1.0,1,9,Evening,0.5,1,0,1,3
-1.39437,54.90167,3,1,4,3,30,13.0,4.0,4.0,2,2.0,1,10,Evening,0.3333333333333333,1,0,4,1
-1.49592,52.43987,2,1,5,6,30,13.0,4.0,1.0,1,1.0,1,5,Afternoon,0.5,1,0,1,1
-2.88063,56.49409,2,1,3,6,60,0.0,,6.0,1,2.0,2,12,Evening,0.5,1,0,3,1
-1.47821,53.57763,1,1,1,6,30,0.0,,6.0,4,1.0,1,10,Evening,1.0,0,1,4,0
-0.32816,51.72937,2,2,4,3,70,0.0,,1.0,1,1.0,2,7,Afternoon,1.0,0,1,4,0
-1.56257,53.36525,2,2,4,6,60,13.0,4.0,1.0,1,2.0,2,5,Evening,1.0,1,0,1,1
-0.5165,51.39156,2,1,5,6,30,13.0,4.0,1.0,2,2.0,1,4,Afternoon,0.5,1,0,1,1
-0.25252,51.55575,2,1,1,3,40,0.0,,4.0,2,2.0,1,9,Night,0.5,0,0,4,0
-0.79122,53.08138,2,1,2,6,30,0.0,,4.0,2,2.0,1,12,Afternoon,0.5,1,0,1,1
-2.25417,53.63832,2,1,2,6,30,0.0,,1.0,4,2.0,2,1,Afternoon,0.5,1,0,4,1
-1.06363,52.55799,2,1,4,6,40,16.0,4.0,1.0,1,1.0,2,6,Evening,0.5,1,0,2,2
-1.5405,53.66471,2,1,1,3,30,13.0,4.0,4.0,2,2.0,1,8,Evening,0.5,1,0,4,3
-3.53415,50.70897,2,1,6,6,30,13.0,4.0,1.0,1,1.0,1,3,Morning,0.5,1,0,1,1
-1.73591,53.79806,2,1,2,6,20,13.0,2.0,1.0,4,1.0,1,1,Morning,0.5,1,0,1,1
-0.25901,53.08291,2,1,6,6,60,18.0,,6.0,7,2.0,2,10,Morning,0.5,1,0,4,1
-0.47548,51.89563,1,1,4,6,20,0.0,,1.0,1,1.0,1,6,Morning,1.0,1,0,1,1
-0.04718,51.47574,2,1,5,6,20,13.0,4.0,4.0,1,1.0,1,12,Night,0.5,1,0,4,1
-0.07071,51.47335,1,1,1,6,20,13.0,2.0,4.0,1,1.0,1,9,Night,1.0,1,0,4,1
1.33148,51.97786,1,1,2,3,70,0.0,,1.0,1,1.0,2,7,Morning,1.0,1,0,4,4
-0.91916,51.42738,1,1,3,6,30,0.0,,4.0,1,2.0,1,10,Evening,1.0,0,0,1,0
0.86708,51.1555,1,1,3,6,30,0.0,,1.0,1,1.0,1,4,Morning,1.0,1,0,1,1
-1.97913,51.47027,2,1,6,6,50,0.0,,1.0,2,2.0,2,5,Morning,0.5,0,0,4,0
-3.55648,54.63591,2,1,4,6,30,17.0,4.0,1.0,1,1.0,1,4,Morning,0.5,1,0,3,1
-3.1758,50.84885,2,1,5,6,20,0.0,,1.0,1,1.0,2,6,Morning,0.5,1,0,1,1
-0.19061,51.47643,2,1,4,6,20,13.0,4.0,1.0,1,1.0,1,7,Afternoon,0.5,1,0,1,1
0.63522,51.60687,1,1,3,6,60,13.0,4.0,1.0,1,1.0,2,11,Afternoon,1.0,1,0,1,1
-0.31865,51.5249,2,1,4,1,30,0.0,4.0,1.0,2,2.0,1,2,Morning,0.5,1,0,3,1
-0.13199,51.51023,1,1,4,2,20,13.0,4.0,1.0,1,1.0,1,9,Afternoon,1.0,1,0,4,1
-0.11239,51.24551,2,1,5,6,40,16.0,4.0,6.0,4,2.0,2,12,Afternoon,0.5,1,0,1,1
-2.61701,51.47946,2,1,7,1,30,0.0,4.0,1.0,1,1.0,2,6,Morning,0.5,1,0,4,3
-0.05602,51.54654,1,1,3,6,20,19.0,2.0,4.0,1,1.0,1,10,Evening,1.0,1,0,4,1
1.14923,52.04733,1,1,4,6,30,0.0,,4.0,1,1.0,1,2,Evening,1.0,1,0,1,1
-3.04343,52.90264,2,1,1,6,60,13.0,4.0,1.0,1,1.0,2,7,Afternoon,0.5,1,0,4,1
0.01545,51.69023,1,4,7,6,30,0.0,,5.0,5,2.0,1,7,Night,4.0,1,0,1,1
-2.46889,52.70971,2,1,2,6,30,,2.0,1.0,1,1.0,2,5,Afternoon,0.5,1,0,4,1
-3.16735,55.9213,2,4,4,6,30,13.0,2.0,1.0,1,1.0,1,6,Afternoon,2.0,1,0,4,1
-1.8883,50.74024,2,1,2,1,30,0.0,4.0,4.0,1,1.0,1,6,Evening,0.5,1,0,4,4
-1.87463,53.73506,1,1,1,6,20,0.0,,1.0,2,2.0,1,3,Afternoon,1.0,1,0,1,1
-4.1575,50.40635,1,1,5,6,30,19.0,4.0,1.0,1,1.0,1,9,Afternoon,1.0,1,0,1,1
-0.10707,51.4737,2,1,2,6,20,13.0,4.0,4.0,2,2.0,1,11,Afternoon,0.5,1,0,2,1
-2.79586,54.04214,2,8,1,1,20,19.0,4.0,1.0,1,1.0,1,7,Evening,4.0,1,0,1,1
0.69997,52.43033,2,1,1,6,60,0.0,,1.0,1,1.0,2,6,Afternoon,0.5,0,1,3,0
-2.16959,53.03997,2,2,6,6,30,16.0,3.0,7.0,1,1.0,1,9,Evening,1.0,1,0,4,1
-0.06412,51.55971,2,1,3,9,20,,9.0,1.0,9,9.0,1,11,Afternoon,0.5,1,0,1,1
-4.61266,55.48194,2,3,2,6,30,16.0,2.0,1.0,1,1.0,1,9,Evening,1.5,1,0,3,1
-3.93835,51.1729,1,1,4,6,60,0.0,,6.0,1,1.0,2,11,Night,1.0,0,1,4,0
-0.04903,51.52129,2,1,1,6,20,18.0,2.0,1.0,1,1.0,1,6,Morning,0.5,1,0,4,1
-0.29389,51.59881,1,1,7,3,30,13.0,4.0,1.0,1,1.0,1,4,Night,1.0,1,0,2,1
0.12731,51.55165,3,1,1,6,30,0.0,,1.0,1,1.0,1,10,Afternoon,0.3333333333333333,0,0,4,0
-3.18504,56.1982,2,1,7,6,20,16.0,4.0,1.0,1,1.0,1,9,Afternoon,0.5,1,0,1,1
-2.98481,53.40679,1,1,7,6,30,13.0,2.0,4.0,1,1.0,1,11,Evening,1.0,1,0,1,1
-0.09974,51.35624,2,1,7,6,20,13.0,4.0,4.0,1,1.0,1,6,Evening,0.5,1,0,1,1
-0.18992,51.68484,2,3,7,3,50,0.0,,1.0,1,1.0,2,6,Afternoon,1.5,0,1,6,0
-1.72858,51.57871,2,1,2,1,40,0.0,4.0,1.0,9,1.0,2,10,Afternoon,0.5,1,0,4,1
-3.32832,51.50785,2,3,1,7,70,0.0,,6.0,1,1.0,2,9,Night,1.5,0,0,6,0
1.14354,52.06146,2,1,2,6,30,19.0,2.0,1.0,1,1.0,1,9,Evening,0.5,1,0,3,4
-2.41364,53.09512,2,1,4,6,30,0.0,4.0,1.0,1,1.0,2,3,Morning,0.5,1,0,4,4
0.88537,52.62593,2,1,7,6,30,13.0,4.0,1.0,1,1.0,2,6,Afternoon,0.5,1,0,1,1
-1.43069,55.01954,2,1,3,1,30,,4.0,4.0,2,2.0,1,10,Evening,0.5,1,0,1,4
-0.48432,52.14929,2,1,6,6,30,0.0,,1.0,1,1.0,2,12,Morning,0.5,1,0,1,1
-2.39253,53.46719,2,1,2,3,50,0.0,,1.0,1,1.0,2,7,Evening,0.5,1,0,4,1
1.21691,51.36246,2,1,6,3,70,0.0,,1.0,1,1.0,2,2,Afternoon,0.5,0,1,4,0
-0.29695,51.55247,1,1,5,6,30,0.0,,7.0,9,9.0,1,6,Night,1.0,0,0,4,0
-0.40595,51.65443,1,1,6,6,30,16.0,2.0,1.0,1,2.0,1,11,Afternoon,1.0,1,0,1,1
-1.61534,54.9766,1,1,5,3,30,0.0,,4.0,1,1.0,1,8,Evening,1.0,1,0,3,1
-1.24744,51.75187,2,1,4,6,20,0.0,,1.0,1,1.0,1,7,Evening,0.5,0,0,4,0
1.35212,51.96486,1,2,6,6,30,0.0,,4.0,1,1.0,1,1,Evening,2.0,1,0,4,4
-1.0347,53.41652,1,1,6,6,60,0.0,,1.0,1,1.0,2,2,Morning,1.0,0,1,4,0
1.13862,51.08539,2,1,6,6,30,13.0,4.0,1.0,1,1.0,1,7,Night,0.5,1,0,3,1
-1.42768,52.43773,1,1,4,3,70,0.0,,1.0,1,1.0,2,8,Afternoon,1.0,1,0,6,6
-0.40334,53.75356,2,2,1,6,30,,4.0,1.0,1,1.0,1,4,Morning,1.0,1,0,1,1
-0.5745,50.87717,2,2,3,6,60,0.0,,6.0,7,2.0,2,10,Night,1.0,1,0,4,1
-2.20546,53.56965,4,2,4,6,40,0.0,,1.0,1,1.0,2,8,Afternoon,0.5,0,1,4,0
-2.02031,50.78763,2,1,2,6,60,0.0,,1.0,1,1.0,2,2,Afternoon,0.5,0,0,4,0
-1.70895,51.18238,1,2,7,3,70,19.0,4.0,1.0,1,1.0,2,5,Morning,2.0,1,0,4,1
-1.58949,55.12889,2,1,4,6,30,13.0,4.0,1.0,1,2.0,1,1,Morning,0.5,1,0,4,1
-2.82342,51.12314,2,1,1,6,30,13.0,4.0,1.0,1,1.0,2,12,Morning,0.5,1,0,4,1
1.20817,51.82699,2,2,5,6,30,19.0,4.0,1.0,2,2.0,1,2,Morning,1.0,1,0,3,1
0.06459,52.33064,2,1,3,6,60,0.0,,1.0,2,,2,3,Morning,0.5,0,1,3,0
-0.07902,51.1736,2,2,6,6,30,0.0,,1.0,1,1.0,2,7,Morning,1.0,1,0,1,1
-2.36583,53.48379,2,3,3,6,30,0.0,,4.0,2,2.0,1,12,Evening,1.5,1,0,1,1
-0.31067,51.81807,2,3,5,6,30,0.0,,1.0,1,2.0,2,8,Afternoon,1.5,0,1,3,0
-0.06972,51.59159,2,1,4,6,20,13.0,4.0,4.0,1,1.0,1,6,Evening,0.5,1,0,4,1
-4.1272,50.37437,4,1,6,6,30,17.0,4.0,1.0,1,1.0,1,9,Morning,0.25,1,0,1,1
-1.14156,52.95516,1,1,3,6,30,13.0,4.0,1.0,1,1.0,1,11,Morning,1.0,1,0,4,1
-1.53428,52.42099,2,2,1,1,30,,4.0,1.0,2,2.0,1,12,Afternoon,1.0,1,0,1,1
1.22134,52.60109,2,1,7,3,70,0.0,,1.0,1,1.0,2,7,Morning,0.5,0,1,4,0
-0.00631,51.53501,2,1,5,3,20,17.0,2.0,4.0,1,2.0,2,10,Evening,0.5,1,0,4,1
-0.21661,51.57767,2,1,6,3,40,,9.0,4.0,1,1.0,1,1,Evening,0.5,1,0,4,4
-0.40633,53.83646,2,1,1,6,30,19.0,2.0,1.0,1,1.0,2,7,Morning,0.5,1,0,4,1
0.47543,52.10009,2,1,2,6,30,13.0,4.0,1.0,1,1.0,2,8,Morning,0.5,1,0,4,3
-0.65962,52.48152,2,1,2,1,50,,4.0,6.0,1,2.0,2,1,Afternoon,0.5,1,0,4,4
-0.54704,51.32126,2,1,7,6,30,0.0,,1.0,1,1.0,1,9,Afternoon,0.5,1,0,1,1
-1.62514,52.83054,2,1,7,3,70,0.0,,1.0,1,1.0,1,4,Evening,0.5,0,1,4,0
-1.31767,53.39863,2,2,7,3,70,0.0,,1.0,1,1.0,2,6,Afternoon,1.0,0,1,6,0
-3.19984,50.9469,2,2,6,6,60,16.0,4.0,1.0,2,2.0,2,9,Afternoon,1.0,1,0,1,1
-0.73655,51.31392,2,3,7,6,30,19.0,4.0,1.0,1,1.0,1,2,Afternoon,1.5,1,0,1,1
-4.158,52.18426,2,1,6,6,30,13.0,4.0,1.0,1,2.0,2,4,Afternoon,0.5,1,0,4,3
-0.26726,51.66641,1,1,5,6,30,13.0,4.0,1.0,1,1.0,1,9,Morning,1.0,1,0,1,1
-1.22827,52.95341,2,1,3,6,20,0.0,,1.0,9,1.0,1,9,Morning,0.5,1,0,1,1
-2.45051,53.49877,4,3,2,3,50,16.0,2.0,1.0,1,1.0,2,2,Morning,0.75,1,0,4,1
-1.78466,52.44433,2,1,4,6,30,13.0,4.0,4.0,3,4.0,1,11,Evening,0.5,1,0,1,3
-0.47303,52.65431,1,1,6,6,30,16.0,2.0,1.0,1,1.0,1,3,Afternoon,1.0,1,0,4,4
-0.2354,51.54568,2,1,6,6,20,13.0,4.0,1.0,9,9.0,1,6,Afternoon,0.5,1,0,1,1
-0.02921,51.46213,2,2,5,6,20,16.0,4.0,4.0,1,1.0,1,5,Night,1.0,1,0,1,1
-1.06227,50.79818,2,2,3,6,30,0.0,,1.0,1,1.0,1,8,Afternoon,1.0,0,0,1,0
-2.27135,53.51701,2,2,2,6,30,0.0,,4.0,1,2.0,1,2,Evening,1.0,1,0,4,1
-2.29883,51.70269,3,2,3,6,60,16.0,4.0,1.0,2,2.0,2,1,Morning,0.6666666666666666,1,0,3,1
-4.15885,50.37482,2,1,7,6,30,17.0,4.0,1.0,1,1.0,1,9,Afternoon,0.5,1,0,1,1
-0.47307,51.64094,2,1,7,1,40,,,1.0,1,1.0,1,10,Morning,0.5,1,0,4,4
-1.66017,52.61955,2,1,2,6,30,0.0,,1.0,1,1.0,1,6,Afternoon,0.5,0,1,1,0
-2.44489,50.54172,1,1,3,6,30,0.0,,5.0,2,2.0,2,5,Evening,1.0,0,0,2,0
-1.93693,53.86883,1,1,1,6,30,0.0,,1.0,1,1.0,1,7,Evening,1.0,1,0,1,1
-0.30056,51.51408,2,1,1,6,20,13.0,4.0,1.0,1,1.0,1,5,Morning,0.5,1,0,4,1
-4.98871,50.43103,1,1,1,6,60,0.0,,6.0,8,2.0,2,5,Night,1.0,0,1,4,0
-3.96863,50.38419,2,1,3,3,70,0.0,,1.0,1,1.0,2,6,Morning,0.5,1,0,4,4
-0.90381,51.44432,2,1,5,6,30,13.0,4.0,1.0,1,1.0,1,3,Morning,0.5,1,0,1,1
-0.21953,51.53473,1,1,3,6,30,0.0,,1.0,1,1.0,1,6,Afternoon,1.0,0,0,2,0
0.87462,51.14981,1,2,2,6,30,0.0,,4.0,2,2.0,1,12,Afternoon,2.0,1,0,1,1
0.07863,51.76178,3,1,2,1,60,,4.0,1.0,1,1.0,2,2,Afternoon,0.3333333333333333,1,0,4,4
-3.88865,56.0523,3,2,3,6,60,0.0,,1.0,1,1.0,2,8,Afternoon,0.6666666666666666,1,0,1,1
-0.54367,50.811,2,1,5,7,30,19.0,4.0,1.0,1,1.0,1,3,Afternoon,0.5,1,0,3,4
-1.68224,53.70901,1,1,2,6,30,13.0,4.0,4.0,2,2.0,1,11,Afternoon,1.0,1,0,4,1
-2.44347,53.74497,2,1,3,6,30,0.0,,4.0,1,1.0,1,3,Morning,0.5,1,0,1,1
-2.05157,52.67141,2,2,7,6,30,0.0,,1.0,1,1.0,2,9,Evening,1.0,0,1,4,0
-3.75713,56.04269,2,1,4,1,60,,4.0,1.0,1,1.0,2,9,Afternoon,0.5,1,0,4,4
-3.06516,53.42383,1,1,6,6,30,0.0,,1.0,1,1.0,1,9,Morning,1.0,0,0,1,0
-0.18127,52.32922,1,1,5,6,30,13.0,4.0,1.0,1,1.0,1,10,Morning,1.0,1,0,1,1
-2.70367,52.07391,2,2,6,6,30,0.0,,1.0,2,2.0,2,9,Morning,1.0,0,1,4,0
0.31077,51.49383,2,1,5,6,30,0.0,,1.0,1,1.0,1,6,Afternoon,0.5,0,1,1,0
-0.2681,51.48627,2,1,6,6,30,16.0,4.0,4.0,1,1.0,1,10,Afternoon,0.5,1,0,2,1
-0.13465,51.40166,1,1,7,6,20,18.0,4.0,4.0,1,2.0,1,9,Night,1.0,1,0,2,1
-0.77866,50.83386,1,1,1,6,20,19.0,4.0,4.0,2,2.0,1,12,Evening,1.0,1,0,1,1
-0.37891,53.73346,2,1,2,6,30,0.0,,1.0,1,1.0,1,10,Morning,0.5,1,0,1,1
-2.98011,52.51238,1,1,1,6,60,13.0,4.0,1.0,2,2.0,2,9,Afternoon,1.0,1,0,4,4
-1.56963,53.79213,3,1,5,6,30,0.0,,1.0,9,1.0,1,1,Morning,0.3333333333333333,1,0,3,1
-0.3654,51.44432,2,1,3,6,20,16.0,2.0,4.0,2,9.0,1,3,Morning,0.5,1,0,3,2
-3.18777,53.37143,2,1,3,2,20,0.0,,1.0,1,1.0,1,7,Evening,0.5,0,0,1,0
-0.45896,52.48866,3,2,6,6,60,,4.0,1.0,1,1.0,2,6,Afternoon,0.6666666666666666,1,0,4,2
-1.55133,54.41247,1,1,7,6,60,0.0,,1.0,1,1.0,2,8,Afternoon,1.0,0,0,1,0
-3.03639,53.42138,1,1,3,6,30,13.0,4.0,4.0,2,2.0,1,11,Evening,1.0,1,0,1,1
-0.24845,51.54235,2,1,2,6,20,0.0,,4.0,1,1.0,1,11,Afternoon,0.5,0,0,1,0
-2.14648,53.41262,2,2,1,3,30,19.0,2.0,4.0,2,2.0,1,1,Afternoon,1.0,1,0,1,4
-2.15524,52.46762,2,1,2,6,30,0.0,,1.0,1,1.0,1,8,Morning,0.5,0,1,4,0
0.15476,51.40653,2,1,4,6,60,0.0,,4.0,1,1.0,2,10,Evening,0.5,1,0,3,3
-2.25606,53.40323,1,1,7,6,30,0.0,,1.0,1,1.0,1,9,Morning,1.0,1,0,1,1
-0.4124,50.90231,1,1,1,3,70,0.0,,1.0,1,1.0,2,5,Morning,1.0,0,1,4,0
-2.69574,50.73316,1,1,5,6,60,13.0,4.0,1.0,1,1.0,2,6,Afternoon,1.0,1,0,2,4
-4.99741,51.74808,2,2,6,6,60,0.0,,6.0,1,1.0,2,8,Evening,1.0,0,1,4,0
-2.89406,53.28038,2,1,7,6,20,13.0,2.0,4.0,1,1.0,1,3,Night,0.5,1,0,1,1
-1.28169,53.37281,1,1,6,3,70,0.0,,1.0,1,1.0,2,5,Afternoon,1.0,0,1,6,0
-1.57618,53.8157,2,1,7,6,30,13.0,4.0,1.0,2,2.0,1,3,Afternoon,0.5,1,0,1,1
-3.37775,50.89,2,2,5,3,70,0.0,,1.0,1,1.0,2,3,Afternoon,1.0,0,1,6,0
-0.12918,51.51326,2,1,6,9,30,17.0,4.0,1.0,9,9.0,1,1,Afternoon,0.5,1,0,4,4
-5.25631,50.22715,2,1,4,6,30,16.0,2.0,1.0,1,1.0,1,2,Afternoon,0.5,1,0,4,1
-0.78344,51.2925,1,1,4,6,30,13.0,4.0,1.0,1,1.0,1,9,Morning,1.0,1,0,1,1
-0.36217,53.38718,2,1,6,6,30,13.0,4.0,1.0,1,1.0,2,8,Afternoon,0.5,1,0,4,2
-0.3538,53.76835,2,1,3,6,30,16.0,2.0,1.0,8,2.0,1,1,Afternoon,0.5,1,0,4,4
-2.23494,52.18775,3,2,7,6,30,0.0,,1.0,1,1.0,1,9,Evening,0.6666666666666666,1,0,3,4
-1.53793,52.23315,2,2,4,3,70,0.0,,6.0,1,1.0,2,5,Night,1.0,0,1,6,0
-4.77578,55.94984,2,2,3,6,30,0.0,,1.0,1,1.0,1,10,Morning,1.0,1,0,1,1
-1.42823,53.25003,1,2,7,6,30,0.0,,1.0,1,1.0,1,4,Afternoon,2.0,0,0,3,0
-1.59071,53.73089,2,2,2,3,70,0.0,,1.0,1,1.0,1,10,Afternoon,1.0,0,1,6,0
-0.92998,52.23924,2,1,4,1,30,,4.0,1.0,1,1.0,1,11,Morning,0.5,1,0,4,1
-1.55417,52.26944,2,1,7,6,30,0.0,,1.0,1,1.0,2,9,Evening,0.5,1,0,1,1
-3.17003,50.72135,1,1,7,6,60,0.0,,6.0,1,1.0,2,4,Evening,1.0,0,1,1,0
-3.03056,56.17943,1,1,3,6,20,16.0,4.0,1.0,1,1.0,1,3,Afternoon,1.0,1,0,1,1
-1.82143,52.47183,1,1,7,6,30,0.0,,1.0,1,1.0,1,4,Morning,1.0,1,0,1,1
-0.12573,51.41658,2,1,3,6,20,13.0,4.0,1.0,1,1.0,1,3,Afternoon,0.5,1,0,4,1
1.08351,51.27836,1,2,6,6,20,13.0,2.0,1.0,1,1.0,1,6,Morning,2.0,1,0,1,1
-1.13864,52.95264,1,1,7,7,30,0.0,,1.0,1,1.0,1,5,Morning,1.0,1,0,4,4
-4.32862,55.87349,2,2,5,3,40,0.0,,1.0,1,1.0,1,4,Morning,1.0,1,0,4,4
-0.26548,51.49146,2,1,4,6,20,,2.0,1.0,1,1.0,1,12,Evening,0.5,1,0,4,2
-0.90058,52.17323,1,1,6,6,50,0.0,,6.0,8,1.0,2,5,Evening,1.0,0,1,4,0
-0.07443,51.51839,1,1,7,6,20,16.0,3.0,1.0,5,2.0,1,12,Morning,1.0,1,0,4,1
-4.86663,51.68892,2,1,4,3,40,13.0,4.0,1.0,2,2.0,2,12,Afternoon,0.5,1,0,4,4
-2.89825,53.45986,1,1,5,6,20,0.0,,1.0,1,2.0,1,12,Afternoon,1.0,0,0,1,0
-0.28071,51.50308,2,1,7,6,20,0.0,,1.0,1,1.0,1,3,Morning,0.5,0,0,4,0
-0.13819,51.44991,2,1,6,6,20,13.0,4.0,1.0,1,1.0,1,10,Morning,0.5,1,0,4,1
-2.04031,51.35018,1,1,6,3,50,0.0,,1.0,1,1.0,2,8,Morning,1.0,0,0,4,0
-0.24226,51.37887,2,3,1,6,20,13.0,4.0,1.0,2,2.0,1,4,Night,1.5,1,0,4,1
-4.08701,50.66324,1,1,5,6,60,0.0,,1.0,1,1.0,2,6,Afternoon,1.0,0,1,4,0
-2.90697,53.37006,2,1,1,6,20,16.0,4.0,1.0,1,1.0,1,7,Morning,0.5,1,0,1,1
-1.4247,52.88944,2,1,3,6,30,16.0,4.0,1.0,1,1.0,1,5,Afternoon,0.5,1,0,1,1
-0.43404,51.40227,2,1,6,3,40,0.0,,1.0,1,1.0,1,2,Morning,0.5,1,0,4,1
-0.20039,51.51082,2,1,3,9,30,0.0,,1.0,1,1.0,1,5,Afternoon,0.5,0,0,1,0
-1.05023,50.89624,2,1,3,6,60,18.0,4.0,1.0,1,2.0,2,12,Afternoon,0.5,1,0,1,1
-2.12232,52.00298,2,3,6,3,70,0.0,,6.0,1,1.0,1,11,Evening,1.5,0,1,6,0
-0.10051,51.58583,2,1,5,6,20,16.0,4.0,1.0,1,1.0,1,8,Morning,0.5,1,0,4,1
-0.06368,51.47005,2,1,1,6,20,13.0,4.0,1.0,4,1.0,1,4,Morning,0.5,1,0,1,1
-1.37318,50.93128,2,1,6,6,30,16.0,4.0,1.0,1,1.0,1,5,Afternoon,0.5,1,0,1,1
-1.86791,52.45467,2,1,6,6,20,0.0,,1.0,1,1.0,1,7,Morning,0.5,0,1,1,0
-2.49846,51.4664,2,1,3,6,30,0.0,,7.0,9,2.0,1,2,Evening,0.5,0,0,1,0
-3.00667,53.45971,2,1,5,6,30,0.0,,1.0,1,1.0,1,7,Afternoon,0.5,0,0,4,0
-1.58677,53.8306,2,2,6,6,30,0.0,,1.0,1,1.0,1,6,Afternoon,1.0,1,0,4,1
-1.66979,52.60274,2,1,3,6,30,0.0,,1.0,1,1.0,1,6,Afternoon,0.5,1,0,1,1
-2.48036,51.27021,2,3,3,6,40,0.0,4.0,1.0,1,1.0,2,9,Afternoon,1.5,1,0,4,3
-2.37832,53.7541,2,2,3,6,20,16.0,4.0,1.0,1,1.0,1,11,Afternoon,1.0,1,0,1,1
-1.8616,53.71407,1,1,5,6,30,19.0,4.0,1.0,1,1.0,1,7,Afternoon,1.0,1,0,1,1
-1.23453,53.27342,3,3,3,6,60,0.0,,1.0,1,1.0,2,3,Afternoon,1.0,0,0,4,0
0.31736,51.41416,1,1,2,6,30,0.0,,1.0,1,1.0,2,5,Afternoon,1.0,1,0,1,1
-0.13268,51.6121,1,1,7,6,30,13.0,4.0,4.0,1,1.0,1,2,Evening,1.0,1,0,1,1
-1.89116,50.74263,2,1,6,6,30,0.0,,1.0,1,1.0,1,8,Morning,0.5,0,0,4,0
-1.51181,54.91295,2,2,1,6,30,19.0,4.0,1.0,1,1.0,2,2,Afternoon,1.0,1,0,1,1
-0.7735,50.83636,2,1,5,6,30,19.0,4.0,1.0,2,2.0,1,2,Morning,0.5,1,0,4,4
-0.07528,51.54899,1,1,7,3,20,0.0,,1.0,1,1.0,1,7,Evening,1.0,0,0,4,0
-0.13747,50.81951,1,1,7,6,30,0.0,,4.0,2,2.0,1,2,Evening,1.0,1,0,4,1
-4.95652,57.13394,1,1,2,6,60,0.0,,6.0,3,3.0,2,2,Evening,1.0,1,0,4,1
-0.03982,51.67216,2,1,5,6,30,13.0,2.0,4.0,1,1.0,1,11,Afternoon,0.5,1,0,4,1
-0.03621,51.46392,2,1,5,9,20,,9.0,1.0,8,1.0,1,1,Morning,0.5,1,0,3,1
-2.48176,52.64328,2,1,4,6,60,13.0,4.0,1.0,1,1.0,2,10,Afternoon,0.5,1,0,4,1
-0.16186,51.38658,2,1,4,6,30,18.0,4.0,1.0,8,2.0,1,5,Morning,0.5,1,0,1,1
-0.21479,51.47545,1,1,7,3,20,16.0,4.0,1.0,1,1.0,1,1,Afternoon,1.0,1,0,4,1
-0.17461,51.49411,1,1,6,6,20,17.0,2.0,1.0,1,1.0,1,9,Afternoon,1.0,1,0,4,2
-1.84046,52.54588,3,1,7,6,30,0.0,,5.0,4,2.0,1,12,Afternoon,0.3333333333333333,1,0,3,1
-0.15857,51.3985,2,1,4,1,30,0.0,4.0,4.0,2,2.0,1,5,Evening,0.5,1,0,2,4
-2.72937,53.77419,2,2,1,6,30,0.0,,1.0,1,2.0,1,10,Afternoon,1.0,1,0,3,1
1.46022,52.12847,1,1,5,6,60,0.0,,1.0,8,2.0,2,5,Afternoon,1.0,0,1,1,0
-2.3001,53.43053,1,1,3,3,70,0.0,,1.0,1,1.0,1,3,Morning,1.0,0,1,6,0
-1.32491,51.92336,2,2,7,6,60,18.0,4.0,1.0,1,1.0,2,10,Afternoon,1.0,1,0,4,1
-1.41867,50.90885,2,1,4,6,30,18.0,4.0,1.0,1,1.0,1,4,Evening,0.5,1,0,1,1
-0.54403,53.92716,1,3,5,6,60,0.0,,6.0,5,2.0,2,3,Night,3.0,1,0,1,1
-3.91639,56.00195,1,1,1,3,70,0.0,,6.0,1,2.0,2,10,Evening,1.0,0,1,6,0
-4.32299,55.76424,2,1,5,6,30,0.0,,1.0,1,1.0,1,3,Evening,0.5,1,0,1,1
0.04135,51.63789,1,1,6,6,40,0.0,,1.0,1,1.0,1,10,Afternoon,1.0,1,0,4,1
-3.27597,51.39225,2,1,7,6,20,16.0,2.0,1.0,1,1.0,1,5,Afternoon,0.5,1,0,1,4
-2.10743,57.12896,2,1,4,1,30,,4.0,4.0,2,2.0,1,2,Evening,0.5,1,0,4,4
-0.19823,51.48033,1,2,7,6,20,0.0,,1.0,1,1.0,1,11,Afternoon,2.0,0,0,4,0
-1.02753,50.86513,2,1,4,6,30,0.0,,1.0,1,1.0,1,3,Afternoon,0.5,0,0,1,0
-0.41304,51.44077,1,1,6,2,20,0.0,,4.0,2,1.0,1,1,Afternoon,1.0,0,0,1,0
-2.11287,53.48252,2,1,6,7,40,,4.0,1.0,1,1.0,1,3,Afternoon,0.5,1,0,4,1
-0.18681,51.10074,2,1,3,6,30,0.0,,6.0,1,1.0,1,4,Afternoon,0.5,1,0,1,1
-0.26571,51.26305,2,1,5,6,40,13.0,4.0,1.0,1,1.0,2,2,Morning,0.5,1,0,3,1
1.08673,52.67088,2,2,7,6,60,13.0,4.0,1.0,1,1.0,2,2,Morning,1.0,1,0,1,4
-0.05459,51.51424,1,1,3,6,20,,9.0,1.0,1,1.0,1,5,Afternoon,1.0,1,0,4,1
-0.29194,51.51052,1,1,4,9,30,,9.0,7.0,9,9.0,1,4,Evening,1.0,1,0,4,1
-0.08026,51.65038,2,1,7,6,30,16.0,2.0,1.0,1,1.0,1,3,Morning,0.5,1,0,4,4
-1.98751,52.58847,2,1,7,3,30,16.0,2.0,7.0,2,2.0,1,9,Afternoon,0.5,1,0,4,4
0.00211,51.48437,2,1,7,6,30,,2.0,4.0,8,1.0,1,2,Evening,0.5,1,0,4,1
-1.13753,52.32149,2,1,3,3,50,0.0,,1.0,1,1.0,2,12,Morning,0.5,0,1,6,0
-1.03591,52.83638,1,1,5,3,70,0.0,,1.0,2,2.0,2,4,Afternoon,1.0,0,1,4,0
-1.69719,52.56684,1,1,5,3,70,0.0,,6.0,1,1.0,2,6,Night,1.0,0,1,6,0
-0.18881,51.44278,2,1,5,7,20,16.0,2.0,1.0,1,1.0,1,6,Morning,0.5,1,0,4,2
-4.20454,55.17259,2,1,1,6,60,13.0,4.0,1.0,1,1.0,2,8,Morning,0.5,1,0,4,1
-0.47228,52.12993,2,1,4,6,30,13.0,2.0,4.0,1,1.0,1,10,Evening,0.5,1,0,4,3
-4.22613,55.81205,2,1,4,6,30,16.0,2.0,4.0,2,2.0,1,2,Evening,0.5,1,0,1,1
0.22548,52.60487,2,1,3,6,30,13.0,4.0,1.0,1,2.0,2,9,Morning,0.5,1,0,4,1
-0.35255,53.76539,1,1,2,6,30,0.0,,1.0,1,1.0,1,10,Morning,1.0,1,0,4,1
-0.13739,53.71282,1,1,4,6,30,0.0,,4.0,1,1.0,2,4,Evening,1.0,1,0,4,1
-2.15873,50.88646,2,1,1,6,60,0.0,,1.0,1,1.0,2,5,Afternoon,0.5,0,0,2,0
-2.76666,54.08842,3,1,5,3,70,0.0,,1.0,1,2.0,2,1,Morning,0.3333333333333333,0,1,6,0
-0.16188,51.41959,2,1,5,6,20,0.0,4.0,1.0,1,1.0,1,9,Morning,0.5,1,0,4,1
0.24084,51.60809,2,1,5,6,30,0.0,,1.0,1,1.0,1,7,Morning,0.5,0,0,2,0
-2.55203,51.47315,2,1,1,6,30,13.0,2.0,1.0,1,1.0,2,8,Afternoon,0.5,1,0,4,3
-1.08433,53.53534,2,1,3,6,30,0.0,,1.0,1,1.0,2,10,Afternoon,0.5,1,0,1,1
-0.29701,51.60766,1,1,6,2,30,19.0,4.0,1.0,1,1.0,1,2,Morning,1.0,1,0,1,1
-0.37915,51.58935,1,1,5,6,30,0.0,,1.0,1,1.0,1,8,Afternoon,1.0,0,0,1,0
-0.05207,51.47777,2,1,6,6,20,13.0,4.0,4.0,1,1.0,1,6,Night,0.5,1,0,4,1
-1.44712,53.66491,3,3,3,6,40,18.0,4.0,1.0,1,1.0,2,2,Afternoon,1.0,1,0,4,1
-0.44874,51.39526,1,1,5,6,30,19.0,4.0,4.0,1,1.0,1,2,Evening,1.0,1,0,3,1
-0.33723,50.83771,3,1,4,3,40,0.0,,1.0,1,1.0,2,10,Afternoon,0.3333333333333333,0,1,4,0
-1.28261,52.01449,2,1,7,3,70,0.0,,1.0,1,1.0,2,9,Morning,0.5,0,0,6,0
-4.18819,51.01934,2,1,7,6,60,19.0,4.0,1.0,1,2.0,1,3,Morning,0.5,1,0,1,1
-2.14671,53.51425,1,1,7,6,20,0.0,,1.0,1,1.0,1,6,Afternoon,1.0,1,0,1,1
-0.66883,53.87273,2,1,6,6,40,0.0,,4.0,1,1.0,2,11,Afternoon,0.5,0,1,1,0
-0.77635,52.372,1,1,3,6,30,13.0,4.0,1.0,2,2.0,2,10,Afternoon,1.0,1,0,2,1
-0.20407,51.37503,1,1,7,3,40,13.0,4.0,1.0,1,1.0,1,12,Afternoon,1.0,1,0,4,1
-2.1767,53.11922,1,1,2,3,30,0.0,,1.0,1,1.0,1,12,Morning,1.0,1,0,1,1
0.00882,51.59619,4,1,3,3,50,0.0,,1.0,2,2.0,2,2,Afternoon,0.25,0,0,4,0
-3.95432,55.70343,2,3,6,6,60,16.0,3.0,1.0,1,1.0,2,4,Morning,1.5,1,0,1,3
-2.0854,52.58357,2,1,3,3,30,16.0,2.0,4.0,2,2.0,1,12,Evening,0.5,1,0,4,1
-1.74752,53.79336,1,1,5,6,30,0.0,,1.0,1,1.0,1,7,Morning,1.0,1,0,4,1
-2.49954,53.74351,2,2,3,6,30,16.0,4.0,4.0,1,1.0,1,5,Evening,1.0,1,0,1,1
-1.28296,53.42159,1,1,1,3,40,0.0,,4.0,1,1.0,1,8,Evening,1.0,1,0,4,1
-1.58558,52.65493,3,1,6,3,70,0.0,,1.0,1,1.0,2,9,Afternoon,0.3333333333333333,0,1,6,0
-1.05528,52.65012,2,1,3,6,30,13.0,4.0,1.0,1,1.0,1,10,Afternoon,0.5,1,0,1,1
-2.00481,52.5914,2,1,6,6,30,13.0,4.0,1.0,1,1.0,1,6,Afternoon,0.5,1,0,1,1
-1.47614,52.74618,1,1,6,6,30,13.0,4.0,4.0,8,2.0,1,5,Night,1.0,1,0,1,2
-1.36023,53.90076,1,1,2,6,30,0.0,,1.0,9,1.0,2,9,Morning,1.0,1,0,1,1
-1.53945,53.77585,2,1,5,6,30,16.0,2.0,1.0,2,2.0,1,9,Afternoon,0.5,1,0,1,6
-0.37047,51.54641,1,1,4,6,20,0.0,,1.0,1,1.0,1,9,Afternoon,1.0,0,0,4,0
-1.55224,53.83317,2,1,4,6,20,19.0,4.0,5.0,1,1.0,1,10,Morning,0.5,1,0,1,1
-0.00666,51.45998,2,2,7,6,20,,4.0,4.0,5,2.0,1,12,Night,1.0,1,0,1,1
0.2679,51.49656,3,1,1,1,70,,2.0,4.0,1,1.0,2,4,Evening,0.3333333333333333,1,0,4,4
-5.12844,56.67949,2,1,1,6,50,13.0,4.0,1.0,1,1.0,2,9,Afternoon,0.5,1,0,4,4
-3.18745,56.20433,1,1,1,6,40,,4.0,1.0,1,1.0,1,2,Afternoon,1.0,1,0,4,4
-1.18958,51.01741,2,1,3,6,30,16.0,4.0,1.0,1,1.0,2,8,Evening,0.5,1,0,1,1
-2.20151,53.82824,2,1,4,6,30,0.0,,4.0,1,1.0,1,11,Morning,0.5,1,0,1,1
-2.39569,52.55931,1,1,5,6,60,13.0,4.0,1.0,1,1.0,2,10,Afternoon,1.0,1,0,4,1
0.80639,51.85836,1,1,4,6,60,0.0,,6.0,1,1.0,2,12,Evening,1.0,1,0,1,1
-0.07309,51.517,2,1,4,9,20,16.0,4.0,1.0,1,1.0,1,3,Night,0.5,1,0,1,4
-1.71854,53.74359,2,1,6,3,70,0.0,,1.0,2,2.0,2,4,Morning,0.5,0,1,6,0
-0.06366,51.61061,2,1,5,6,20,13.0,4.0,1.0,9,9.0,1,3,Afternoon,0.5,1,0,1,1
-2.25836,53.47194,2,1,5,1,30,,2.0,4.0,1,1.0,1,11,Evening,0.5,1,0,4,4
-0.12907,51.64934,2,2,4,6,30,18.0,4.0,1.0,1,1.0,2,3,Afternoon,1.0,1,0,4,1
0.45366,52.07539,2,1,2,6,30,19.0,4.0,1.0,2,2.0,1,9,Morning,0.5,1,0,1,1
-1.70492,52.62382,1,1,1,7,60,0.0,,4.0,1,1.0,2,8,Night,1.0,0,1,4,0
-0.0968,51.49462,2,1,4,3,20,13.0,4.0,4.0,1,1.0,1,1,Afternoon,0.5,1,0,4,1
-1.92645,50.75817,2,1,6,3,40,13.0,4.0,1.0,1,1.0,1,1,Morning,0.5,1,0,4,1
-2.46181,50.60815,1,1,5,6,30,18.0,4.0,1.0,2,2.0,1,3,Afternoon,1.0,1,0,1,1
-1.22302,54.55858,1,1,3,6,30,0.0,,1.0,1,1.0,1,11,Morning,1.0,0,1,4,0
-1.0023,51.44694,1,1,4,6,30,13.0,2.0,1.0,1,2.0,1,2,Afternoon,1.0,1,0,4,1
-3.19069,51.47153,2,2,7,6,20,16.0,4.0,1.0,1,1.0,1,6,Night,1.0,1,0,1,1
-0.03439,51.70341,1,2,2,6,30,0.0,,1.0,1,1.0,1,8,Afternoon,2.0,0,1,3,0
-0.08741,51.61628,2,1,7,1,30,0.0,2.0,4.0,8,1.0,1,10,Evening,0.5,1,0,4,4
0.10216,51.57075,1,1,4,6,30,0.0,2.0,4.0,8,1.0,1,2,Evening,1.0,1,0,1,1
-1.36768,53.49592,2,2,1,6,60,13.0,4.0,1.0,1,2.0,2,9,Evening,1.0,1,0,3,1
-0.10493,51.56453,2,1,6,6,30,13.0,2.0,4.0,8,1.0,1,10,Evening,0.5,1,0,4,4
-0.11699,51.3713,2,1,7,6,20,,9.0,1.0,1,1.0,1,3,Morning,0.5,1,0,4,2
0.41765,51.62548,1,1,7,6,20,0.0,,4.0,1,1.0,1,3,Evening,1.0,1,0,3,1
-2.22752,53.37582,1,1,1,6,30,13.0,4.0,1.0,2,2.0,1,6,Afternoon,1.0,1,0,1,1
-1.41771,52.43707,1,1,2,3,70,0.0,,6.0,2,2.0,2,9,Night,1.0,0,1,6,0
-1.91189,52.54031,2,1,6,3,70,0.0,,4.0,1,1.0,2,8,Evening,0.5,0,1,6,0
-0.19184,51.60264,1,1,6,6,30,0.0,,4.0,1,1.0,1,9,Evening,1.0,0,0,4,0
-2.85096,54.60237,1,2,2,6,60,0.0,,1.0,1,1.0,2,5,Evening,2.0,1,0,4,1
0.25765,52.21526,2,2,5,3,70,0.0,,6.0,1,1.0,2,5,Evening,1.0,0,1,4,0
-0.08533,52.40337,2,2,5,6,30,13.0,4.0,1.0,2,2.0,2,2,Morning,1.0,1,0,3,3
-1.45632,53.33924,3,1,6,6,30,0.0,,1.0,1,1.0,1,6,Morning,0.3333333333333333,1,0,1,1
-0.38485,50.80766,2,1,1,6,30,13.0,4.0,1.0,1,1.0,1,5,Afternoon,0.5,1,0,1,1
-0.16172,51.43712,1,1,5,6,30,,9.0,1.0,1,1.0,1,7,Morning,1.0,1,0,4,1
-1.65362,55.40819,3,3,7,6,60,16.0,4.0,1.0,1,1.0,2,11,Afternoon,1.0,1,0,4,1
-2.60523,51.47287,2,1,6,6,20,0.0,,1.0,2,2.0,1,7,Morning,0.5,0,0,1,0
-0.8126,51.08632,1,1,1,6,30,13.0,4.0,4.0,1,1.0,2,5,Evening,1.0,1,0,3,1
-4.55974,55.95773,1,1,6,6,30,0.0,,1.0,1,2.0,1,12,Afternoon,1.0,1,0,1,4
1.30897,52.6652,1,1,4,6,30,0.0,,1.0,1,1.0,1,3,Afternoon,1.0,1,0,1,1
-1.11333,52.83388,2,1,1,6,60,0.0,,1.0,1,1.0,2,7,Morning,0.5,0,1,1,0
-0.10545,51.40069,1,1,1,6,30,13.0,4.0,1.0,2,2.0,1,12,Afternoon,1.0,1,0,2,1
-1.62759,53.70595,2,1,6,6,30,13.0,4.0,1.0,2,2.0,1,2,Morning,0.5,1,0,4,1
-0.05733,51.46598,2,2,6,6,20,13.0,4.0,4.0,1,1.0,1,9,Night,1.0,1,0,4,1
-1.72377,54.85576,2,2,1,6,60,0.0,,1.0,1,1.0,2,12,Morning,1.0,0,1,4,0
-3.44462,55.29363,1,1,7,6,60,0.0,,1.0,1,2.0,2,7,Afternoon,1.0,1,0,4,3
-0.06869,51.5151,1,1,3,6,20,16.0,4.0,4.0,1,1.0,1,10,Afternoon,1.0,1,0,4,4
-5.12593,50.18306,2,1,6,6,60,13.0,4.0,1.0,1,1.0,2,4,Afternoon,0.5,1,0,4,1
-1.99928,52.58917,2,1,1,6,30,13.0,4.0,1.0,1,1.0,1,6,Morning,0.5,1,0,1,1
-0.11277,51.47356,2,1,2,6,30,13.0,2.0,5.0,9,1.0,1,12,Evening,0.5,1,0,4,1
-1.32369,53.38984,5,1,1,6,50,0.0,,6.0,5,2.0,2,11,Evening,0.2,1,0,4,1
-0.57704,54.39793,1,1,7,6,60,0.0,,6.0,5,2.0,2,3,Evening,1.0,0,0,4,0
-1.53935,53.99597,1,1,5,6,30,13.0,4.0,4.0,1,1.0,1,10,Evening,1.0,1,0,1,1
-2.06488,52.44318,5,1,3,6,30,0.0,,4.0,1,1.0,1,1,Night,0.2,0,1,3,0
-0.45095,54.24752,2,1,5,6,60,18.0,4.0,1.0,1,1.0,2,5,Morning,0.5,1,0,1,1
0.12103,50.99681,1,4,4,6,60,0.0,,6.0,1,1.0,2,6,Evening,4.0,1,0,1,1
-2.18813,51.23166,2,1,2,6,50,0.0,,1.0,1,2.0,2,11,Morning,0.5,0,0,4,0
-1.13217,52.63786,2,1,2,2,30,0.0,,1.0,1,1.0,1,10,Afternoon,0.5,0,1,2,0
-2.95838,53.38603,1,1,7,6,20,0.0,,1.0,1,1.0,1,5,Afternoon,1.0,0,0,3,0
-4.08411,51.05952,1,1,2,6,60,0.0,,1.0,1,2.0,2,7,Afternoon,1.0,1,0,3,1
-0.14277,51.51155,3,1,1,3,20,13.0,4.0,1.0,1,1.0,1,3,Afternoon,0.3333333333333333,1,0,3,1
-2.36007,51.37844,1,1,7,6,20,0.0,,1.0,1,1.0,1,7,Afternoon,1.0,0,0,1,0
0.00883,51.41208,2,1,3,6,30,16.0,4.0,7.0,9,1.0,1,1,Evening,0.5,1,0,4,1
-1.81162,52.42499,3,2,7,6,30,13.0,4.0,4.0,1,1.0,1,1,Night,0.6666666666666666,1,0,1,1
-1.50105,53.41653,1,1,1,3,30,13.0,4.0,4.0,1,1.0,1,8,Night,1.0,1,0,4,1
-2.91319,53.44923,1,1,2,3,30,16.0,2.0,1.0,1,1.0,1,2,Afternoon,1.0,1,0,1,1
-0.09645,51.54092,2,1,4,9,20,,9.0,1.0,9,9.0,1,3,Morning,0.5,1,0,4,1
-0.0294,51.46801,2,1,1,6,20,16.0,4.0,1.0,1,1.0,1,9,Afternoon,0.5,1,0,2,1
-1.48929,50.91892,2,1,7,1,30,0.0,4.0,1.0,1,1.0,1,10,Morning,0.5,1,0,4,4
-2.37873,53.4903,2,1,5,7,70,0.0,,4.0,1,1.0,1,10,Evening,0.5,1,0,6,6
-2.68958,52.1573,1,1,7,6,30,0.0,,1.0,1,1.0,2,11,Morning,1.0,0,1,1,0
0.9762,51.94394,11,2,3,6,30,0.0,,1.0,1,1.0,2,10,Afternoon,0.18181818181818182,1,0,3,1
1.47121,52.54126,2,3,1,6,40,0.0,,6.0,1,1.0,2,9,Evening,1.5,1,0,1,1
-1.22027,54.51428,1,1,7,6,40,0.0,,6.0,2,2.0,2,11,Morning,1.0,0,1,3,0
-2.27715,51.74126,3,3,4,1,40,,4.0,4.0,1,1.0,1,10,Night,1.0,1,0,4,4
-1.26658,53.12697,2,1,1,6,30,0.0,,4.0,1,1.0,1,10,Evening,0.5,1,0,1,1
-0.11546,51.60051,2,1,5,9,20,13.0,2.0,1.0,9,9.0,1,10,Morning,0.5,1,0,4,3
-0.24395,51.3098,2,1,4,6,40,13.0,4.0,6.0,1,2.0,2,11,Afternoon,0.5,1,0,3,3
0.45065,52.55961,2,1,6,6,60,0.0,,6.0,2,1.0,2,1,Morning,0.5,1,0,3,1
-2.24264,51.55422,1,1,4,6,30,13.0,4.0,1.0,1,1.0,2,10,Morning,1.0,1,0,3,1
0.59258,51.5214,1,1,2,6,30,13.0,4.0,1.0,1,1.0,1,2,Morning,1.0,1,0,3,3
-0.89992,52.35556,1,1,1,6,60,0.0,,6.0,1,1.0,2,5,Night,1.0,0,1,1,0
0.07775,51.38744,2,1,3,6,30,13.0,4.0,4.0,1,1.0,1,12,Evening,0.5,1,0,2,1
-0.52059,51.96213,2,1,4,7,70,0.0,,4.0,1,,2,11,Evening,0.5,0,1,6,0
-2.91345,53.44937,1,1,6,3,30,16.0,2.0,1.0,1,2.0,1,9,Morning,1.0,1,0,1,1
0.096,51.48012,2,1,2,6,30,0.0,,4.0,1,1.0,1,5,Evening,0.5,0,0,2,0
-1.52695,52.91069,2,1,3,3,70,0.0,,1.0,2,2.0,1,2,Morning,0.5,0,0,4,0
-0.14371,51.49655,2,1,3,2,20,0.0,,1.0,1,1.0,1,2,Morning,0.5,0,0,4,0
-2.88924,53.80765,2,1,4,1,50,0.0,,1.0,1,1.0,2,5,Afternoon,0.5,1,0,4,6
-0.0911,51.45758,2,1,5,6,20,13.0,4.0,4.0,1,2.0,1,9,Evening,0.5,1,0,2,1
-0.14429,51.51495,1,1,2,6,20,16.0,2.0,1.0,1,1.0,1,4,Afternoon,1.0,1,0,4,4
-1.9391,50.72811,2,1,3,6,30,18.0,4.0,1.0,1,1.0,1,4,Morning,0.5,1,0,2,1
-2.33756,51.75038,2,1,4,6,40,0.0,,6.0,1,1.0,2,3,Evening,0.5,1,0,1,1
-0.21881,51.57717,2,1,1,1,40,0.0,4.0,1.0,1,1.0,1,5,Afternoon,0.5,1,0,4,4
-0.16012,51.24926,2,1,5,6,30,0.0,,1.0,1,1.0,1,7,Afternoon,0.5,1,0,1,1
-5.1839,50.27394,2,2,4,6,60,16.0,4.0,1.0,1,1.0,2,6,Evening,1.0,1,0,1,1
-0.00319,52.74621,1,1,4,6,30,13.0,4.0,4.0,1,2.0,2,1,Evening,1.0,1,0,3,2
-1.84628,55.34967,2,3,5,6,60,13.0,4.0,1.0,1,1.0,2,9,Morning,1.5,1,0,4,3
-0.21115,51.45392,2,1,2,6,20,18.0,4.0,1.0,1,1.0,1,6,Morning,0.5,1,0,4,1
1.1238,51.08277,2,1,2,6,30,0.0,,7.0,1,2.0,2,4,Night,0.5,1,0,1,1
-3.47872,50.71916,2,1,3,3,30,0.0,,1.0,1,1.0,1,6,Evening,0.5,1,0,1,1
-0.13673,50.83164,1,1,3,6,20,13.0,4.0,4.0,2,2.0,1,11,Afternoon,1.0,1,0,4,1
-1.13386,53.31886,2,1,3,6,30,13.0,4.0,1.0,1,1.0,1,5,Afternoon,0.5,1,0,1,1
-0.58735,51.2044,2,1,1,1,30,,4.0,1.0,1,1.0,2,10,Morning,0.5,1,0,4,3
-1.41322,50.86049,2,1,6,6,30,0.0,,1.0,1,1.0,1,9,Morning,0.5,0,0,1,0
-2.63956,52.52191,1,2,5,6,60,0.0,,1.0,2,2.0,2,7,Afternoon,2.0,0,1,3,0
0.02343,51.54692,1,1,5,2,20,16.0,4.0,1.0,1,1.0,1,3,Afternoon,1.0,1,0,1,1
-1.602,55.00686,2,1,3,1,30,,4.0,4.0,8,1.0,1,9,Evening,0.5,1,0,4,1
-1.33815,54.32715,3,2,4,3,70,0.0,,1.0,1,1.0,2,8,Afternoon,0.6666666666666666,0,0,4,0
-1.37789,53.34163,2,1,4,6,20,13.0,4.0,1.0,2,2.0,1,4,Afternoon,0.5,1,0,1,1
-2.0722,53.46982,2,1,2,6,20,0.0,,1.0,1,1.0,1,6,Morning,0.5,1,0,1,3
-0.18811,51.80585,2,1,6,1,30,,4.0,1.0,1,1.0,2,6,Afternoon,0.5,1,0,3,4
-0.29475,51.59916,2,1,3,6,30,13.0,4.0,1.0,2,2.0,1,9,Evening,0.5,1,0,1,1
-0.13079,50.83148,2,1,6,6,20,16.0,2.0,1.0,1,1.0,1,9,Afternoon,0.5,1,0,4,1
-1.475,53.35923,3,1,1,6,30,13.0,4.0,4.0,1,1.0,1,7,Evening,0.3333333333333333,1,0,4,1
-1.50922,52.40971,1,1,4,2,20,0.0,,1.0,1,2.0,1,7,Afternoon,1.0,0,1,1,0
-3.02845,51.60826,2,1,1,6,20,13.0,4.0,1.0,1,1.0,1,3,Afternoon,0.5,1,0,1,1
-3.09193,53.3577,2,2,1,6,30,0.0,,4.0,1,1.0,1,12,Afternoon,1.0,0,0,1,0
-2.7054,51.47445,2,2,2,6,40,13.0,2.0,1.0,1,1.0,2,4,Evening,1.0,1,0,4,1
-2.57127,52.66614,2,1,4,6,60,0.0,,1.0,1,1.0,2,9,Afternoon,0.5,0,1,1,0
-3.97909,51.65146,2,1,5,6,20,13.0,4.0,1.0,1,1.0,1,9,Morning,0.5,1,0,1,1
-1.4206,52.92618,2,1,3,6,30,13.0,4.0,1.0,1,1.0,1,9,Afternoon,0.5,1,0,1,1
-2.20767,53.52629,2,1,5,6,20,0.0,,1.0,1,1.0,1,9,Evening,0.5,1,0,1,1
-1.32516,53.97011,1,1,3,6,60,0.0,,1.0,1,1.0,2,5,Morning,1.0,0,0,1,0
0.02875,52.45114,2,1,3,6,60,0.0,,1.0,1,1.0,2,4,Afternoon,0.5,0,1,4,0
0.38095,52.52344,2,2,2,6,60,13.0,4.0,1.0,1,1.0,2,5,Afternoon,1.0,1,0,4,3
1.39939,51.38732,2,1,7,6,30,16.0,3.0,1.0,1,1.0,1,11,Afternoon,0.5,1,0,1,1
-1.95025,52.50698,2,2,6,6,30,13.0,4.0,1.0,1,1.0,1,3,Morning,1.0,1,0,1,4
-0.25445,51.58986,2,1,7,6,30,17.0,4.0,4.0,1,1.0,1,11,Evening,0.5,1,0,4,2
-0.1323,51.61027,2,1,6,6,30,13.0,4.0,1.0,1,1.0,1,10,Afternoon,0.5,1,0,4,1
-1.98658,52.49586,2,1,6,6,20,13.0,4.0,1.0,1,1.0,1,2,Afternoon,0.5,1,0,1,1
-0.06676,51.51738,2,1,5,6,20,13.0,2.0,1.0,1,1.0,1,1,Morning,0.5,1,0,4,4
-3.42745,53.18237,1,1,5,6,20,0.0,,1.0,1,1.0,2,6,Afternoon,1.0,0,0,1,0
-1.48706,52.42142,1,1,5,3,50,0.0,,1.0,1,1.0,1,2,Afternoon,1.0,0,1,4,0
-0.54747,51.21219,2,1,5,6,30,13.0,4.0,1.0,1,1.0,2,6,Morning,0.5,1,0,4,1
-0.52635,52.07995,2,1,6,6,50,0.0,,1.0,1,1.0,2,10,Morning,0.5,0,1,1,0
-2.18556,53.00384,2,1,4,6,30,0.0,,1.0,1,1.0,1,9,Afternoon,0.5,1,0,4,1
-2.48857,53.06189,2,1,5,1,60,0.0,4.0,1.0,1,1.0,2,5,Afternoon,0.5,1,0,4,4
-0.03629,51.40341,3,2,5,6,20,17.0,4.0,1.0,4,2.0,1,3,Afternoon,0.6666666666666666,1,0,4,1
-0.1306,51.55081,2,1,3,6,20,17.0,4.0,4.0,1,1.0,1,7,Night,0.5,1,0,4,3
-1.49597,53.02946,2,1,4,6,30,0.0,,1.0,2,2.0,1,9,Afternoon,0.5,0,0,4,0
-2.2947,54.07871,2,1,1,6,60,13.0,4.0,1.0,1,2.0,2,9,Afternoon,0.5,1,0,3,1
-1.32011,51.09288,1,1,1,6,60,0.0,,1.0,1,1.0,2,9,Afternoon,1.0,0,0,1,0
-1.503,51.21417,1,1,4,6,30,0.0,,1.0,1,1.0,1,8,Morning,1.0,0,0,1,0
-1.18225,51.76282,2,2,7,3,50,16.0,2.0,1.0,1,1.0,1,8,Afternoon,1.0,1,0,4,1
-1.70308,54.35538,1,1,6,6,30,0.0,,1.0,1,1.0,1,7,Evening,1.0,0,0,1,0
-2.30454,53.7838,1,5,4,3,70,,4.0,6.0,1,1.0,2,10,Night,5.0,1,0,6,6
-2.11342,52.48112,2,1,3,6,20,0.0,,1.0,1,1.0,1,1,Afternoon,0.5,0,1,1,0
-1.30434,50.91227,2,1,5,6,30,13.0,4.0,1.0,2,2.0,1,1,Morning,0.5,1,0,3,1
-1.17366,53.14243,2,1,2,6,30,13.0,4.0,1.0,2,2.0,1,9,Afternoon,0.5,1,0,1,1
-3.38555,50.68534,2,2,7,6,60,0.0,,1.0,1,2.0,2,9,Morning,1.0,1,0,1,1
-2.1572,52.98231,2,2,5,1,30,,4.0,1.0,8,1.0,1,2,Morning,1.0,1,0,1,1
-3.74382,55.67996,2,1,4,6,50,0.0,,1.0,7,1.0,1,9,Morning,0.5,1,0,4,1
-0.04491,51.44226,2,1,4,6,20,19.0,9.0,1.0,1,1.0,1,5,Evening,0.5,1,0,4,1
-0.31396,51.49845,2,1,6,6,20,13.0,2.0,1.0,1,1.0,1,1,Afternoon,0.5,1,0,3,1
-3.23401,55.96445,2,1,1,6,20,0.0,,1.0,1,1.0,1,3,Morning,0.5,1,0,1,1
-1.19102,52.95548,2,1,4,6,30,19.0,4.0,1.0,1,1.0,1,1,Morning,0.5,1,0,4,4
-0.50903,51.95291,2,1,7,3,70,0.0,,1.0,1,1.0,2,10,Morning,0.5,0,1,6,0
-2.90917,53.40765,2,1,2,3,30,0.0,,1.0,1,1.0,1,4,Afternoon,0.5,0,0,4,0
-0.24191,51.74574,4,1,4,3,70,0.0,,1.0,1,1.0,1,1,Morning,0.25,0,1,5,0
-1.4686,52.50742,2,2,7,1,30,,4.0,4.0,1,2.0,1,10,Evening,1.0,1,0,1,3
-1.93529,52.6308,2,1,1,6,30,0.0,,1.0,1,1.0,2,9,Afternoon,0.5,0,1,1,0
0.73112,50.98214,1,1,2,6,30,13.0,4.0,6.0,1,1.0,2,4,Evening,1.0,1,0,3,1
-2.03716,52.61209,2,1,6,6,30,13.0,4.0,1.0,1,1.0,1,2,Afternoon,0.5,1,0,4,1
-2.75283,54.6639,1,1,4,6,20,18.0,4.0,1.0,1,1.0,1,6,Morning,1.0,1,0,1,1
-2.27956,51.81502,2,1,4,1,60,,4.0,1.0,2,2.0,1,5,Night,0.5,1,0,4,1
-1.53171,52.9147,2,1,2,6,30,13.0,4.0,1.0,2,2.0,1,9,Afternoon,0.5,1,0,1,1
-3.054,53.81779,1,1,4,6,20,19.0,4.0,1.0,1,1.0,1,6,Afternoon,1.0,1,0,1,1
-0.89412,51.41644,1,1,4,6,50,0.0,,6.0,1,4.0,1,1,Night,1.0,0,0,3,0
-2.90641,53.75631,2,1,3,6,60,13.0,4.0,1.0,1,1.0,2,7,Afternoon,0.5,1,0,1,1
-1.33722,53.71568,4,1,3,6,30,0.0,,1.0,1,1.0,1,5,Afternoon,0.25,1,0,4,1
-0.3418,51.31968,2,1,1,6,40,0.0,,1.0,5,2.0,2,11,Afternoon,0.5,1,0,1,4
-0.27983,51.58495,1,3,1,6,20,0.0,,4.0,9,1.0,1,10,Night,3.0,0,0,4,0
-0.77918,51.82014,1,1,3,6,40,0.0,,6.0,8,4.0,2,1,Evening,1.0,0,0,1,0
-2.82686,51.03962,1,1,5,6,30,0.0,,1.0,1,2.0,2,12,Afternoon,1.0,0,0,4,0
-1.54975,54.53283,2,1,5,6,30,13.0,,1.0,1,1.0,1,3,Afternoon,0.5,1,0,1,1
-1.13399,53.39407,3,1,1,6,60,0.0,,6.0,8,4.0,2,1,Evening,0.3333333333333333,1,0,4,1
0.4985,51.75106,2,1,4,6,30,13.0,4.0,1.0,1,1.0,1,10,Morning,0.5,1,0,1,1
-0.12488,51.50694,2,1,2,6,20,13.0,4.0,1.0,1,2.0,1,1,Morning,0.5,1,0,4,1
-2.2396,53.48219,1,1,6,2,20,19.0,,1.0,1,1.0,1,7,Morning,1.0,1,0,1,1
-0.52279,51.96443,3,1,7,3,60,0.0,,6.0,1,2.0,2,12,Afternoon,0.3333333333333333,1,0,6,6
-2.13068,53.61458,2,6,7,3,30,19.0,2.0,1.0,2,2.0,1,10,Afternoon,3.0,1,0,4,1
-1.81642,53.63418,1,1,5,6,30,0.0,,1.0,1,1.0,1,5,Afternoon,1.0,1,0,1,1
-1.74749,53.7922,2,1,7,2,30,0.0,,4.0,1,1.0,1,11,Evening,0.5,1,0,1,1
-0.48198,51.52728,2,1,2,6,30,13.0,4.0,1.0,1,1.0,1,4,Afternoon,0.5,1,0,4,1
1.18394,52.04173,2,1,1,6,30,0.0,,1.0,1,1.0,1,5,Morning,0.5,1,0,1,1
-2.76823,50.953,2,2,5,3,60,0.0,4.0,1.0,1,1.0,2,5,Afternoon,1.0,1,0,4,3
-1.10314,52.7615,2,3,4,6,50,16.0,4.0,1.0,8,1.0,2,11,Morning,1.5,1,0,2,2
-0.01447,51.57632,2,1,6,2,20,,9.0,1.0,1,1.0,1,6,Night,0.5,1,0,1,4
-0.36712,51.56405,1,1,4,6,20,0.0,,1.0,1,1.0,1,5,Afternoon,1.0,0,0,1,0
-2.9563,53.44398,2,1,6,3,40,17.0,2.0,1.0,1,1.0,1,4,Evening,0.5,1,0,4,4
-2.22459,55.09515,1,1,5,6,60,13.0,4.0,1.0,1,2.0,2,10,Morning,1.0,1,0,3,1
-2.23362,53.51325,1,1,7,6,30,0.0,,1.0,8,1.0,1,5,Evening,1.0,1,0,1,1
-1.35702,53.72767,2,1,2,6,30,18.0,4.0,1.0,1,1.0,1,10,Morning,0.5,1,0,4,1
-0.55323,51.42797,2,1,4,6,30,0.0,,1.0,1,1.0,1,3,Afternoon,0.5,1,0,1,1
0.55906,51.37261,1,1,3,3,30,19.0,2.0,4.0,2,2.0,1,3,Evening,1.0,1,0,1,4
-0.1036,51.00906,2,1,4,6,30,13.0,4.0,1.0,1,1.0,1,9,Afternoon,0.5,1,0,1,1
-0.55679,53.04596,2,3,4,6,60,13.0,4.0,1.0,1,1.0,2,3,Afternoon,1.5,1,0,4,2
-0.35721,53.77887,2,1,6,3,30,13.0,4.0,1.0,1,1.0,1,2,Afternoon,0.5,1,0,4,1
-1.49766,53.59136,2,1,5,6,30,0.0,,1.0,1,1.0,1,10,Morning,0.5,1,0,1,3
-0.90031,52.2392,2,1,6,3,30,13.0,2.0,4.0,2,2.0,1,2,Afternoon,0.5,1,0,4,2
-2.95119,53.39861,2,2,6,6,30,13.0,4.0,1.0,1,1.0,1,4,Morning,1.0,1,0,4,1
-3.54859,51.56173,1,2,1,6,40,0.0,,6.0,2,2.0,2,1,Night,2.0,0,0,4,0
-1.19962,50.92404,1,1,4,6,40,0.0,,1.0,1,4.0,2,1,Morning,1.0,0,0,3,0
-1.84096,51.63932,3,2,7,3,70,0.0,,1.0,1,1.0,2,4,Afternoon,0.6666666666666666,0,0,4,0
-0.57349,51.2343,1,1,1,6,30,13.0,4.0,4.0,1,1.0,1,10,Night,1.0,1,0,1,1
-1.12677,52.92456,2,1,4,2,30,19.0,4.0,1.0,1,1.0,1,6,Evening,0.5,1,0,4,1
-0.11791,51.51753,1,1,3,3,20,18.0,1.0,1.0,2,1.0,1,10,Afternoon,1.0,1,0,4,1
-2.94799,51.24124,2,1,7,6,40,0.0,,1.0,1,1.0,2,12,Afternoon,0.5,0,0,4,0
-1.82698,52.41186,1,1,5,3,30,13.0,4.0,1.0,1,1.0,1,7,Afternoon,1.0,1,0,4,1
-1.14957,52.97627,3,1,4,6,30,13.0,4.0,1.0,1,1.0,1,7,Morning,0.3333333333333333,1,0,1,4
0.75612,51.60874,1,3,2,6,60,0.0,,6.0,1,1.0,2,4,Evening,3.0,0,1,1,0
0.07182,51.38951,1,1,5,6,30,0.0,,1.0,1,1.0,1,10,Afternoon,1.0,0,0,2,0
0.90411,51.88588,2,1,2,1,30,0.0,,1.0,1,1.0,1,10,Morning,0.5,1,0,4,1
0.53488,51.3516,2,1,4,6,30,0.0,,1.0,1,1.0,1,1,Afternoon,0.5,0,1,1,0
-1.62603,52.80702,2,1,6,2,30,13.0,4.0,1.0,1,2.0,1,6,Afternoon,0.5,1,0,4,4
-3.29989,55.93003,2,3,1,6,30,0.0,,1.0,1,2.0,1,12,Morning,1.5,1,0,1,1
-0.1334,51.30979,2,1,2,6,30,13.0,4.0,1.0,4,1.0,1,1,Afternoon,0.5,1,0,1,1
-1.5825,51.76754,1,1,6,6,40,0.0,,4.0,2,2.0,2,6,Evening,1.0,0,0,3,0
-4.19898,55.74227,2,1,4,1,30,,4.0,1.0,1,1.0,1,5,Morning,0.5,1,0,1,1
-2.25046,54.77095,1,1,5,6,60,0.0,,1.0,1,1.0,2,10,Morning,1.0,1,0,4,1
-3.04272,54.24747,2,1,4,6,50,13.0,4.0,7.0,1,1.0,2,11,Afternoon,0.5,1,0,4,1
-0.067,51.45024,1,1,2,9,20,0.0,4.0,1.0,9,9.0,1,5,Afternoon,1.0,1,0,1,1
-1.36909,50.92108,2,1,1,6,30,16.0,4.0,4.0,1,2.0,1,2,Night,0.5,1,0,1,1
-1.63364,53.71217,2,1,4,6,30,0.0,,4.0,2,2.0,1,12,Evening,0.5,1,0,1,1
-0.11467,51.46621,1,1,5,6,20,19.0,4.0,1.0,1,1.0,1,2,Evening,1.0,1,0,4,1
-0.59656,52.31842,1,1,2,3,40,0.0,,1.0,1,1.0,2,4,Afternoon,1.0,0,1,4,0
-0.04246,51.47442,2,1,2,6,20,19.0,4.0,1.0,1,2.0,1,3,Afternoon,0.5,1,0,4,4
-2.7489,53.78943,2,2,5,1,30,,4.0,1.0,2,2.0,1,4,Morning,1.0,1,0,3,3
-2.08934,53.65079,2,1,6,6,30,19.0,4.0,1.0,1,1.0,1,7,Morning,0.5,1,0,4,1
-1.74059,50.7427,2,1,5,6,40,0.0,4.0,1.0,1,1.0,1,5,Evening,0.5,1,0,4,4
0.16688,52.32628,2,1,7,6,60,0.0,,6.0,1,1.0,2,7,Evening,0.5,1,0,3,1
-0.64154,51.65346,1,1,1,6,60,0.0,,6.0,1,4.0,2,3,Night,1.0,0,0,4,0
-0.33287,51.4394,2,1,3,1,20,0.0,4.0,1.0,4,1.0,1,11,Afternoon,0.5,1,0,4,4
-2.2384,53.32682,2,1,7,6,30,17.0,4.0,1.0,1,1.0,1,11,Afternoon,0.5,1,0,4,1
-0.308,51.618,2,1,1,6,30,13.0,2.0,4.0,2,2.0,1,3,Night,0.5,1,0,4,4
-4.08301,50.36086,2,2,4,1,30,,4.0,1.0,1,1.0,1,10,Afternoon,1.0,1,0,1,1
-1.06981,52.22943,2,1,2,6,30,19.0,4.0,1.0,1,1.0,2,6,Morning,0.5,1,0,4,1
-2.57441,53.40586,2,1,6,6,30,13.0,4.0,4.0,1,1.0,1,1,Evening,0.5,1,0,4,1
0.62649,51.80264,2,1,6,6,30,13.0,4.0,1.0,2,2.0,1,2,Morning,0.5,1,0,1,1
-0.04865,51.5133,1,1,7,6,20,13.0,4.0,1.0,9,9.0,1,3,Afternoon,1.0,1,0,4,1
-4.18764,50.40157,2,1,2,6,30,17.0,4.0,4.0,1,1.0,1,8,Evening,0.5,1,0,1,1
-1.37894,53.40794,1,1,2,6,30,0.0,,1.0,1,1.0,1,9,Afternoon,1.0,1,0,3,4
-0.1641,51.40725,2,1,1,3,30,13.0,2.0,5.0,1,1.0,1,3,Night,0.5,1,0,4,4
-2.13709,53.28821,2,2,6,6,30,13.0,4.0,4.0,1,2.0,1,8,Evening,1.0,1,0,4,1
-0.50922,52.03157,2,2,6,6,60,13.0,4.0,1.0,1,1.0,2,3,Afternoon,1.0,1,0,4,3
-1.54506,53.78654,1,3,7,2,30,0.0,,4.0,1,1.0,1,11,Morning,3.0,1,0,4,6
-0.05326,51.51422,2,1,6,6,20,16.0,2.0,1.0,1,1.0,1,7,Afternoon,0.5,1,0,4,2
-1.20488,51.74992,2,1,1,6,30,0.0,,1.0,1,1.0,1,9,Afternoon,0.5,0,0,3,0
-4.10308,55.0468,1,1,6,6,60,0.0,,1.0,2,2.0,2,12,Morning,1.0,1,0,4,1
-1.45201,53.60178,2,1,3,6,20,0.0,,1.0,1,1.0,1,5,Afternoon,0.5,0,1,1,0
-1.56531,53.34956,2,1,1,6,40,13.0,4.0,1.0,4,2.0,2,6,Afternoon,0.5,1,0,1,1
-2.37492,53.74499,2,1,3,6,30,0.0,,1.0,1,1.0,1,6,Afternoon,0.5,1,0,1,1
-2.98287,51.59876,2,1,2,6,20,16.0,4.0,1.0,2,2.0,1,5,Afternoon,0.5,1,0,1,1
0.25981,51.15688,2,1,4,6,30,13.0,4.0,1.0,1,1.0,1,11,Afternoon,0.5,1,0,4,1
-1.20677,54.51952,1,2,1,6,30,0.0,,1.0,1,1.0,1,8,Afternoon,2.0,0,1,1,0
0.99567,52.6222,2,1,2,6,60,13.0,4.0,1.0,1,1.0,2,5,Morning,0.5,1,0,3,1
-1.41555,53.69981,2,1,2,6,30,16.0,2.0,1.0,1,1.0,1,10,Afternoon,0.5,1,0,1,1
-1.79436,53.77553,2,1,7,6,30,19.0,2.0,1.0,1,1.0,1,6,Evening,0.5,1,0,1,1
-1.25541,53.12918,1,1,3,6,30,0.0,,1.0,2,2.0,1,1,Morning,1.0,1,0,1,1
-2.16681,50.85269,2,1,1,1,30,0.0,4.0,1.0,1,1.0,2,3,Afternoon,0.5,1,0,2,1
-0.62088,51.95152,3,3,5,6,60,0.0,,7.0,8,2.0,2,12,Evening,1.0,0,1,4,0
-4.15854,50.41193,1,1,2,6,20,19.0,4.0,1.0,1,1.0,1,6,Afternoon,1.0,1,0,1,1
-0.17469,51.52396,2,1,6,6,20,13.0,4.0,1.0,1,1.0,1,5,Afternoon,0.5,1,0,1,1
-1.16492,50.6561,1,1,4,6,20,0.0,,1.0,2,2.0,1,2,Afternoon,1.0,0,0,1,0
-2.24801,53.48683,1,1,6,7,30,0.0,,1.0,1,1.0,1,3,Morning,1.0,1,0,3,1
-0.55826,51.42618,2,2,5,6,30,0.0,,4.0,1,1.0,1,10,Evening,1.0,1,0,1,1
0.30188,51.49451,3,1,5,3,70,0.0,,1.0,1,2.0,2,10,Morning,0.3333333333333333,0,1,4,0
-3.32672,52.53257,2,1,5,6,60,0.0,,1.0,1,1.0,2,3,Afternoon,0.5,0,1,1,0
-0.75506,52.03721,2,1,7,3,70,0.0,4.0,1.0,1,1.0,1,8,Afternoon,0.5,1,0,2,2
-1.33971,53.46532,1,1,7,6,30,0.0,,1.0,1,1.0,1,8,Afternoon,1.0,1,0,4,1
1.23154,52.06223,1,1,5,6,30,13.0,4.0,1.0,2,2.0,1,3,Afternoon,1.0,1,0,1,1
-0.4093,51.47914,3,1,2,9,40,,2.0,1.0,2,2.0,1,4,Morning,0.3333333333333333,1,0,4,1
-1.63511,50.90437,2,2,3,3,70,0.0,,1.0,1,1.0,2,10,Morning,1.0,0,0,4,0
-0.20199,54.14277,2,2,1,6,60,0.0,,1.0,1,2.0,2,7,Evening,1.0,0,1,3,0
-0.23768,52.12537,2,4,1,6,50,13.0,4.0,1.0,2,2.0,2,3,Afternoon,2.0,1,0,3,1
-0.05549,51.52718,4,1,1,6,30,0.0,,1.0,1,2.0,1,6,Morning,0.25,0,0,4,0
-1.47816,54.86028,2,1,5,6,30,13.0,4.0,1.0,1,1.0,1,3,Morning,0.5,1,0,4,1
-0.08167,51.39657,1,1,6,6,20,16.0,2.0,1.0,1,1.0,1,9,Afternoon,1.0,1,0,4,2
-0.15671,51.16674,1,1,2,6,30,0.0,,1.0,1,2.0,1,12,Morning,1.0,1,0,1,1
-0.81495,51.40126,2,2,5,6,40,18.0,4.0,1.0,1,1.0,2,6,Afternoon,1.0,1,0,1,1
-2.60281,51.43377,2,1,3,6,30,16.0,4.0,4.0,1,2.0,1,2,Evening,0.5,1,0,3,1
-0.17013,51.12653,2,2,5,1,40,0.0,,1.0,2,2.0,1,8,Afternoon,1.0,1,0,4,4
-2.11236,51.27456,1,1,2,6,30,0.0,,1.0,4,2.0,2,1,Morning,1.0,0,0,3,0
-4.2563,55.8934,4,3,5,6,30,19.0,4.0,1.0,1,1.0,1,2,Morning,0.75,1,0,1,1
-2.9482,53.40412,2,2,4,6,30,16.0,2.0,4.0,1,2.0,1,11,Evening,1.0,1,0,3,3
1.09202,52.10559,2,1,3,6,20,0.0,,4.0,7,1.0,2,10,Morning,0.5,0,1,1,0
-1.1677,52.55253,2,2,2,6,60,16.0,4.0,1.0,1,1.0,2,6,Morning,1.0,1,0,2,1
-3.0016,53.65362,1,1,3,6,30,0.0,,1.0,1,1.0,1,7,Afternoon,1.0,0,0,1,0
-0.06015,51.4739,2,1,6,6,20,13.0,4.0,1.0,1,1.0,1,6,Morning,0.5,1,0,4,1
1.30058,52.63338,1,1,2,6,20,13.0,4.0,1.0,1,2.0,1,2,Morning,1.0,1,0,1,1
-1.19158,52.95266,2,1,4,3,40,0.0,,1.0,1,1.0,1,11,Morning,0.5,1,0,4,1
-1.46701,52.51934,1,1,5,3,40,13.0,4.0,1.0,2,2.0,1,2,Afternoon,1.0,1,0,4,1
-2.01464,52.56832,2,2,5,6,30,0.0,,1.0,7,2.0,1,12,Afternoon,1.0,1,0,1,1
-1.04225,51.26322,2,1,6,6,40,16.0,2.0,4.0,1,2.0,1,1,Evening,0.5,1,0,4,1
0.67149,50.91743,1,1,7,6,30,19.0,4.0,6.0,8,2.0,2,3,Evening,1.0,1,0,4,1
-0.07005,51.63431,2,1,3,3,40,16.0,2.0,4.0,1,1.0,1,10,Evening,0.5,1,0,4,2
-0.10941,51.48621,6,1,2,2,20,19.0,3.0,1.0,1,1.0,1,4,Afternoon,0.16666666666666666,1,0,1,1
0.50049,51.40232,1,1,3,6,30,0.0,,4.0,1,1.0,1,11,Night,1.0,1,0,1,1
-1.40625,53.69903,1,1,6,6,20,0.0,,1.0,1,1.0,1,4,Morning,1.0,1,0,1,1
0.17927,53.19184,2,1,4,6,60,0.0,,1.0,1,1.0,2,10,Morning,0.5,0,0,4,0
-0.59109,53.75572,3,3,3,6,60,16.0,3.0,1.0,1,1.0,2,9,Afternoon,1.0,1,0,1,1
-0.46112,52.37273,2,2,4,3,70,0.0,,4.0,2,2.0,2,9,Evening,1.0,1,0,4,1
-5.17754,50.3115,1,1,1,6,40,13.0,4.0,1.0,1,1.0,2,6,Evening,1.0,1,0,3,1
-1.83128,52.45257,2,1,2,6,30,13.0,4.0,1.0,1,1.0,1,10,Morning,0.5,1,0,1,4
1.42007,51.36872,2,2,2,6,30,0.0,,1.0,1,1.0,1,8,Afternoon,1.0,1,0,1,1
-1.32234,53.38489,2,1,3,6,50,0.0,,1.0,1,1.0,2,11,Afternoon,0.5,1,0,4,1
-0.19027,52.33,2,1,7,6,30,0.0,,1.0,1,1.0,1,3,Afternoon,0.5,1,0,3,1
-0.42126,51.4504,2,1,7,9,20,,9.0,4.0,8,1.0,1,5,Morning,0.5,1,0,3,1
0.11146,51.3933,2,1,7,6,30,13.0,2.0,1.0,1,1.0,1,3,Morning,0.5,1,0,4,1
-1.54582,53.84646,2,1,6,6,40,0.0,,4.0,1,1.0,1,5,Evening,0.5,0,1,4,0
-2.05469,51.90081,2,1,7,1,30,,4.0,1.0,1,1.0,1,7,Afternoon,0.5,1,0,1,3
0.07487,51.55019,2,1,5,6,30,13.0,4.0,4.0,1,1.0,1,11,Evening,0.5,1,0,4,1
-0.1322,51.64792,1,1,3,6,30,0.0,,1.0,1,1.0,1,2,Afternoon,1.0,0,0,4,0
-2.90996,53.15124,2,1,6,6,50,0.0,,1.0,1,1.0,2,8,Afternoon,0.5,0,1,2,0
-1.30483,54.58274,2,1,2,6,30,13.0,4.0,1.0,1,1.0,1,10,Afternoon,0.5,1,0,1,1
-0.41407,51.68665,2,1,1,1,30,,4.0,1.0,1,2.0,1,9,Afternoon,0.5,1,0,1,1
-1.83915,52.4761,1,1,3,6,30,0.0,,1.0,1,2.0,1,11,Afternoon,1.0,1,0,1,1
-1.57527,50.92514,2,1,3,6,60,13.0,4.0,1.0,1,1.0,1,2,Morning,0.5,1,0,4,1
-1.45311,53.3945,1,3,3,6,30,19.0,4.0,5.0,1,1.0,1,5,Evening,3.0,1,0,1,1
-1.23512,54.53135,4,2,5,3,70,0.0,,4.0,1,2.0,1,1,Afternoon,0.5,0,0,4,0
-0.14274,51.45785,4,1,5,6,20,13.0,4.0,4.0,2,2.0,1,12,Afternoon,0.25,1,0,4,1
-2.68364,51.48666,1,1,4,6,30,0.0,,1.0,1,1.0,2,6,Afternoon,1.0,0,0,4,0
-0.17662,51.46391,2,1,1,6,20,13.0,4.0,4.0,1,2.0,1,11,Evening,0.5,1,0,2,1
0.19596,51.98959,5,1,2,3,70,0.0,,1.0,1,1.0,2,4,Afternoon,0.2,0,1,6,0
-2.5921,51.47935,2,1,5,6,20,0.0,,1.0,1,1.0,1,9,Afternoon,0.5,0,0,1,0
-1.03745,52.94923,2,2,1,6,30,19.0,4.0,1.0,1,1.0,2,2,Afternoon,1.0,1,0,1,1
-1.5164,52.36725,1,1,3,3,70,0.0,,1.0,1,1.0,2,1,Afternoon,1.0,0,1,4,0
-0.22067,51.92701,1,2,7,7,70,0.0,,4.0,1,1.0,2,1,Evening,2.0,1,0,5,4
-0.21895,51.15444,2,2,2,6,30,13.0,4.0,1.0,1,1.0,2,5,Morning,1.0,1,0,1,1
-0.01318,51.75642,2,1,5,1,30,,4.0,4.0,8,2.0,1,1,Evening,0.5,1,0,4,1
-2.1611,50.96433,2,1,7,6,40,13.0,4.0,1.0,1,1.0,2,4,Afternoon,0.5,1,0,2,1
0.04154,52.80924,2,2,3,6,60,13.0,4.0,1.0,1,1.0,2,4,Afternoon,1.0,1,0,4,2
-1.30829,53.39806,3,1,3,3,70,0.0,,1.0,1,2.0,2,5,Morning,0.3333333333333333,0,1,6,0
-2.24621,51.18218,1,1,4,6,60,0.0,,1.0,2,2.0,2,5,Morning,1.0,0,0,2,0
-0.264,51.56515,2,1,7,6,30,,9.0,4.0,1,1.0,1,2,Evening,0.5,1,0,4,1
1.14768,52.05969,1,1,5,1,30,,4.0,1.0,1,1.0,1,10,Afternoon,1.0,1,0,4,4
-1.4751,53.55281,2,1,3,7,30,,4.0,4.0,1,1.0,1,9,Evening,0.5,1,0,4,4
-0.50752,51.87873,2,1,3,6,30,0.0,,1.0,2,2.0,1,7,Evening,0.5,1,0,1,1
0.34982,51.89501,3,2,1,6,60,0.0,,6.0,1,2.0,2,11,Evening,0.6666666666666666,1,0,3,1
-0.20801,51.47348,2,1,3,6,20,13.0,4.0,1.0,2,2.0,1,4,Morning,0.5,1,0,4,1
-0.14111,51.5524,1,1,4,6,20,13.0,4.0,1.0,1,9.0,1,7,Morning,1.0,1,0,4,1
-0.07296,51.56696,2,1,4,6,20,18.0,4.0,1.0,1,1.0,1,5,Afternoon,0.5,1,0,4,1
1.35267,52.09204,2,1,5,6,60,13.0,4.0,1.0,1,1.0,2,5,Afternoon,0.5,1,0,3,1
-0.40336,51.41126,1,1,3,6,30,13.0,4.0,4.0,8,1.0,1,12,Afternoon,1.0,1,0,1,1
-2.23871,53.47193,2,1,6,6,30,0.0,,1.0,2,2.0,1,12,Afternoon,0.5,1,0,4,1
-1.99978,52.50084,2,1,3,6,30,13.0,4.0,1.0,1,2.0,1,5,Evening,0.5,1,0,1,1
-1.61101,54.55425,2,1,5,6,60,13.0,4.0,1.0,8,2.0,2,1,Morning,0.5,1,0,1,1
-1.65392,54.98574,1,1,5,6,30,0.0,,1.0,1,1.0,1,6,Evening,1.0,1,0,1,1
-2.57169,51.51642,1,2,4,3,40,13.0,2.0,1.0,1,1.0,1,5,Afternoon,2.0,1,0,4,1
-2.21178,51.83668,2,2,5,6,40,0.0,,4.0,1,2.0,1,2,Morning,1.0,1,0,3,1
0.22691,51.42593,2,1,4,3,70,0.0,,7.0,8,1.0,2,1,Evening,0.5,0,1,4,0
-1.16712,50.82842,2,2,2,6,40,13.0,2.0,1.0,1,1.0,1,9,Morning,1.0,1,0,4,1
-1.84859,52.44297,2,1,4,6,30,16.0,4.0,1.0,1,1.0,1,9,Afternoon,0.5,1,0,3,1
-3.50319,50.72396,1,1,2,6,30,0.0,,1.0,9,1.0,1,3,Morning,1.0,1,0,1,1
-1.62769,52.81971,3,1,5,6,30,0.0,,1.0,1,2.0,1,1,Morning,0.3333333333333333,1,0,4,1
-1.73383,54.96412,2,2,5,1,60,,4.0,1.0,1,1.0,2,9,Evening,1.0,1,0,4,2
-0.28181,52.54147,1,1,7,1,70,,2.0,4.0,1,2.0,2,1,Evening,1.0,1,0,4,1
-1.8864,52.47497,2,1,6,3,20,19.0,4.0,1.0,1,1.0,1,3,Afternoon,0.5,1,0,3,1
-2.72549,50.96099,3,1,3,6,60,0.0,,6.0,1,1.0,2,12,Evening,0.3333333333333333,0,0,4,0
-0.36409,51.36201,2,1,5,6,30,0.0,,1.0,8,1.0,1,2,Afternoon,0.5,1,0,4,1
-0.07107,51.5502,2,1,3,6,20,13.0,4.0,4.0,2,2.0,1,5,Evening,0.5,1,0,2,2
-1.2169,52.97394,1,1,4,6,30,0.0,,6.0,1,1.0,1,3,Afternoon,1.0,1,0,3,1
-2.04569,52.45267,2,1,2,1,30,0.0,,4.0,1,1.0,1,9,Evening,0.5,1,0,4,4
-0.13381,51.51083,2,1,3,6,20,13.0,2.0,1.0,2,2.0,1,10,Afternoon,0.5,1,0,4,1
-0.39788,51.66865,2,1,3,6,40,13.0,4.0,1.0,1,1.0,1,11,Afternoon,0.5,1,0,4,1
-0.54805,51.36061,2,1,4,6,40,0.0,,6.0,1,1.0,2,2,Evening,0.5,1,0,4,1
-1.47666,53.51548,2,1,2,6,30,0.0,,1.0,1,1.0,1,10,Morning,0.5,1,0,1,1
-1.98806,52.57445,1,1,7,6,30,19.0,4.0,1.0,1,1.0,1,7,Afternoon,1.0,1,0,1,1
-1.71679,53.82546,2,1,4,6,30,0.0,,1.0,2,2.0,1,3,Afternoon,0.5,1,0,1,4
-0.11648,50.81862,2,1,5,6,20,13.0,,1.0,2,2.0,1,2,Afternoon,0.5,1,0,1,1
-1.95583,52.37158,2,1,6,6,40,19.0,4.0,1.0,1,1.0,2,5,Afternoon,0.5,1,0,4,1
-1.54245,53.7388,1,1,6,6,30,0.0,,7.0,1,1.0,1,6,Evening,1.0,0,1,1,0
-0.99406,53.57062,3,1,6,3,70,0.0,,1.0,1,1.0,2,2,Afternoon,0.3333333333333333,0,1,6,0
-1.55672,53.79856,3,1,4,3,40,0.0,,4.0,2,2.0,1,12,Evening,0.3333333333333333,1,0,4,1
0.47719,51.23705,2,1,7,6,60,13.0,4.0,1.0,1,1.0,2,5,Afternoon,0.5,1,0,3,1
-0.14544,52.94675,2,1,3,6,60,13.0,4.0,1.0,1,2.0,2,12,Afternoon,0.5,1,0,4,2
-2.44542,53.4,2,1,1,6,30,13.0,,1.0,1,1.0,2,5,Afternoon,0.5,1,0,1,4
-1.64062,51.83135,2,1,5,6,50,16.0,4.0,6.0,2,2.0,2,3,Evening,0.5,1,0,4,1
0.16126,51.58897,2,2,2,6,30,18.0,4.0,4.0,8,2.0,1,1,Evening,1.0,1,0,2,1
-0.55502,51.72935,2,1,4,6,30,0.0,,1.0,1,1.0,2,7,Morning,0.5,0,0,1,0
-0.00257,51.13158,1,1,7,6,30,0.0,,1.0,1,2.0,1,1,Morning,1.0,1,0,4,1
-0.71275,51.57914,1,1,5,6,30,18.0,4.0,1.0,1,1.0,1,5,Afternoon,1.0,1,0,4,1
-2.0776,53.48671,2,1,2,6,30,13.0,4.0,1.0,2,2.0,1,9,Morning,0.5,1,0,1,4
-1.27149,52.89896,2,1,4,6,30,0.0,,1.0,1,1.0,1,3,Afternoon,0.5,0,0,3,0
-0.10019,53.51632,1,1,6,6,30,19.0,4.0,1.0,1,1.0,1,8,Morning,1.0,1,0,1,1
-0.30059,52.03976,2,2,6,6,30,13.0,4.0,4.0,1,1.0,1,3,Night,1.0,1,0,1,1
-2.89729,53.39704,2,1,7,3,30,0.0,4.0,4.0,1,1.0,1,2,Evening,0.5,1,0,4,1
-1.47217,52.89622,2,1,6,1,40,0.0,4.0,4.0,1,1.0,1,2,Evening,0.5,1,0,4,1
-2.77668,51.45371,2,1,4,3,70,0.0,,1.0,1,1.0,2,12,Afternoon,0.5,0,0,6,0
-0.10686,51.53378,1,1,4,2,20,19.0,4.0,1.0,8,1.0,1,4,Afternoon,1.0,1,0,3,1
-1.41,51.43066,2,1,6,6,60,16.0,4.0,6.0,1,1.0,2,2,Evening,0.5,1,0,3,1
-3.43488,51.18408,2,1,5,6,60,0.0,,1.0,9,1.0,2,4,Morning,0.5,0,0,4,0
-1.14916,52.96081,1,1,7,6,30,0.0,,4.0,5,2.0,1,12,Afternoon,1.0,1,0,4,1
-2.11549,53.53459,2,1,1,3,40,13.0,2.0,4.0,1,1.0,1,8,Evening,0.5,1,0,4,1
-1.89958,50.72356,3,1,6,3,60,0.0,,1.0,1,1.0,1,5,Morning,0.3333333333333333,0,0,4,0
-1.94618,52.45975,2,1,6,6,20,0.0,,1.0,1,1.0,1,11,Afternoon,0.5,1,0,3,1
-2.10147,52.56498,3,2,7,6,30,0.0,,1.0,1,2.0,1,10,Morning,0.6666666666666666,0,1,4,0
-1.63827,51.55293,1,1,5,6,60,0.0,,6.0,1,1.0,2,10,Evening,1.0,0,0,1,0
-0.11665,51.47786,2,1,6,6,20,,9.0,1.0,1,1.0,1,8,Evening,0.5,1,0,4,1
-0.08913,51.50066,2,1,1,6,20,13.0,4.0,1.0,1,1.0,1,7,Afternoon,0.5,1,0,4,1
1.19904,52.04342,3,1,2,6,40,13.0,4.0,1.0,1,1.0,1,4,Evening,0.3333333333333333,1,0,1,4
-0.05698,51.43476,2,1,2,6,20,13.0,4.0,4.0,1,1.0,1,3,Evening,0.5,1,0,4,1
-0.11302,52.44273,2,2,3,6,20,0.0,,1.0,2,2.0,2,4,Afternoon,1.0,1,0,3,1
-0.10867,51.54645,2,1,2,6,20,13.0,4.0,1.0,1,1.0,1,9,Evening,0.5,1,0,3,1
-5.38284,50.11279,1,2,1,6,30,19.0,3.0,4.0,1,1.0,2,4,Night,2.0,1,0,4,1
-1.54699,53.64215,3,1,6,6,30,16.0,4.0,1.0,7,2.0,1,12,Afternoon,0.3333333333333333,1,0,4,1
-0.32914,51.21859,2,1,1,6,30,0.0,,1.0,8,1.0,1,5,Afternoon,0.5,1,0,4,1
-3.53615,50.69944,1,1,5,6,20,13.0,4.0,1.0,8,1.0,1,9,Evening,1.0,1,0,1,1
0.08384,51.56812,2,1,7,6,30,0.0,,1.0,1,1.0,1,7,Morning,0.5,0,0,2,0
-4.0411,51.71437,1,1,4,6,20,0.0,,4.0,1,1.0,2,12,Evening,1.0,0,0,4,0
0.59434,51.65113,1,1,1,6,60,0.0,,1.0,1,1.0,2,11,Afternoon,1.0,0,1,1,0
-2.59538,51.43646,2,1,2,6,20,13.0,4.0,4.0,2,2.0,1,1,Evening,0.5,1,0,1,1
-1.90423,53.25346,2,2,5,6,30,0.0,4.0,4.0,1,1.0,2,11,Evening,1.0,1,0,1,4
-1.60962,53.74897,2,1,5,6,30,13.0,2.0,4.0,2,2.0,1,1,Afternoon,0.5,1,0,4,1
-0.05089,51.64867,2,1,6,6,30,0.0,,4.0,1,2.0,1,3,Evening,0.5,0,0,4,0
-3.03776,52.8938,1,1,5,6,30,13.0,4.0,1.0,1,1.0,2,12,Morning,1.0,1,0,3,1
-2.86691,53.21288,2,1,5,6,50,13.0,2.0,1.0,1,1.0,1,2,Morning,0.5,1,0,4,1
-2.14178,53.53822,1,1,3,6,20,13.0,4.0,1.0,1,1.0,1,5,Afternoon,1.0,1,0,1,1
-1.76888,54.97261,2,1,3,6,30,16.0,4.0,1.0,1,1.0,1,5,Morning,0.5,1,0,3,1
-0.23417,51.76968,2,1,4,3,30,19.0,,4.0,1,,2,1,Afternoon,0.5,1,0,1,4
-0.29183,51.07836,2,1,5,6,30,19.0,4.0,1.0,1,1.0,1,6,Morning,0.5,1,0,3,1
-0.10289,51.5415,1,1,7,9,20,,9.0,7.0,9,9.0,1,4,Evening,1.0,1,0,4,4
-0.99723,52.13967,2,2,7,1,40,13.0,2.0,1.0,1,1.0,2,7,Afternoon,1.0,1,0,4,4
-3.63045,55.61715,2,1,4,6,60,13.0,4.0,1.0,1,1.0,2,10,Afternoon,0.5,1,0,4,1
-1.85459,51.67373,1,1,6,6,30,13.0,4.0,1.0,1,1.0,2,7,Morning,1.0,1,0,1,1
-0.22944,51.49259,2,1,5,2,20,19.0,4.0,1.0,1,1.0,1,8,Morning,0.5,1,0,4,1
-2.21271,51.30686,2,1,6,1,30,0.0,4.0,4.0,8,2.0,1,12,Afternoon,0.5,1,0,4,1
-1.67149,53.89362,1,1,2,6,60,0.0,,6.0,7,2.0,2,1,Evening,1.0,1,0,1,1
-0.32208,51.59027,3,2,7,1,30,0.0,4.0,1.0,1,1.0,1,9,Afternoon,0.6666666666666666,1,0,1,1
-1.85905,52.4986,2,3,2,1,30,0.0,,1.0,1,1.0,1,8,Morning,1.5,0,1,1,0
-0.51766,51.42771,2,1,5,6,30,0.0,,1.0,1,1.0,1,8,Morning,0.5,1,0,1,1
-0.14588,51.39478,2,2,6,6,30,0.0,,1.0,9,9.0,1,10,Morning,1.0,0,0,3,0
0.14275,51.8616,1,1,7,6,30,0.0,,1.0,1,1.0,1,3,Afternoon,1.0,1,0,1,1
-4.96677,50.43354,2,1,7,6,60,13.0,4.0,1.0,2,2.0,2,5,Evening,0.5,1,0,4,1
0.23446,51.41592,2,1,6,6,30,,4.0,4.0,8,1.0,2,2,Evening,0.5,1,0,4,1
-2.08471,50.79814,1,1,4,6,40,0.0,,6.0,1,2.0,2,10,Night,1.0,0,0,4,0
-2.04079,55.03857,2,1,6,6,60,0.0,,1.0,1,1.0,2,4,Afternoon,0.5,0,1,4,0
-0.07064,51.48565,2,1,5,6,20,19.0,4.0,1.0,1,1.0,1,6,Morning,0.5,1,0,4,1
-1.46554,54.32343,2,2,7,6,60,16.0,4.0,1.0,1,1.0,2,5,Morning,1.0,1,0,4,1
-3.22667,51.59181,3,2,5,1,70,0.0,4.0,1.0,1,1.0,1,7,Evening,0.6666666666666666,1,0,4,4
0.2124,50.90114,2,2,7,6,60,0.0,,6.0,1,1.0,2,8,Evening,1.0,0,1,1,0
1.11314,52.37859,1,1,5,6,30,19.0,4.0,1.0,1,1.0,1,6,Afternoon,1.0,1,0,1,1
0.03566,51.52962,5,1,6,6,20,19.0,4.0,4.0,1,1.0,1,11,Night,0.2,1,0,4,1
-1.22151,54.56589,1,2,6,6,30,0.0,,1.0,1,1.0,1,10,Afternoon,2.0,0,1,4,0
-0.27075,51.97722,2,2,7,6,60,0.0,,6.0,1,2.0,2,1,Evening,1.0,0,1,1,0
-3.00416,53.23337,2,3,5,1,50,0.0,4.0,4.0,1,2.0,2,1,Morning,1.5,1,0,4,1
-0.34794,51.38387,2,1,6,6,30,0.0,,1.0,9,,1,5,Afternoon,0.5,1,0,1,1
-0.23035,51.26006,2,2,1,3,70,0.0,,1.0,1,1.0,2,6,Evening,1.0,0,1,6,0
0.51624,51.41458,2,4,4,3,60,0.0,,1.0,1,1.0,2,5,Afternoon,2.0,1,0,4,4
-1.47889,52.8976,2,1,2,6,40,16.0,2.0,1.0,1,1.0,1,3,Morning,0.5,1,0,4,1
-2.09472,57.17122,1,1,2,6,30,13.0,2.0,4.0,2,2.0,1,2,Evening,1.0,1,0,4,1
-0.07626,51.48791,2,1,4,3,20,16.0,2.0,4.0,8,2.0,1,7,Night,0.5,1,0,4,3
0.07741,51.52677,2,2,1,3,50,0.0,4.0,1.0,1,1.0,2,6,Morning,1.0,1,0,4,4
-0.16411,51.52093,2,1,5,3,20,16.0,2.0,1.0,1,1.0,1,2,Afternoon,0.5,1,0,4,2
-0.12842,51.44691,2,1,2,9,30,16.0,4.0,4.0,1,1.0,1,10,Evening,0.5,1,0,4,2
0.80506,51.19584,1,4,7,6,60,0.0,,6.0,1,1.0,2,7,Evening,4.0,1,0,4,1
-2.12455,52.62667,2,1,6,6,30,0.0,,1.0,1,1.0,1,7,Evening,0.5,0,1,1,0
-0.40348,51.8887,1,1,6,6,30,0.0,,4.0,2,2.0,1,12,Evening,1.0,1,0,1,1
-3.08252,53.34748,2,1,2,6,30,0.0,,1.0,1,1.0,2,10,Morning,0.5,0,0,4,0
0.01659,51.55782,2,1,7,6,20,13.0,4.0,1.0,1,1.0,1,9,Evening,0.5,1,0,1,2
-0.72671,51.66008,2,1,7,6,30,0.0,,1.0,2,2.0,1,11,Afternoon,0.5,0,0,2,0
-0.25504,52.56402,2,1,7,6,30,13.0,4.0,1.0,1,1.0,1,11,Afternoon,0.5,1,0,4,1
-4.08301,55.90944,1,1,5,6,30,13.0,4.0,4.0,2,2.0,1,2,Evening,1.0,1,0,1,1
-3.15362,50.71595,2,1,3,6,60,13.0,3.0,6.0,8,1.0,2,11,Afternoon,0.5,1,0,4,1
-0.11219,51.52368,2,1,6,6,20,16.0,4.0,1.0,1,1.0,1,8,Morning,0.5,1,0,2,1
0.54117,51.37645,2,1,1,6,30,13.0,4.0,1.0,1,1.0,1,4,Evening,0.5,1,0,1,4
-0.90696,52.32616,2,1,1,6,30,0.0,,1.0,1,1.0,2,8,Morning,0.5,0,1,1,0
-0.90485,51.77688,2,1,5,6,60,0.0,,1.0,2,2.0,2,3,Afternoon,0.5,0,0,2,0
-2.72899,53.79929,2,1,1,3,70,0.0,,1.0,1,1.0,2,8,Evening,0.5,0,1,6,0
-1.38981,53.13676,2,1,6,6,30,13.0,4.0,1.0,1,1.0,2,10,Afternoon,0.5,1,0,3,1
-0.12879,51.53352,2,1,3,9,20,,9.0,1.0,9,9.0,1,4,Afternoon,0.5,1,0,4,1
1.04719,51.26894,2,1,5,6,30,0.0,,4.0,1,1.0,1,11,Afternoon,0.5,1,0,4,1
0.34855,53.17662,2,1,3,6,40,13.0,4.0,1.0,1,1.0,1,5,Morning,0.5,1,0,4,1
-1.46044,54.92242,1,1,7,6,30,13.0,4.0,1.0,1,1.0,2,9,Morning,1.0,1,0,1,1
0.63318,51.94383,1,1,4,6,30,13.0,4.0,1.0,1,1.0,1,1,Afternoon,1.0,1,0,4,1
-0.08792,51.52546,2,1,1,1,20,0.0,2.0,1.0,8,1.0,1,6,Afternoon,0.5,1,0,4,4
-1.15479,52.94118,6,1,6,6,30,0.0,,1.0,8,4.0,1,11,Morning,0.16666666666666666,1,0,1,1
-0.2465,51.35392,3,1,6,6,40,,4.0,1.0,1,1.0,1,4,Evening,0.3333333333333333,1,0,3,1
-1.0067,53.57444,2,2,6,6,30,13.0,4.0,1.0,1,1.0,1,6,Evening,1.0,1,0,1,4
-0.49837,51.5619,2,2,3,1,60,0.0,2.0,1.0,1,1.0,2,7,Afternoon,1.0,1,0,6,4
-1.67324,51.61618,1,1,5,6,60,0.0,,1.0,1,1.0,2,8,Afternoon,1.0,0,0,3,0
0.25863,51.49357,2,1,1,3,50,0.0,,4.0,1,1.0,2,6,Evening,0.5,0,1,4,0
-0.20718,51.50676,2,1,3,6,20,13.0,4.0,1.0,1,1.0,1,1,Afternoon,0.5,1,0,4,2
0.02984,51.58937,2,1,3,6,30,13.0,4.0,4.0,1,1.0,1,1,Evening,0.5,1,0,4,1
0.1962,51.44451,1,1,7,6,20,0.0,,1.0,1,1.0,1,4,Afternoon,1.0,1,0,1,1
-1.19305,53.16288,2,1,5,6,30,,3.0,1.0,2,2.0,1,5,Afternoon,0.5,1,0,4,3
0.17992,51.4351,3,1,2,7,70,0.0,,1.0,1,1.0,2,10,Morning,0.3333333333333333,1,0,4,4
1.32847,52.63562,2,1,7,6,30,0.0,,4.0,1,1.0,1,8,Evening,0.5,1,0,1,4
-1.13725,52.61405,2,1,7,6,30,16.0,2.0,1.0,1,2.0,1,1,Morning,0.5,1,0,3,1
-0.18187,51.49341,2,1,2,6,20,16.0,2.0,1.0,1,1.0,1,8,Afternoon,0.5,1,0,2,2
0.05259,52.30614,2,1,5,6,30,0.0,,1.0,1,,2,8,Afternoon,0.5,1,0,3,1
-1.65104,53.71193,4,1,2,6,40,0.0,,4.0,1,1.0,1,1,Evening,0.25,1,0,1,1
-2.70029,53.34329,2,1,3,6,30,0.0,,1.0,2,2.0,1,10,Morning,0.5,0,1,1,0
-2.00134,52.40852,1,1,3,6,30,0.0,,1.0,1,1.0,1,1,Afternoon,1.0,0,1,1,0
-0.22233,51.55848,2,1,2,6,30,13.0,3.0,1.0,1,1.0,1,5,Afternoon,0.5,1,0,1,1
0.06468,51.57227,2,2,3,7,20,13.0,2.0,4.0,8,1.0,1,8,Evening,1.0,1,0,4,3
-1.71651,53.17543,2,1,5,6,60,16.0,4.0,1.0,1,1.0,2,9,Afternoon,0.5,1,0,2,2
0.10294,51.56182,6,1,6,6,30,13.0,4.0,7.0,9,1.0,1,3,Evening,0.16666666666666666,1,0,4,1
-2.87717,53.46449,2,1,4,3,40,16.0,4.0,1.0,1,1.0,1,6,Morning,0.5,1,0,4,4
-3.38045,55.97863,1,1,7,3,50,0.0,,4.0,1,2.0,2,12,Evening,1.0,0,1,4,0
-2.19143,51.26335,2,1,5,6,30,0.0,,1.0,1,1.0,1,6,Morning,0.5,0,0,3,0
-0.78057,53.39417,2,2,6,6,60,0.0,,1.0,1,1.0,2,4,Afternoon,1.0,1,0,4,1
-1.59333,54.22288,2,2,6,9,60,16.0,4.0,6.0,1,2.0,2,1,Night,1.0,1,0,3,1
1.26969,52.63518,2,1,3,6,30,16.0,2.0,1.0,1,1.0,1,8,Afternoon,0.5,1,0,1,4
-2.9156,56.48003,2,1,6,3,20,0.0,,1.0,1,1.0,1,11,Afternoon,0.5,1,0,1,1
-0.06722,51.57202,1,2,7,6,20,19.0,2.0,4.0,1,1.0,1,1,Evening,2.0,1,0,4,1
-1.77777,53.61596,2,1,6,6,30,0.0,,1.0,7,4.0,2,12,Afternoon,0.5,1,0,1,1
-0.28994,53.77247,2,3,5,6,30,13.0,4.0,1.0,1,1.0,1,3,Morning,1.5,1,0,1,1
-0.17194,51.54797,2,1,5,6,20,13.0,4.0,1.0,1,1.0,1,10,Morning,0.5,1,0,2,1
-2.04501,52.45315,2,1,2,1,40,,4.0,1.0,1,1.0,1,7,Morning,0.5,1,0,4,4
-0.47191,52.13462,1,1,6,6,30,19.0,4.0,4.0,1,1.0,1,5,Evening,1.0,1,0,1,1
-3.26826,50.67664,2,1,7,6,60,0.0,,1.0,2,2.0,2,11,Afternoon,0.5,0,1,1,0
0.87428,52.89833,2,1,6,6,30,0.0,,1.0,1,1.0,2,4,Evening,0.5,1,0,1,1
-0.34492,51.57687,1,1,5,6,30,0.0,,4.0,2,2.0,1,5,Evening,1.0,0,0,2,0
-1.88096,52.50487,2,2,1,7,50,0.0,,4.0,1,1.0,1,12,Evening,1.0,0,1,5,0
-1.55429,54.97502,1,1,5,6,30,16.0,2.0,1.0,1,1.0,1,5,Morning,1.0,1,0,3,1
-1.24989,52.936,2,1,2,6,40,13.0,4.0,4.0,1,2.0,1,1,Evening,0.5,1,0,4,1
-0.39128,51.65428,2,1,4,7,30,0.0,,1.0,1,1.0,1,3,Afternoon,0.5,1,0,4,1
-1.14413,52.99803,1,1,5,6,30,13.0,4.0,4.0,9,2.0,1,11,Afternoon,1.0,1,0,1,1
-2.09022,52.53228,2,2,5,6,30,16.0,3.0,1.0,1,2.0,1,10,Morning,1.0,1,0,4,3
-0.50249,53.26945,2,1,4,6,60,13.0,4.0,1.0,1,1.0,2,6,Morning,0.5,1,0,4,1
-0.17517,50.85753,3,2,5,1,40,0.0,,1.0,1,1.0,2,11,Afternoon,0.6666666666666666,1,0,4,4
-0.05613,51.37363,2,1,5,1,30,0.0,4.0,4.0,1,2.0,1,11,Afternoon,0.5,1,0,4,4
-4.09362,51.68898,3,2,4,6,30,13.0,4.0,1.0,1,1.0,1,6,Morning,0.6666666666666666,1,0,3,1
1.12526,51.25265,1,1,7,3,70,0.0,,6.0,1,1.0,2,9,Night,1.0,0,1,4,0
-2.93642,53.45033,2,2,5,3,40,16.0,2.0,1.0,1,1.0,1,3,Morning,1.0,1,0,4,3
-1.91573,52.44993,2,1,5,6,20,0.0,,1.0,1,1.0,1,5,Morning,0.5,1,0,1,1
-1.84342,51.64115,1,1,6,3,70,0.0,,1.0,1,1.0,2,11,Morning,1.0,0,0,4,0
-3.48543,50.99206,2,1,1,6,30,13.0,4.0,1.0,1,1.0,2,6,Afternoon,0.5,1,0,3,3
-2.18296,51.47223,2,1,4,6,60,13.0,4.0,6.0,1,2.0,2,2,Afternoon,0.5,1,0,4,1
-0.03727,51.64673,2,1,2,6,30,13.0,4.0,1.0,8,1.0,1,9,Morning,0.5,1,0,1,4
-0.49347,51.92409,3,5,7,3,70,0.0,,1.0,1,1.0,2,9,Morning,1.6666666666666667,1,0,6,6
-2.8879,53.34774,2,2,1,6,30,13.0,4.0,5.0,1,1.0,1,1,Afternoon,1.0,1,0,1,1
-2.56073,51.4289,2,1,3,6,30,0.0,,1.0,1,2.0,1,10,Morning,0.5,0,0,4,0
-1.87392,52.55094,2,2,6,3,30,16.0,2.0,4.0,1,1.0,1,1,Evening,1.0,1,0,3,1
-0.61873,50.79887,2,1,1,6,30,17.0,4.0,1.0,1,1.0,1,6,Evening,0.5,1,0,3,1
-1.70406,52.19179,1,2,5,6,30,0.0,,1.0,1,2.0,1,9,Afternoon,2.0,1,0,1,1
-1.72052,52.47983,1,1,5,6,30,0.0,,1.0,1,1.0,1,4,Afternoon,1.0,0,1,1,0
-0.38252,52.74319,2,1,2,6,30,13.0,4.0,1.0,9,1.0,2,1,Morning,0.5,1,0,2,1
-4.40409,50.42142,2,1,3,3,70,0.0,,1.0,2,2.0,2,2,Morning,0.5,0,1,4,0
-2.52848,53.51223,1,1,2,6,20,13.0,2.0,1.0,1,1.0,1,9,Afternoon,1.0,1,0,1,1
-0.68504,51.34094,1,1,5,6,50,0.0,,1.0,2,2.0,2,2,Afternoon,1.0,0,1,3,0
-3.23135,54.12777,1,1,7,6,30,0.0,,1.0,1,1.0,1,7,Morning,1.0,1,0,1,1
-0.49003,51.63425,2,1,1,6,30,0.0,,1.0,1,1.0,1,6,Evening,0.5,1,0,4,1
-1.76556,53.81694,2,1,3,6,40,0.0,,1.0,1,1.0,1,9,Morning,0.5,0,1,4,0
0.95197,51.91221,2,1,5,6,40,0.0,,1.0,1,1.0,2,12,Afternoon,0.5,1,0,4,1
1.41741,51.3566,2,1,3,1,30,,4.0,1.0,2,2.0,1,3,Afternoon,0.5,1,0,1,1
-1.5823,54.96033,2,1,4,3,40,16.0,2.0,1.0,1,1.0,1,11,Morning,0.5,1,0,1,4
-0.1999,51.44985,2,1,4,1,20,0.0,4.0,1.0,1,1.0,1,1,Afternoon,0.5,1,0,4,2
-0.06717,51.39403,2,1,4,6,30,,4.0,1.0,9,9.0,1,9,Afternoon,0.5,1,0,4,1
-1.09847,53.52733,2,2,1,6,30,19.0,4.0,1.0,1,1.0,1,6,Afternoon,1.0,1,0,1,1
0.10806,51.65859,2,1,1,3,70,0.0,,1.0,4,1.0,2,11,Morning,0.5,1,0,6,4
-2.6346,53.80149,2,3,5,6,40,0.0,,7.0,2,2.0,1,9,Evening,1.5,1,0,3,1
-0.0172,51.50435,2,1,2,9,20,,9.0,1.0,1,2.0,1,12,Morning,0.5,1,0,1,1
-2.65435,51.20324,3,1,4,6,30,0.0,,1.0,2,1.0,1,11,Afternoon,0.3333333333333333,0,0,4,0
-1.68498,52.64691,3,1,5,6,30,0.0,,1.0,1,1.0,1,7,Evening,0.3333333333333333,1,0,3,1
-1.83701,52.42168,2,1,5,6,30,,4.0,1.0,1,1.0,1,12,Morning,0.5,1,0,1,4
0.54132,51.56622,2,1,7,1,30,,4.0,1.0,1,1.0,2,5,Evening,0.5,1,0,4,4
0.39459,51.27996,2,1,2,1,40,,4.0,1.0,1,1.0,2,4,Afternoon,0.5,1,0,4,1
-1.86966,52.52473,2,1,5,6,30,13.0,4.0,1.0,1,1.0,1,11,Morning,0.5,1,0,1,4
-1.8266,52.45542,4,1,7,3,30,0.0,,1.0,1,1.0,1,2,Afternoon,0.25,1,0,4,1
-3.27184,51.56081,2,1,7,3,30,0.0,4.0,1.0,1,1.0,2,9,Morning,0.5,1,0,4,1
-0.10621,51.44062,2,1,5,7,20,13.0,2.0,1.0,8,1.0,1,5,Morning,0.5,1,0,4,1
0.52206,50.99046,2,3,6,6,60,13.0,4.0,1.0,1,1.0,2,9,Afternoon,1.5,1,0,3,1
0.79452,51.99081,2,4,5,9,60,0.0,,1.0,2,2.0,2,4,Afternoon,2.0,1,0,1,1
-0.96598,51.43111,2,1,2,6,30,13.0,4.0,1.0,1,1.0,1,4,Afternoon,0.5,1,0,1,1
-1.53647,53.80718,2,1,3,6,30,0.0,,1.0,8,1.0,1,7,Morning,0.5,1,0,4,1
-2.09389,51.90176,2,1,1,6,30,0.0,,1.0,1,1.0,1,7,Afternoon,0.5,1,0,1,1
-0.23546,51.67745,3,1,6,3,70,0.0,,1.0,2,2.0,2,2,Afternoon,0.3333333333333333,0,1,4,0
-0.10294,53.30758,2,2,7,6,60,0.0,,6.0,2,2.0,2,9,Night,1.0,0,0,1,0
-0.06131,51.47396,2,1,1,6,20,13.0,4.0,4.0,1,1.0,1,1,Afternoon,0.5,1,0,4,1
-1.9322,51.98566,2,1,6,6,60,0.0,,1.0,1,1.0,2,8,Afternoon,0.5,1,0,3,1
-1.14285,53.97283,2,1,4,1,40,0.0,4.0,1.0,1,1.0,2,9,Morning,0.5,1,0,4,4
-2.07012,51.88033,3,1,3,6,30,17.0,4.0,4.0,1,1.0,1,11,Afternoon,0.3333333333333333,1,0,1,1
-2.26623,52.37616,1,1,3,6,30,0.0,,1.0,1,1.0,1,3,Evening,1.0,1,0,1,1
-1.64788,53.80766,2,1,6,6,30,13.0,4.0,1.0,1,1.0,1,5,Morning,0.5,1,0,1,1
0.63923,51.15551,2,1,3,6,60,0.0,,1.0,1,1.0,2,4,Afternoon,0.5,1,0,1,1
-0.71982,51.08827,2,1,6,6,30,,4.0,1.0,1,1.0,1,10,Afternoon,0.5,1,0,3,1
0.17771,51.58988,3,1,6,3,50,0.0,,1.0,1,1.0,1,3,Morning,0.3333333333333333,0,0,4,0
-3.80874,56.15286,3,1,3,6,20,0.0,,4.0,1,1.0,1,11,Afternoon,0.3333333333333333,1,0,4,4
-1.47104,52.85329,1,1,5,6,40,13.0,4.0,1.0,2,2.0,2,2,Afternoon,1.0,1,0,4,1
1.27773,52.06564,2,1,1,3,30,0.0,,1.0,1,2.0,2,6,Afternoon,0.5,1,0,1,1
-4.06967,52.39865,1,1,4,6,20,13.0,4.0,1.0,1,1.0,1,5,Morning,1.0,1,0,4,4
-2.61897,53.83005,2,1,4,6,40,0.0,,7.0,2,2.0,2,3,Evening,0.5,1,0,3,1
0.23883,50.82798,2,1,1,1,50,,4.0,1.0,2,2.0,2,3,Afternoon,0.5,1,0,4,4
-0.17959,51.58565,1,1,6,6,30,13.0,4.0,4.0,1,2.0,1,12,Afternoon,1.0,1,0,4,1
-4.63495,55.6078,1,1,4,6,30,0.0,,1.0,1,1.0,1,5,Afternoon,1.0,1,0,3,1
-2.94399,53.50665,3,2,3,3,40,16.0,2.0,4.0,2,2.0,1,10,Evening,0.6666666666666666,1,0,4,1
0.56893,51.5345,1,1,3,3,30,0.0,,1.0,1,1.0,2,4,Afternoon,1.0,1,0,3,1
-4.03665,55.86567,1,1,1,6,20,0.0,,1.0,1,2.0,1,6,Afternoon,1.0,1,0,1,1
-1.24159,53.09833,3,1,2,6,30,0.0,,1.0,1,1.0,1,4,Evening,0.3333333333333333,1,0,3,1
-1.52636,53.57281,2,1,2,6,30,,4.0,1.0,1,1.0,1,7,Afternoon,0.5,1,0,4,1
0.02464,52.47678,1,1,5,6,50,0.0,,1.0,1,1.0,2,6,Morning,1.0,1,0,1,1
-2.45331,52.37991,1,1,4,6,60,0.0,,1.0,2,2.0,2,1,Afternoon,1.0,0,1,4,0
-0.07034,51.59027,2,1,2,9,20,13.0,4.0,1.0,8,1.0,1,9,Afternoon,0.5,1,0,1,4
-2.3659,53.75543,2,5,3,3,30,0.0,,1.0,1,1.0,1,8,Evening,2.5,1,0,4,1
-0.05987,51.40896,2,1,5,6,20,16.0,2.0,1.0,2,2.0,1,4,Evening,0.5,1,0,4,4
-0.62861,51.47951,2,1,2,7,30,18.0,4.0,1.0,1,1.0,1,2,Morning,0.5,1,0,3,1
-1.8882,52.49876,2,2,6,6,30,16.0,4.0,4.0,1,1.0,1,3,Evening,1.0,1,0,3,1
0.21147,51.38433,4,3,2,3,70,0.0,,1.0,1,1.0,2,1,Morning,0.75,1,0,6,6
-2.33721,53.40354,2,1,5,6,30,13.0,4.0,4.0,8,4.0,1,11,Morning,0.5,1,0,1,3
0.52162,50.93366,2,2,2,6,60,0.0,,1.0,1,1.0,2,10,Afternoon,1.0,0,1,4,0
0.14027,51.49058,2,1,2,6,30,13.0,4.0,1.0,1,1.0,1,10,Afternoon,0.5,1,0,3,1
-4.96623,51.72118,2,1,3,6,30,0.0,,1.0,1,1.0,2,9,Morning,0.5,1,0,4,1
0.44671,51.74077,2,1,1,6,30,0.0,,1.0,1,1.0,1,5,Evening,0.5,1,0,4,1
-0.31773,50.837,2,1,3,1,30,,4.0,1.0,1,1.0,1,3,Morning,0.5,1,0,1,4
-0.66832,51.34523,1,1,2,6,50,0.0,,1.0,1,1.0,2,5,Afternoon,1.0,1,0,3,1
-4.41322,55.84704,1,1,7,3,30,19.0,4.0,1.0,9,1.0,1,11,Morning,1.0,1,0,4,1
-0.10892,51.59534,1,1,3,6,20,0.0,,4.0,1,1.0,1,4,Evening,1.0,0,0,4,0
0.07441,51.52541,1,2,4,1,40,0.0,2.0,1.0,8,1.0,2,3,Afternoon,2.0,1,0,4,4
-0.18286,51.41418,2,1,3,1,20,0.0,4.0,1.0,8,2.0,1,7,Evening,0.5,1,0,4,1
-1.32112,52.06413,3,1,2,6,20,0.0,,1.0,1,1.0,1,3,Morning,0.3333333333333333,0,0,1,0
-2.12941,52.59599,2,1,3,1,30,0.0,,1.0,1,1.0,1,5,Evening,0.5,1,0,1,4
-1.45181,52.38321,2,1,5,3,70,0.0,,6.0,2,2.0,2,2,Afternoon,0.5,0,1,4,0
-0.97706,53.3406,1,1,4,6,60,0.0,,1.0,1,1.0,2,4,Afternoon,1.0,1,0,1,4
1.28867,51.11219,2,1,6,6,30,0.0,,4.0,1,2.0,1,11,Afternoon,0.5,1,0,1,1
0.2487,51.43921,2,1,3,6,30,16.0,4.0,1.0,1,1.0,1,7,Afternoon,0.5,1,0,3,1
-1.23039,54.67307,2,1,2,1,30,,4.0,4.0,1,1.0,1,4,Evening,0.5,1,0,1,1
-0.84967,53.5614,2,1,2,6,60,0.0,,1.0,2,2.0,2,4,Afternoon,0.5,1,0,1,1
-5.01196,51.98216,1,1,5,6,60,0.0,,1.0,2,2.0,2,2,Afternoon,1.0,0,1,4,0
-0.14411,51.50975,1,1,6,9,20,0.0,,1.0,9,9.0,1,3,Afternoon,1.0,0,0,1,0
-0.10908,51.57275,2,1,6,9,20,,9.0,1.0,9,1.0,1,9,Afternoon,0.5,1,0,1,1
-0.452,51.33904,2,1,6,6,40,13.0,4.0,1.0,8,1.0,2,9,Morning,0.5,1,0,4,1
-0.57706,51.18726,2,1,2,6,60,0.0,,1.0,1,1.0,2,3,Afternoon,0.5,1,0,1,1
-0.13936,51.58539,2,1,3,6,20,13.0,4.0,1.0,1,1.0,1,10,Afternoon,0.5,1,0,2,1
-0.41655,54.26138,2,1,6,6,30,16.0,2.0,4.0,1,1.0,1,12,Night,0.5,1,0,4,1
0.08087,51.56056,2,1,7,9,30,13.0,4.0,1.0,1,1.0,1,8,Afternoon,0.5,1,0,4,4
-1.54516,51.94196,2,1,4,6,20,13.0,4.0,1.0,1,1.0,2,7,Afternoon,0.5,1,0,4,1
-0.12187,51.55555,2,1,3,2,30,13.0,4.0,4.0,1,1.0,1,12,Afternoon,0.5,1,0,4,1
-3.53494,56.14104,1,1,1,6,60,0.0,,6.0,1,2.0,2,1,Evening,1.0,0,1,4,0
-0.01089,51.50989,1,1,2,9,20,13.0,4.0,1.0,1,1.0,1,5,Morning,1.0,1,0,1,1
-1.14503,53.53347,1,1,6,6,30,13.0,4.0,1.0,1,1.0,1,10,Afternoon,1.0,1,0,4,1
-0.05283,51.61381,2,1,4,6,30,13.0,3.0,1.0,1,1.0,1,4,Evening,0.5,1,0,3,1
-0.48753,53.12961,3,1,5,6,60,16.0,4.0,1.0,1,1.0,2,7,Morning,0.3333333333333333,1,0,4,3
-0.07681,52.33255,2,1,5,3,30,0.0,,1.0,2,2.0,1,2,Morning,0.5,1,0,4,1
-0.20125,51.12379,1,1,6,6,40,0.0,,4.0,1,1.0,1,2,Evening,1.0,1,0,1,1
-5.05473,50.2596,2,1,3,6,20,13.0,4.0,4.0,1,1.0,1,12,Morning,0.5,1,0,1,1
0.08405,51.53416,2,2,1,1,30,0.0,4.0,4.0,1,1.0,1,5,Evening,1.0,1,0,4,1
-0.23401,51.28878,2,2,2,6,30,16.0,2.0,1.0,1,1.0,1,2,Afternoon,1.0,1,0,3,3
-4.86282,51.66423,1,1,6,6,60,0.0,,1.0,1,2.0,2,12,Afternoon,1.0,0,1,4,0
-2.26782,53.44784,2,1,2,6,30,19.0,,1.0,9,,1,1,Afternoon,0.5,1,0,1,1
-1.89311,53.82216,3,3,1,6,40,0.0,,1.0,1,1.0,2,6,Morning,1.0,1,0,3,1
-2.62347,54.33125,2,4,2,6,60,16.0,4.0,1.0,1,1.0,2,3,Afternoon,2.0,1,0,6,4
-1.49491,52.44462,2,1,6,1,30,,4.0,4.0,1,1.0,1,1,Afternoon,0.5,1,0,1,1
-1.05255,50.82688,2,3,1,6,30,13.0,4.0,1.0,1,1.0,1,9,Afternoon,1.5,1,0,1,1
-1.19316,53.00526,1,1,2,1,30,,4.0,1.0,1,1.0,1,1,Morning,1.0,1,0,1,3
-1.75357,53.11785,3,1,1,6,50,13.0,4.0,1.0,1,1.0,2,5,Afternoon,0.3333333333333333,1,0,4,1
-0.45115,52.14643,1,1,3,6,20,0.0,,1.0,1,1.0,1,4,Afternoon,1.0,1,0,1,1
0.08014,52.5092,2,1,7,6,30,16.0,4.0,1.0,1,1.0,2,3,Afternoon,0.5,1,0,1,1
-0.07748,51.63476,2,1,2,6,30,0.0,,4.0,1,1.0,1,12,Evening,0.5,0,0,2,0
-2.18842,53.44266,2,1,2,6,30,13.0,4.0,4.0,1,1.0,1,6,Evening,0.5,1,0,1,1
-0.63699,52.30439,1,2,6,6,60,0.0,,6.0,8,2.0,2,12,Evening,2.0,0,1,1,0
-0.52845,51.4021,1,1,3,6,40,0.0,,1.0,1,1.0,2,2,Afternoon,1.0,1,0,3,1
0.03285,51.47303,2,1,2,6,20,0.0,,1.0,1,1.0,1,4,Afternoon,0.5,0,0,1,0
-1.83027,52.5877,2,1,3,1,30,,4.0,1.0,1,1.0,1,4,Morning,0.5,1,0,4,1
-0.96232,54.54945,2,1,2,6,60,0.0,,6.0,1,2.0,2,2,Evening,0.5,0,0,1,0
-2.55429,51.45191,2,1,2,6,30,13.0,2.0,1.0,1,1.0,1,4,Afternoon,0.5,1,0,1,1
-0.48124,51.52818,2,1,3,6,20,,9.0,1.0,1,1.0,1,9,Afternoon,0.5,1,0,4,1
-0.24897,51.48649,2,1,7,6,20,0.0,,1.0,1,1.0,2,11,Afternoon,0.5,0,0,1,0
0.38157,51.44134,1,1,6,6,30,16.0,4.0,4.0,1,2.0,1,2,Afternoon,1.0,1,0,1,1
-0.30235,51.4184,3,1,6,6,20,13.0,4.0,1.0,1,1.0,1,4,Afternoon,0.3333333333333333,1,0,1,4
-3.26337,53.31488,1,1,4,6,20,0.0,,4.0,1,1.0,2,6,Night,1.0,0,0,1,0
-3.1072,51.18112,2,2,3,6,50,0.0,,1.0,1,1.0,2,7,Morning,1.0,0,0,1,0
-0.51904,51.39784,3,2,6,6,40,0.0,,1.0,1,1.0,2,5,Afternoon,0.6666666666666666,1,0,3,1
-0.8085,53.07519,1,1,6,2,30,0.0,,1.0,1,1.0,1,6,Afternoon,1.0,1,0,1,1
-2.58684,53.39228,2,1,7,1,30,0.0,4.0,4.0,2,2.0,1,2,Morning,0.5,1,0,1,4
-0.25509,53.03124,2,1,7,6,30,0.0,,1.0,1,1.0,2,12,Morning,0.5,0,0,3,0
-2.79845,51.04446,2,1,5,6,40,13.0,4.0,1.0,1,1.0,2,8,Morning,0.5,1,0,3,1
-1.34706,53.79338,2,9,7,6,50,19.0,4.0,6.0,1,1.0,2,12,Afternoon,4.5,1,0,4,1
-1.61237,53.79478,3,2,1,6,30,13.0,4.0,1.0,1,1.0,1,6,Morning,0.6666666666666666,1,0,1,1
-0.7821,54.24526,2,2,5,6,30,13.0,4.0,1.0,8,2.0,2,5,Night,1.0,1,0,4,1
-0.05024,51.49466,2,1,3,6,20,13.0,4.0,4.0,2,2.0,1,2,Afternoon,0.5,1,0,4,1
-1.52976,54.79333,2,1,7,7,30,,2.0,4.0,1,1.0,2,3,Evening,0.5,1,0,5,4
-3.20184,51.6669,1,1,4,6,20,0.0,,1.0,1,1.0,1,12,Morning,1.0,0,0,1,0
-4.31217,55.85276,2,1,2,1,30,,4.0,1.0,1,1.0,1,7,Afternoon,0.5,1,0,4,4
0.46816,51.40895,1,1,7,1,60,0.0,,4.0,1,1.0,2,6,Evening,1.0,0,1,4,0
-3.05167,53.84976,2,1,6,6,30,19.0,4.0,1.0,1,1.0,1,8,Afternoon,0.5,1,0,1,1
-1.40536,50.92466,1,1,2,6,30,0.0,,1.0,1,1.0,1,8,Morning,1.0,0,0,4,0
-1.77077,51.54399,2,2,5,6,40,13.0,4.0,4.0,2,2.0,1,8,Evening,1.0,1,0,3,1
0.61329,51.59189,1,1,6,6,30,0.0,,1.0,1,1.0,1,9,Afternoon,1.0,1,0,3,1
-1.21101,50.84901,2,1,5,6,30,13.0,4.0,1.0,1,2.0,1,10,Morning,0.5,1,0,1,1
0.0527,51.67599,2,1,4,6,40,13.0,4.0,1.0,1,1.0,2,5,Night,0.5,1,0,4,1
-2.92834,54.89116,1,1,4,6,30,13.0,4.0,1.0,1,1.0,1,7,Afternoon,1.0,1,0,1,1
0.90215,51.91826,2,1,3,6,40,13.0,2.0,1.0,1,1.0,2,12,Morning,0.5,1,0,1,4
-1.77751,53.80315,2,1,1,6,30,17.0,4.0,4.0,2,2.0,1,3,Evening,0.5,1,0,4,1
0.82925,52.56246,1,1,1,6,30,13.0,4.0,1.0,2,2.0,2,9,Afternoon,1.0,1,0,4,1
-2.75787,54.27541,2,1,6,6,60,0.0,,1.0,1,1.0,2,7,Morning,0.5,1,0,1,1
-2.98375,53.26475,2,1,7,3,60,13.0,4.0,4.0,2,2.0,2,12,Evening,0.5,1,0,4,1
-2.52966,53.18784,2,3,6,1,30,0.0,4.0,1.0,1,2.0,1,1,Afternoon,1.5,1,0,1,1
-2.22065,53.41575,2,1,3,6,30,16.0,4.0,4.0,1,1.0,1,11,Evening,0.5,1,0,1,1
-0.60824,52.91518,2,1,7,6,30,0.0,,1.0,9,1.0,1,8,Afternoon,0.5,0,0,1,0
-0.10811,53.44398,2,1,2,6,60,0.0,,1.0,1,1.0,2,8,Afternoon,0.5,0,1,1,0
1.41912,51.36551,1,1,5,6,30,0.0,,4.0,2,2.0,1,2,Evening,1.0,1,0,1,1
-2.33417,50.69121,1,1,4,6,40,0.0,,1.0,2,2.0,2,11,Morning,1.0,0,0,3,0
-0.09599,51.61597,2,1,1,3,50,0.0,4.0,4.0,1,1.0,1,4,Evening,0.5,1,0,4,1
-0.78698,51.40933,2,1,5,6,40,0.0,2.0,1.0,1,1.0,2,4,Morning,0.5,1,0,4,1
-0.11892,53.30946,1,1,6,6,60,0.0,,1.0,1,2.0,2,12,Morning,1.0,0,0,2,0
-3.01513,51.60772,1,1,3,6,20,0.0,,1.0,1,1.0,2,6,Morning,1.0,0,0,1,0
-0.74936,51.27427,2,1,2,1,30,0.0,4.0,7.0,1,1.0,1,12,Afternoon,0.5,1,0,1,1
-3.04286,53.4197,1,1,3,6,20,0.0,,1.0,1,1.0,1,10,Afternoon,1.0,0,0,4,0
-0.14876,51.47227,4,1,5,6,20,16.0,2.0,1.0,1,1.0,1,8,Morning,0.25,1,0,4,1
-1.33284,53.1008,2,1,6,6,30,0.0,,1.0,1,1.0,1,10,Afternoon,0.5,0,0,3,0
-1.93984,52.43856,3,1,5,6,30,13.0,4.0,4.0,2,2.0,1,12,Afternoon,0.3333333333333333,1,0,4,1
-0.83799,54.15068,1,1,4,6,30,0.0,,1.0,1,1.0,2,7,Afternoon,1.0,0,0,1,0
-0.64161,51.48506,2,1,6,6,30,13.0,4.0,1.0,2,2.0,2,12,Morning,0.5,1,0,4,1
0.75318,51.33904,1,1,2,6,30,0.0,,1.0,1,1.0,1,6,Afternoon,1.0,0,1,1,0
-2.74249,53.35581,2,1,7,3,30,13.0,2.0,1.0,1,1.0,2,10,Afternoon,0.5,1,0,4,1
0.1156,51.41315,2,1,3,6,30,13.0,4.0,1.0,1,1.0,2,2,Afternoon,0.5,1,0,4,1
-4.46041,55.82905,2,1,1,6,30,0.0,,4.0,2,2.0,1,10,Evening,0.5,1,0,1,1
-2.69084,53.79671,2,1,3,6,30,0.0,,1.0,5,2.0,1,1,Afternoon,0.5,1,0,1,1
-1.89201,52.41468,2,1,6,6,30,0.0,,1.0,1,,1,6,Evening,0.5,1,0,1,1
-1.7092,52.4524,3,1,1,3,70,0.0,,1.0,1,1.0,1,12,Afternoon,0.3333333333333333,0,1,6,0
-1.46827,52.9158,2,1,5,6,30,0.0,,1.0,1,1.0,1,6,Afternoon,0.5,0,0,1,0
-1.59678,52.40723,4,2,2,6,30,13.0,4.0,1.0,1,1.0,2,7,Morning,0.5,1,0,1,1
-3.40242,53.33109,2,1,7,6,20,17.0,4.0,1.0,1,1.0,1,4,Morning,0.5,1,0,4,1
-2.41245,53.58981,1,1,3,6,30,13.0,4.0,1.0,1,1.0,1,4,Evening,1.0,1,0,4,1
-0.05685,51.64446,2,1,4,6,30,13.0,4.0,1.0,1,1.0,1,10,Morning,0.5,1,0,2,1
0.51454,51.01264,1,1,3,6,60,0.0,,6.0,4,2.0,2,1,Afternoon,1.0,0,1,3,0
-1.46134,53.57759,2,1,1,6,30,16.0,4.0,1.0,1,1.0,1,2,Afternoon,0.5,1,0,1,1
0.58315,51.33806,2,1,7,6,30,0.0,,1.0,1,1.0,1,3,Afternoon,0.5,1,0,1,1
-1.2446,53.13935,2,1,4,6,30,17.0,4.0,1.0,1,1.0,1,8,Afternoon,0.5,1,0,1,3
-0.0521,51.4375,3,1,7,6,20,0.0,,1.0,1,1.0,1,2,Morning,0.3333333333333333,0,0,3,0
-0.60776,51.97244,2,1,4,6,60,13.0,4.0,1.0,8,2.0,2,4,Evening,0.5,1,0,1,3
-2.01965,54.08033,2,1,1,6,60,0.0,,1.0,1,1.0,2,10,Afternoon,0.5,0,0,1,0
-2.70905,51.61736,1,1,7,3,50,0.0,,1.0,1,1.0,2,9,Evening,1.0,0,0,6,0
-1.15432,52.63487,2,1,1,6,30,13.0,4.0,1.0,1,1.0,1,2,Afternoon,0.5,1,0,2,1
-2.07697,51.89133,3,1,5,6,30,0.0,,1.0,1,1.0,1,3,Morning,0.3333333333333333,1,0,4,4
-0.27303,51.40808,2,1,3,6,20,18.0,4.0,1.0,9,9.0,1,4,Evening,0.5,1,0,1,1
-2.08635,52.5119,2,2,3,2,30,19.0,4.0,4.0,7,2.0,1,11,Afternoon,1.0,1,0,3,1
-0.09875,51.61553,1,3,5,3,40,13.0,4.0,1.0,1,1.0,1,7,Afternoon,3.0,1,0,4,1
-0.98336,51.42654,2,1,5,3,30,13.0,4.0,1.0,9,2.0,2,12,Morning,0.5,1,0,1,1
-1.42252,54.88488,2,1,3,3,30,16.0,2.0,4.0,1,1.0,1,11,Evening,0.5,1,0,4,1
-0.27189,51.55595,1,1,5,6,30,19.0,4.0,1.0,1,1.0,1,1,Afternoon,1.0,1,0,3,1
-1.46753,53.30505,1,1,6,6,30,13.0,4.0,1.0,1,1.0,1,11,Afternoon,1.0,1,0,1,1
-1.146,52.95834,2,1,5,6,30,13.0,2.0,1.0,1,1.0,1,2,Morning,0.5,1,0,4,4
-1.4102,52.88167,1,1,1,6,60,0.0,,1.0,2,2.0,2,5,Night,1.0,0,0,2,0
-1.67981,54.99499,2,1,5,3,30,0.0,,1.0,1,1.0,1,10,Morning,0.5,0,1,4,0
-0.03384,51.52184,2,1,3,2,20,13.0,4.0,1.0,1,1.0,1,3,Afternoon,0.5,1,0,4,2
-0.44721,53.72881,2,1,2,3,40,13.0,4.0,1.0,1,1.0,1,1,Morning,0.5,1,0,4,1
-0.19257,51.12002,2,1,5,6,30,19.0,4.0,1.0,1,1.0,1,6,Afternoon,0.5,1,0,1,1
-2.07841,52.58989,2,1,1,6,30,13.0,4.0,4.0,1,1.0,1,6,Evening,0.5,1,0,1,1
-0.42579,51.65204,2,1,3,1,30,,4.0,1.0,2,2.0,2,5,Morning,0.5,1,0,1,4
-1.31599,53.82111,1,1,2,6,60,0.0,,1.0,1,1.0,2,5,Morning,1.0,1,0,1,1
-2.19375,53.47628,3,2,3,3,30,16.0,2.0,4.0,8,2.0,1,1,Evening,0.6666666666666666,1,0,1,4
-0.13026,51.64269,2,1,5,1,30,0.0,4.0,1.0,1,1.0,1,8,Morning,0.5,1,0,2,2
-0.45128,52.11368,3,2,4,3,70,0.0,,1.0,1,1.0,1,6,Afternoon,0.6666666666666666,1,0,4,1
-0.18617,51.39888,1,1,2,6,30,0.0,,1.0,1,1.0,1,9,Afternoon,1.0,0,0,4,0
0.00873,51.51473,2,1,3,1,30,19.0,2.0,1.0,1,1.0,1,1,Morning,0.5,1,0,4,4
-0.73446,51.27446,1,1,2,3,70,0.0,4.0,7.0,2,2.0,2,9,Morning,1.0,1,0,4,1
-0.82127,51.32371,2,2,6,6,60,0.0,,6.0,1,1.0,2,3,Evening,1.0,0,0,4,0
-0.74353,51.31578,1,1,4,6,30,0.0,,1.0,2,2.0,1,11,Morning,1.0,0,1,4,0
-0.13894,51.14921,2,1,6,6,60,13.0,4.0,1.0,1,1.0,2,6,Morning,0.5,1,0,1,1
0.44004,52.08875,2,1,2,6,30,13.0,4.0,1.0,1,1.0,1,6,Morning,0.5,1,0,1,1
-0.97731,51.45647,1,1,7,1,30,0.0,4.0,4.0,2,2.0,1,2,Evening,1.0,1,0,4,1
-1.91167,50.72575,2,1,7,6,20,18.0,4.0,1.0,1,1.0,1,6,Afternoon,0.5,1,0,1,1
1.22828,51.33356,2,12,6,6,60,0.0,,1.0,1,1.0,2,8,Afternoon,6.0,0,1,4,0
-1.39592,50.93945,2,1,2,6,20,0.0,,1.0,1,1.0,1,8,Afternoon,0.5,0,0,1,0
-4.07497,51.66317,2,1,3,6,20,0.0,,1.0,2,2.0,1,5,Evening,0.5,0,0,3,0
-2.25292,53.51036,1,1,7,6,30,16.0,4.0,1.0,1,1.0,1,9,Afternoon,1.0,1,0,4,1
-1.23245,52.9631,2,1,4,1,30,,4.0,4.0,1,1.0,1,5,Evening,0.5,1,0,1,1
-0.21863,51.92784,2,3,2,1,30,,2.0,4.0,2,2.0,2,9,Evening,1.5,1,0,4,3
-1.43182,54.33863,1,1,1,6,30,0.0,,1.0,1,1.0,1,4,Night,1.0,0,0,1,0
-0.6808,53.25227,2,1,6,6,60,16.0,4.0,1.0,1,1.0,2,9,Afternoon,0.5,1,0,3,2
-2.17298,52.38175,2,1,3,6,60,16.0,4.0,1.0,1,1.0,2,8,Morning,0.5,1,0,4,1
-2.25814,53.8193,1,1,3,6,60,0.0,,6.0,3,3.0,2,1,Morning,1.0,0,1,1,0
-2.35747,52.86349,2,1,7,6,60,0.0,,1.0,1,1.0,2,2,Morning,0.5,0,1,1,0
-1.24413,53.10574,2,1,3,6,30,0.0,,1.0,1,1.0,1,7,Evening,0.5,1,0,1,1
-2.96766,53.39604,2,1,3,6,30,16.0,2.0,1.0,1,1.0,1,9,Morning,0.5,1,0,4,4
-1.35949,53.53441,1,1,1,3,30,0.0,,4.0,2,2.0,1,12,Afternoon,1.0,1,0,4,1
0.42703,51.51436,1,1,7,6,30,13.0,4.0,1.0,1,1.0,1,10,Afternoon,1.0,1,0,1,1
-2.24291,52.16754,2,1,3,1,40,,4.0,1.0,1,1.0,2,2,Afternoon,0.5,1,0,4,4
-1.66808,53.67754,2,1,1,6,30,13.0,4.0,1.0,1,1.0,1,12,Morning,0.5,1,0,4,1
-1.50456,54.77453,2,1,2,6,30,19.0,4.0,1.0,1,1.0,2,9,Evening,0.5,1,0,1,3
-1.65647,54.96466,2,2,6,3,50,16.0,2.0,1.0,1,1.0,1,12,Morning,1.0,1,0,4,1
-0.3201,51.50609,2,1,5,9,20,13.0,4.0,1.0,1,9.0,1,9,Afternoon,0.5,1,0,1,1
-0.88521,52.21724,2,1,4,3,60,0.0,,4.0,1,1.0,2,1,Evening,0.5,0,1,4,0
-1.88624,50.76791,2,1,5,6,30,18.0,4.0,4.0,1,1.0,1,1,Afternoon,0.5,1,0,1,1
-3.99468,51.78452,2,1,6,6,20,0.0,,1.0,1,1.0,1,5,Morning,0.5,0,1,1,0
0.77511,51.42177,2,1,1,6,30,0.0,,1.0,1,1.0,1,9,Afternoon,0.5,1,0,4,1
-1.66556,55.00183,2,1,3,6,30,0.0,,1.0,2,2.0,1,7,Afternoon,0.5,0,1,4,0
-1.1473,52.94739,2,1,7,6,20,16.0,2.0,1.0,1,1.0,1,9,Afternoon,0.5,1,0,1,1
-3.91646,55.83896,2,1,6,3,70,0.0,,1.0,5,2.0,2,3,Afternoon,0.5,1,0,6,6
-1.87942,53.93966,2,2,6,3,60,0.0,,1.0,2,2.0,2,3,Afternoon,1.0,0,1,4,0
-1.34904,53.42728,2,1,7,6,30,13.0,4.0,4.0,1,1.0,1,10,Evening,0.5,1,0,4,1
-1.12364,53.53332,4,2,7,3,30,16.0,2.0,1.0,1,1.0,1,10,Afternoon,0.5,1,0,4,1
-1.58738,54.7382,2,1,6,6,40,0.0,,1.0,1,1.0,2,11,Morning,0.5,0,1,4,0
-1.15672,52.97781,2,2,4,6,30,13.0,4.0,1.0,1,1.0,1,6,Evening,1.0,1,0,4,1
-0.18745,50.85096,2,1,4,6,20,0.0,,4.0,1,1.0,1,8,Evening,0.5,1,0,1,1
-2.00019,52.40901,1,1,5,6,30,0.0,,1.0,2,2.0,1,8,Afternoon,1.0,0,1,1,0
0.13052,51.45868,2,1,6,6,20,,9.0,1.0,1,1.0,1,8,Evening,0.5,1,0,4,2
-2.74018,52.06167,2,1,2,6,30,0.0,,1.0,1,1.0,1,7,Evening,0.5,1,0,4,1
-0.03427,51.1267,1,1,5,6,60,0.0,,6.0,1,1.0,1,2,Evening,1.0,1,0,1,1
-2.76964,52.51892,1,1,2,6,60,0.0,,6.0,1,1.0,2,7,Night,1.0,1,0,1,1
-0.54105,51.49176,2,1,3,7,40,0.0,2.0,1.0,1,1.0,2,4,Morning,0.5,1,0,6,4
-2.01515,51.97209,1,1,5,6,60,0.0,,6.0,1,1.0,2,8,Evening,1.0,1,0,1,1
-0.37634,50.83048,2,1,6,6,30,13.0,4.0,4.0,1,2.0,1,1,Evening,0.5,1,0,1,1
-2.59372,51.40708,2,4,2,6,30,13.0,2.0,4.0,8,2.0,1,12,Evening,2.0,1,0,1,1
-2.25797,53.42271,2,1,2,3,30,0.0,,1.0,1,,1,2,Morning,0.5,1,0,4,1
-0.4454,51.51983,3,4,2,6,30,0.0,,4.0,8,2.0,1,1,Evening,1.3333333333333333,0,0,4,0
-0.11632,50.81858,1,1,5,6,30,13.0,4.0,1.0,2,2.0,1,3,Morning,1.0,1,0,1,1
-2.96305,52.69931,3,1,1,6,50,19.0,4.0,1.0,1,1.0,2,5,Afternoon,0.3333333333333333,1,0,4,1
-1.38096,52.95536,2,1,3,6,30,18.0,4.0,1.0,2,2.0,2,1,Morning,0.5,1,0,1,1
-0.33711,51.22253,1,1,5,6,30,0.0,,1.0,1,1.0,1,10,Afternoon,1.0,1,0,1,1
-2.23466,51.2686,2,1,2,6,60,16.0,4.0,6.0,1,1.0,2,8,Afternoon,0.5,1,0,1,1
-2.66951,51.62396,2,1,4,1,20,0.0,4.0,4.0,1,1.0,1,12,Morning,0.5,1,0,1,1
-0.16469,51.61487,2,1,6,6,20,13.0,4.0,1.0,9,9.0,1,10,Afternoon,0.5,1,0,1,1
-1.15923,52.56505,1,1,3,6,30,0.0,,1.0,1,1.0,1,8,Afternoon,1.0,0,1,2,0
-1.39016,53.53138,1,1,5,6,30,0.0,,1.0,1,1.0,1,10,Afternoon,1.0,1,0,1,1
0.00946,51.45683,1,1,4,6,20,13.0,4.0,4.0,1,1.0,1,3,Evening,1.0,1,0,4,1
-1.78715,53.76437,1,1,7,6,30,0.0,,4.0,1,1.0,1,6,Evening,1.0,1,0,1,1
-0.30759,51.43026,1,1,3,3,30,0.0,,1.0,1,1.0,1,5,Morning,1.0,0,0,1,0
-0.456,52.92104,2,1,6,6,60,0.0,,1.0,1,1.0,2,4,Afternoon,0.5,0,0,4,0
-3.16643,51.52863,1,1,7,6,20,0.0,,1.0,1,1.0,1,9,Evening,1.0,0,0,1,0
-1.09719,50.78865,1,1,4,6,30,13.0,4.0,1.0,1,1.0,1,6,Evening,1.0,1,0,4,4
0.50648,51.34209,2,2,6,1,40,0.0,,1.0,1,1.0,1,3,Morning,1.0,1,0,4,4
-0.18816,51.98902,2,2,6,6,30,19.0,4.0,1.0,1,1.0,1,9,Afternoon,1.0,1,0,1,1
-3.1576,53.40199,2,1,1,6,30,0.0,,1.0,2,2.0,1,9,Afternoon,0.5,0,0,1,0
-0.36417,50.81215,2,1,3,6,30,13.0,4.0,4.0,5,2.0,1,1,Afternoon,0.5,1,0,4,1
-3.39317,56.27257,2,1,5,3,70,0.0,,1.0,1,1.0,2,1,Morning,0.5,0,1,6,0
-0.50639,51.87603,1,1,1,6,40,0.0,,1.0,1,1.0,1,10,Afternoon,1.0,0,1,4,0
-2.85235,53.55428,2,1,4,6,60,13.0,4.0,1.0,1,1.0,2,7,Afternoon,0.5,1,0,1,1
-1.34934,53.67039,2,1,1,6,30,0.0,,4.0,1,1.0,1,12,Evening,0.5,1,0,3,1
0.1277,51.53901,1,1,5,6,20,0.0,4.0,1.0,1,1.0,1,3,Afternoon,1.0,1,0,2,2
-0.57148,53.73361,2,1,4,6,30,0.0,,1.0,9,,2,10,Morning,0.5,1,0,1,1
-0.11885,51.51234,2,1,5,6,20,0.0,,1.0,1,1.0,1,7,Afternoon,0.5,0,0,4,0
-0.16177,51.62765,2,1,6,6,30,0.0,4.0,1.0,1,1.0,1,9,Morning,0.5,1,0,4,2
-0.47963,51.34,2,1,7,1,30,,4.0,1.0,1,1.0,1,8,Afternoon,0.5,1,0,1,4
0.00098,51.40059,2,1,5,2,30,13.0,4.0,4.0,1,2.0,1,8,Evening,0.5,1,0,1,1
-0.12301,52.79774,2,1,4,6,40,0.0,4.0,1.0,1,2.0,2,5,Afternoon,0.5,1,0,4,4
-0.40666,54.28121,2,2,7,6,30,16.0,2.0,4.0,1,1.0,1,3,Evening,1.0,1,0,4,3
-0.29377,53.77864,2,2,5,6,30,,4.0,1.0,1,2.0,1,12,Afternoon,1.0,1,0,1,3
-2.90984,53.82782,2,1,3,6,50,13.0,4.0,5.0,2,2.0,2,8,Afternoon,0.5,1,0,4,1
-2.17257,53.14727,2,1,7,6,30,18.0,4.0,1.0,1,2.0,2,6,Morning,0.5,1,0,4,1
-1.69832,54.83836,2,1,5,6,60,0.0,,1.0,1,1.0,2,3,Morning,0.5,1,0,1,1
0.50186,51.39143,2,1,3,3,30,13.0,2.0,4.0,1,1.0,1,7,Evening,0.5,1,0,1,4
-0.20206,51.5155,1,1,1,6,20,16.0,4.0,1.0,1,1.0,1,8,Morning,1.0,1,0,1,1
-0.44697,53.72868,2,1,6,3,40,13.0,4.0,1.0,1,1.0,1,3,Morning,0.5,1,0,4,1
-2.02206,53.09515,1,1,6,1,30,,4.0,1.0,1,1.0,2,6,Evening,1.0,1,0,4,1
-2.99782,53.46356,1,1,2,6,30,13.0,4.0,1.0,1,1.0,1,10,Afternoon,1.0,1,0,1,1
-1.77528,53.64779,1,1,1,6,30,0.0,,1.0,1,1.0,1,3,Afternoon,1.0,1,0,1,1
-0.2536,51.55867,2,1,2,3,40,17.0,4.0,1.0,1,1.0,1,8,Afternoon,0.5,1,0,4,4
0.21735,51.56292,1,1,3,6,30,13.0,2.0,4.0,2,2.0,1,4,Evening,1.0,1,0,1,4
0.12363,52.19833,2,1,3,6,20,0.0,,1.0,1,1.0,1,9,Afternoon,0.5,1,0,1,4
-0.2052,51.12629,1,1,5,6,30,0.0,,4.0,2,2.0,1,5,Night,1.0,1,0,1,1
-1.4514,52.9342,2,2,2,6,30,0.0,,1.0,4,2.0,1,1,Afternoon,1.0,0,0,1,0
-1.67005,53.63487,2,1,5,6,50,0.0,,1.0,1,1.0,2,3,Afternoon,0.5,0,1,4,0
1.13071,52.07889,2,1,6,9,30,13.0,4.0,4.0,1,2.0,1,4,Evening,0.5,1,0,1,1
-0.06447,53.56707,1,1,4,6,30,13.0,4.0,1.0,9,1.0,1,3,Afternoon,1.0,1,0,1,1
-0.42573,51.33554,2,2,4,3,50,0.0,,1.0,1,2.0,2,12,Afternoon,1.0,0,1,4,0
1.12713,52.06681,2,1,1,6,30,13.0,2.0,4.0,1,1.0,1,1,Evening,0.5,1,0,3,1
-0.61673,52.28904,2,1,1,6,30,13.0,4.0,1.0,1,1.0,1,7,Morning,0.5,1,0,1,1
0.026,51.67786,2,1,4,3,70,0.0,,4.0,1,1.0,2,1,Afternoon,0.5,1,0,6,6
-1.20243,53.42168,2,2,1,6,30,16.0,4.0,1.0,1,1.0,1,5,Morning,1.0,1,0,4,1
-2.44706,53.7317,2,1,3,6,30,13.0,4.0,1.0,1,2.0,1,6,Afternoon,0.5,1,0,1,1
-1.83452,52.23191,1,1,7,6,30,13.0,4.0,6.0,1,1.0,2,8,Evening,1.0,1,0,3,1
-0.07205,51.57381,1,1,5,3,20,17.0,2.0,4.0,1,1.0,1,1,Evening,1.0,1,0,4,4
0.93404,52.66598,2,1,2,6,30,0.0,,4.0,1,2.0,1,12,Afternoon,0.5,0,1,1,0
-2.25912,53.75987,1,1,2,6,50,0.0,,1.0,1,1.0,2,4,Afternoon,1.0,1,0,4,1
-1.44092,53.49119,2,1,5,6,30,16.0,4.0,1.0,1,1.0,2,9,Morning,0.5,1,0,1,1
-3.42893,53.33366,2,1,5,6,20,13.0,4.0,1.0,1,1.0,1,4,Afternoon,0.5,1,0,1,1
0.04026,51.51933,2,4,1,3,50,0.0,,1.0,1,2.0,1,1,Morning,2.0,0,0,4,0
-0.89165,53.87658,2,6,1,6,60,16.0,4.0,1.0,1,1.0,2,5,Afternoon,3.0,1,0,3,1
-2.84381,53.40089,1,1,7,3,70,0.0,,1.0,2,2.0,1,8,Afternoon,1.0,0,0,6,0
-2.23569,53.44362,2,1,6,3,30,0.0,,1.0,1,1.0,1,7,Evening,0.5,1,0,4,1
-1.12607,52.95858,2,1,3,6,30,13.0,4.0,1.0,1,1.0,1,6,Morning,0.5,1,0,3,1
-1.6597,52.7402,2,2,3,6,60,0.0,,1.0,2,2.0,2,5,Afternoon,1.0,0,0,2,0
-1.36843,52.54208,1,1,1,6,20,0.0,,1.0,1,1.0,1,5,Afternoon,1.0,0,1,1,0
-0.85919,52.28947,2,1,2,6,20,13.0,4.0,4.0,1,1.0,1,10,Evening,0.5,1,0,2,2
-2.24247,51.85843,2,1,4,3,30,13.0,2.0,1.0,1,1.0,1,11,Afternoon,0.5,1,0,4,3
-3.4797,58.21001,1,1,5,6,60,0.0,,1.0,1,2.0,2,1,Morning,1.0,1,0,4,1
-1.53018,53.77433,2,1,7,6,30,13.0,4.0,1.0,1,1.0,1,3,Morning,0.5,1,0,1,1
-2.62808,53.67684,1,1,4,3,70,0.0,,1.0,1,1.0,2,4,Afternoon,1.0,0,1,6,0
